period;archetype;card_name;card_identifier;total_count;max_count;deck_inclusion_count;average_count;average_count_overall;total_decks_in_archetype;percentage_in_archetype;set_code;set_number;rarity;type;image_url;is_ace_spec;meta;tournament_id;tournament_date;date;total_decks_in_archetype_in_period
2026-W37;Slowking;Slowpoke;SCR 57;24;4;6;4,0;4,0;6;100,0;SCR;57;Common;Basic;https://limitlesstcg.nyc3.cdn.digitaloceanspaces.com/tpci/SCR/SCR_057_R_EN_LG.png;No;City League;569;20th September 2026;20th September 2026;6
2026-W37;Slowking;Slowking;SCR 58;18;3;6;3,0;3,0;6;100,0;SCR;58;Uncommon;Stage 1;https://limitlesstcg.nyc3.cdn.digitaloceanspaces.com/tpci/SCR/SCR_058_R_EN_LG.png;No;City League;569;20th September 2026;20th September 2026;6
2026-W37;Slowking;Mega Kangaskhan ex;MEG 104;22;4;6;3,67;3,67;6;100,0;MEG;104;Double Rare;Basic;https://limitlesstcg.nyc3.cdn.digitaloceanspaces.com/tpci/MEG/MEG_104_R_EN_LG.png;No;City League;569;20th September 2026;20th September 2026;6
2026-W37;Slowking;Latias ex;SSP 76;12;2;6;2,0;2,0;6;100,0;SSP;76;Double Rare;Basic;https://limitlesstcg.nyc3.cdn.digitaloceanspaces.com/tpci/SSP/SSP_076_R_EN_LG.png;No;City League;569;20th September 2026;20th September 2026;6
2026-W37;Slowking;Kyurem;SFA 47;12;2;6;2,0;2,0;6;100,0;SFA;47;Uncommon;Basic;https://limitlesstcg.nyc3.cdn.digitaloceanspaces.com/tpci/SFA/SFA_047_R_EN_LG.png;No;City League;569;20th September 2026;20th September 2026;6
2026-W37;Slowking;Metagross;CRI 61;12;2;6;2,0;2,0;6;100,0;CRI;61;Uncommon;Stage 2;https://limitlesstcg.nyc3.cdn.digitaloceanspaces.com/tpci/CRI/CRI_061_R_EN_LG.png;No;City League;569;20th September 2026;20th September 2026;6
2026-W37;Slowking;Annihilape;SSP 100;8;2;6;1,33;1,33;6;100,0;SSP;100;Uncommon;Stage 2;https://limitlesstcg.nyc3.cdn.digitaloceanspaces.com/tpci/SSP/SSP_100_R_EN_LG.png;No;City League;569;20th September 2026;20th September 2026;6
2026-W37;Slowking;Fezandipiti ex;ASC 142;6;1;6;1,0;1,0;6;100,0;ASC;142;Double Rare;Basic;https://limitlesstcg.nyc3.cdn.digitaloceanspaces.com/tpci/ASC/ASC_142_R_EN_LG.png;No;City League;569;20th September 2026;20th September 2026;6
2026-W37;Slowking;Meowth ex;POR 62;6;1;6;1,0;1,0;6;100,0;POR;62;Double Rare;Basic;https://limitlesstcg.nyc3.cdn.digitaloceanspaces.com/tpci/POR/POR_062_R_EN_LG.png;No;City League;569;20th September 2026;20th September 2026;6
2026-W37;Slowking;Lillie's Clefairy ex;JTG 56;6;1;6;1,0;1,0;6;100,0;JTG;56;Double Rare;Basic;https://limitlesstcg.nyc3.cdn.digitaloceanspaces.com/tpci/JTG/JTG_056_R_EN_LG.png;No;City League;569;20th September 2026;20th September 2026;6
2026-W37;Slowking;Shaymin;DRI 10;2;1;2;1,0;0,33;6;33,33;DRI;10;Uncommon;Basic;https://limitlesstcg.nyc3.cdn.digitaloceanspaces.com/tpci/DRI/DRI_010_R_EN_LG.png;No;City League;569;20th September 2026;20th September 2026;6
2026-W37;Slowking;Lillie's Determination;MEG 119;24;4;6;4,0;4,0;6;100,0;MEG;119;Uncommon;Supporter;https://limitlesstcg.nyc3.cdn.digitaloceanspaces.com/tpci/MEG/MEG_119_R_EN_LG.png;No;City League;569;20th September 2026;20th September 2026;6
2026-W37;Slowking;Ciphermaniac's Codebreaking;TEF 145;22;4;6;3,67;3,67;6;100,0;TEF;145;Uncommon;Supporter;https://limitlesstcg.nyc3.cdn.digitaloceanspaces.com/tpci/TEF/TEF_145_R_EN_LG.png;No;City League;569;20th September 2026;20th September 2026;6
2026-W37;Slowking;Poké Pad;POR 81;24;4;6;4,0;4,0;6;100,0;POR;81;Uncommon;Item;https://limitlesstcg.nyc3.cdn.digitaloceanspaces.com/tpci/POR/POR_081_R_EN_LG.png;No;City League;569;20th September 2026;20th September 2026;6
2026-W37;Slowking;Ultra Ball;MEG 131;22;4;6;3,67;3,67;6;100,0;MEG;131;Common;Item;https://limitlesstcg.nyc3.cdn.digitaloceanspaces.com/tpci/MEG/MEG_131_R_EN_LG.png;No;City League;569;20th September 2026;20th September 2026;6
2026-W37;Slowking;Wondrous Patch;PFL 94;18;3;6;3,0;3,0;6;100,0;PFL;94;Uncommon;Item;https://limitlesstcg.nyc3.cdn.digitaloceanspaces.com/tpci/PFL/PFL_094_R_EN_LG.png;No;City League;569;20th September 2026;20th September 2026;6
2026-W37;Slowking;Night Stretcher;ASC 196;14;3;6;2,33;2,33;6;100,0;ASC;196;Common;Item;https://limitlesstcg.nyc3.cdn.digitaloceanspaces.com/tpci/ASC/ASC_196_R_EN_LG.png;No;City League;569;20th September 2026;20th September 2026;6
2026-W37;Slowking;Sacred Ash;DRI 168;2;1;2;1,0;0,33;6;33,33;DRI;168;Uncommon;Item;https://limitlesstcg.nyc3.cdn.digitaloceanspaces.com/tpci/DRI/DRI_168_R_EN_LG.png;No;City League;569;20th September 2026;20th September 2026;6
2026-W37;Slowking;Switch;MEG 130;6;1;6;1,0;1,0;6;100,0;MEG;130;Common;Item;https://limitlesstcg.nyc3.cdn.digitaloceanspaces.com/tpci/MEG/MEG_130_R_EN_LG.png;No;City League;569;20th September 2026;20th September 2026;6
2026-W37;Slowking;Prime Catcher;TEF 157;4;1;4;1,0;0,67;6;66,67;TEF;157;Ultra Rare;Item;https://limitlesstcg.nyc3.cdn.digitaloceanspaces.com/tpci/TEF/TEF_157_R_EN_LG.png;Yes;City League;569;20th September 2026;20th September 2026;6
2026-W37;Slowking;Academy at Night;SFA 54;24;4;6;4,0;4,0;6;100,0;SFA;54;Uncommon;Stadium;https://limitlesstcg.nyc3.cdn.digitaloceanspaces.com/tpci/SFA/SFA_054_R_EN_LG.png;No;City League;569;20th September 2026;20th September 2026;6
2026-W37;Slowking;Telepathic Psychic Energy;POR 88;24;4;6;4,0;4,0;6;100,0;POR;88;Rare;Special Energy;https://limitlesstcg.nyc3.cdn.digitaloceanspaces.com/tpci/POR/POR_088_R_EN_LG.png;No;City League;569;20th September 2026;20th September 2026;6
2026-W37;Slowking;Psychic Energy;MEE 13;24;4;6;4,0;4,0;6;100,0;MEE;13;;Basic Energy;https://limitlesstcg.nyc3.cdn.digitaloceanspaces.com/tpci/MEE/MEE_005_R_EN_LG.png;No;City League;569;20th September 2026;20th September 2026;6
2026-W37;Slowking;Boomerang Energy;TWM 166;12;2;6;2,0;2,0;6;100,0;TWM;166;Uncommon;Special Energy;https://limitlesstcg.nyc3.cdn.digitaloceanspaces.com/tpci/TWM/TWM_166_R_EN_LG.png;No;City League;569;20th September 2026;20th September 2026;6
2026-W37;Slowking;Giratina;M6 31;2;1;2;1,0;0,33;6;33,33;M6;31;Rare;Basic;https://limitlesstcg.nyc3.cdn.digitaloceanspaces.com/tpc/M6/M6_31_R_JP_LG.png;No;City League;569;20th September 2026;20th September 2026;6
2026-W37;Slowking;Surfer;SSP 187;2;1;2;1,0;0,33;6;33,33;SSP;187;Uncommon;Supporter;https://limitlesstcg.nyc3.cdn.digitaloceanspaces.com/tpci/SSP/SSP_187_R_EN_LG.png;No;City League;569;20th September 2026;20th September 2026;6
2026-W37;Slowking;Unfair Stamp;TWM 165;2;1;2;1,0;0,33;6;33,33;TWM;165;Ultra Rare;Item;https://limitlesstcg.nyc3.cdn.digitaloceanspaces.com/tpci/TWM/TWM_165_R_EN_LG.png;Yes;City League;569;20th September 2026;20th September 2026;6
2026-W37;Slowking;Zeraora;DRI 78;2;1;2;1,0;0,33;6;33,33;DRI;78;Rare;Basic;https://limitlesstcg.nyc3.cdn.digitaloceanspaces.com/tpci/DRI/DRI_078_R_EN_LG.png;No;City League;569;20th September 2026;20th September 2026;6
2026-W37;Slowking;Budew;ASC 16;2;1;2;1,0;0,33;6;33,33;ASC;16;Common;Basic;https://limitlesstcg.nyc3.cdn.digitaloceanspaces.com/tpci/ASC/ASC_016_R_EN_LG.png;No;City League;569;20th September 2026;20th September 2026;6
2026-W37;Slowking;Colress's Tenacity;SFA 57;2;1;2;1,0;0,33;6;33,33;SFA;57;Uncommon;Supporter;https://limitlesstcg.nyc3.cdn.digitaloceanspaces.com/tpci/SFA/SFA_057_R_EN_LG.png;No;City League;569;20th September 2026;20th September 2026;6
2026-W37;Mega Excadrill;Beldum;TEF 113;8;4;2;4,0;4,0;2;100,0;TEF;113;Common;Basic;https://limitlesstcg.nyc3.cdn.digitaloceanspaces.com/tpci/TEF/TEF_113_R_EN_LG.png;No;City League;569;20th September 2026;20th September 2026;2
2026-W37;Mega Excadrill;Metang;TEF 114;8;4;2;4,0;4,0;2;100,0;TEF;114;Common;Stage 1;https://limitlesstcg.nyc3.cdn.digitaloceanspaces.com/tpci/TEF/TEF_114_R_EN_LG.png;No;City League;569;20th September 2026;20th September 2026;2
2026-W37;Mega Excadrill;Metagross;CRI 61;4;2;2;2,0;2,0;2;100,0;CRI;61;Uncommon;Stage 2;https://limitlesstcg.nyc3.cdn.digitaloceanspaces.com/tpci/CRI/CRI_061_R_EN_LG.png;No;City League;569;20th September 2026;20th September 2026;2
2026-W37;Mega Excadrill;Drilbur;PBL 46;6;3;2;3,0;3,0;2;100,0;PBL;46;Common;Basic;https://limitlesstcg.nyc3.cdn.digitaloceanspaces.com/tpci/PBL/PBL_046_R_EN_LG.png;No;City League;569;20th September 2026;20th September 2026;2
2026-W37;Mega Excadrill;Mega Excadrill ex;PBL 65;4;2;2;2,0;2,0;2;100,0;PBL;65;Double Rare;Stage 1;https://limitlesstcg.nyc3.cdn.digitaloceanspaces.com/tpci/PBL/PBL_065_R_EN_LG.png;No;City League;569;20th September 2026;20th September 2026;2
2026-W37;Mega Excadrill;Genesect ex;BLK 67;4;2;2;2,0;2,0;2;100,0;BLK;67;Double Rare;Basic;https://limitlesstcg.nyc3.cdn.digitaloceanspaces.com/tpci/BLK/BLK_067_R_EN_LG.png;No;City League;569;20th September 2026;20th September 2026;2
2026-W37;Mega Excadrill;Fezandipiti ex;ASC 142;2;1;2;1,0;1,0;2;100,0;ASC;142;Double Rare;Basic;https://limitlesstcg.nyc3.cdn.digitaloceanspaces.com/tpci/ASC/ASC_142_R_EN_LG.png;No;City League;569;20th September 2026;20th September 2026;2
2026-W37;Mega Excadrill;Team Rocket's Petrel;DRI 176;8;4;2;4,0;4,0;2;100,0;DRI;176;Uncommon;Supporter;https://limitlesstcg.nyc3.cdn.digitaloceanspaces.com/tpci/DRI/DRI_176_R_EN_LG.png;No;City League;569;20th September 2026;20th September 2026;2
2026-W37;Mega Excadrill;Lillie's Determination;MEG 119;6;3;2;3,0;3,0;2;100,0;MEG;119;Uncommon;Supporter;https://limitlesstcg.nyc3.cdn.digitaloceanspaces.com/tpci/MEG/MEG_119_R_EN_LG.png;No;City League;569;20th September 2026;20th September 2026;2
2026-W37;Mega Excadrill;Boss's Orders;MEG 114;6;3;2;3,0;3,0;2;100,0;MEG;114;Uncommon;Supporter;https://limitlesstcg.nyc3.cdn.digitaloceanspaces.com/tpci/MEG/MEG_114_R_EN_LG.png;No;City League;569;20th September 2026;20th September 2026;2
2026-W37;Mega Excadrill;Brock's Scouting;JTG 146;2;1;2;1,0;1,0;2;100,0;JTG;146;Uncommon;Supporter;https://limitlesstcg.nyc3.cdn.digitaloceanspaces.com/tpci/JTG/JTG_146_R_EN_LG.png;No;City League;569;20th September 2026;20th September 2026;2
2026-W37;Mega Excadrill;Buddy-Buddy Poffin;TEF 144;8;4;2;4,0;4,0;2;100,0;TEF;144;Uncommon;Item;https://limitlesstcg.nyc3.cdn.digitaloceanspaces.com/tpci/TEF/TEF_144_R_EN_LG.png;No;City League;569;20th September 2026;20th September 2026;2
2026-W37;Mega Excadrill;Pokégear 3.0;SVI 186;6;3;2;3,0;3,0;2;100,0;SVI;186;Common;Item;https://limitlesstcg.nyc3.cdn.digitaloceanspaces.com/tpci/SVI/SVI_186_R_EN_LG.png;No;City League;569;20th September 2026;20th September 2026;2
2026-W37;Mega Excadrill;Special Red Card;CRI 82;4;2;2;2,0;2,0;2;100,0;CRI;82;Uncommon;Item;https://limitlesstcg.nyc3.cdn.digitaloceanspaces.com/tpci/CRI/CRI_082_R_EN_LG.png;No;City League;569;20th September 2026;20th September 2026;2
2026-W37;Mega Excadrill;Energy Recycler;DRI 164;2;1;2;1,0;1,0;2;100,0;DRI;164;Uncommon;Item;https://limitlesstcg.nyc3.cdn.digitaloceanspaces.com/tpci/DRI/DRI_164_R_EN_LG.png;No;City League;569;20th September 2026;20th September 2026;2
2026-W37;Mega Excadrill;Jumbo Ice Cream;PFL 91;2;1;2;1,0;1,0;2;100,0;PFL;91;Uncommon;Item;https://limitlesstcg.nyc3.cdn.digitaloceanspaces.com/tpci/PFL/PFL_091_R_EN_LG.png;No;City League;569;20th September 2026;20th September 2026;2
2026-W37;Mega Excadrill;Iron Defender;MEG 118;2;1;2;1,0;1,0;2;100,0;MEG;118;Uncommon;Item;https://limitlesstcg.nyc3.cdn.digitaloceanspaces.com/tpci/MEG/MEG_118_R_EN_LG.png;No;City League;569;20th September 2026;20th September 2026;2
2026-W37;Mega Excadrill;Ultra Ball;MEG 131;2;1;2;1,0;1,0;2;100,0;MEG;131;Common;Item;https://limitlesstcg.nyc3.cdn.digitaloceanspaces.com/tpci/MEG/MEG_131_R_EN_LG.png;No;City League;569;20th September 2026;20th September 2026;2
2026-W37;Mega Excadrill;Precious Trolley;SSP 185;2;1;2;1,0;1,0;2;100,0;SSP;185;Ultra Rare;Item;https://limitlesstcg.nyc3.cdn.digitaloceanspaces.com/tpci/SSP/SSP_185_R_EN_LG.png;Yes;City League;569;20th September 2026;20th September 2026;2
2026-W37;Mega Excadrill;Gravity Mountain;SSP 177;2;1;2;1,0;1,0;2;100,0;SSP;177;Uncommon;Stadium;https://limitlesstcg.nyc3.cdn.digitaloceanspaces.com/tpci/SSP/SSP_177_R_EN_LG.png;No;City League;569;20th September 2026;20th September 2026;2
2026-W37;Mega Excadrill;Metal Energy;MEE 16;32;16;2;16,0;16,0;2;100,0;MEE;16;;Basic Energy;https://limitlesstcg.nyc3.cdn.digitaloceanspaces.com/tpci/MEE/MEE_008_R_EN_LG.png;No;City League;569;20th September 2026;20th September 2026;2
2026-W37;Dragapult Dudunsparce;Dreepy;TWM 128;24;4;6;4,0;4,0;6;100,0;TWM;128;Common;Basic;https://limitlesstcg.nyc3.cdn.digitaloceanspaces.com/tpci/TWM/TWM_128_R_EN_LG.png;No;City League;569;20th September 2026;20th September 2026;6
2026-W37;Dragapult Dudunsparce;Drakloak;TWM 129;24;4;6;4,0;4,0;6;100,0;TWM;129;Common;Stage 1;https://limitlesstcg.nyc3.cdn.digitaloceanspaces.com/tpci/TWM/TWM_129_R_EN_LG.png;No;City League;569;20th September 2026;20th September 2026;6
2026-W37;Dragapult Dudunsparce;Dragapult ex;TWM 130;18;3;6;3,0;3,0;6;100,0;TWM;130;Double Rare;Stage 2;https://limitlesstcg.nyc3.cdn.digitaloceanspaces.com/tpci/TWM/TWM_130_R_EN_LG.png;No;City League;569;20th September 2026;20th September 2026;6
2026-W37;Dragapult Dudunsparce;Dunsparce;JTG 120;14;3;6;2,33;2,33;6;100,0;JTG;120;Common;Basic;https://limitlesstcg.nyc3.cdn.digitaloceanspaces.com/tpci/JTG/JTG_120_R_EN_LG.png;No;City League;569;20th September 2026;20th September 2026;6
2026-W37;Dragapult Dudunsparce;Dudunsparce;TEF 129;8;2;6;1,33;1,33;6;100,0;TEF;129;Rare;Stage 1;https://limitlesstcg.nyc3.cdn.digitaloceanspaces.com/tpci/TEF/TEF_129_R_EN_LG.png;No;City League;569;20th September 2026;20th September 2026;6
2026-W37;Dragapult Dudunsparce;Dudunsparce ex;JTG 121;6;1;6;1,0;1,0;6;100,0;JTG;121;Double Rare;Stage 1;https://limitlesstcg.nyc3.cdn.digitaloceanspaces.com/tpci/JTG/JTG_121_R_EN_LG.png;No;City League;569;20th September 2026;20th September 2026;6
2026-W37;Dragapult Dudunsparce;Munkidori;TWM 95;10;2;6;1,67;1,67;6;100,0;TWM;95;Rare;Basic;https://limitlesstcg.nyc3.cdn.digitaloceanspaces.com/tpci/TWM/TWM_095_R_EN_LG.png;No;City League;569;20th September 2026;20th September 2026;6
2026-W37;Dragapult Dudunsparce;Budew;ASC 16;10;2;6;1,67;1,67;6;100,0;ASC;16;Common;Basic;https://limitlesstcg.nyc3.cdn.digitaloceanspaces.com/tpci/ASC/ASC_016_R_EN_LG.png;No;City League;569;20th September 2026;20th September 2026;6
2026-W37;Dragapult Dudunsparce;Fezandipiti ex;ASC 142;6;1;6;1,0;1,0;6;100,0;ASC;142;Double Rare;Basic;https://limitlesstcg.nyc3.cdn.digitaloceanspaces.com/tpci/ASC/ASC_142_R_EN_LG.png;No;City League;569;20th September 2026;20th September 2026;6
2026-W37;Dragapult Dudunsparce;Meowth ex;POR 62;6;1;6;1,0;1,0;6;100,0;POR;62;Double Rare;Basic;https://limitlesstcg.nyc3.cdn.digitaloceanspaces.com/tpci/POR/POR_062_R_EN_LG.png;No;City League;569;20th September 2026;20th September 2026;6
2026-W37;Dragapult Dudunsparce;Lillie's Determination;MEG 119;24;4;6;4,0;4,0;6;100,0;MEG;119;Uncommon;Supporter;https://limitlesstcg.nyc3.cdn.digitaloceanspaces.com/tpci/MEG/MEG_119_R_EN_LG.png;No;City League;569;20th September 2026;20th September 2026;6
2026-W37;Dragapult Dudunsparce;Boss's Orders;MEG 114;18;3;6;3,0;3,0;6;100,0;MEG;114;Uncommon;Supporter;https://limitlesstcg.nyc3.cdn.digitaloceanspaces.com/tpci/MEG/MEG_114_R_EN_LG.png;No;City League;569;20th September 2026;20th September 2026;6
2026-W37;Dragapult Dudunsparce;Crispin;SCR 133;12;2;6;2,0;2,0;6;100,0;SCR;133;Uncommon;Supporter;https://limitlesstcg.nyc3.cdn.digitaloceanspaces.com/tpci/SCR/SCR_133_R_EN_LG.png;No;City League;569;20th September 2026;20th September 2026;6
2026-W37;Dragapult Dudunsparce;Rosa's Encouragement;POR 84;6;1;6;1,0;1,0;6;100,0;POR;84;Uncommon;Supporter;https://limitlesstcg.nyc3.cdn.digitaloceanspaces.com/tpci/POR/POR_084_R_EN_LG.png;No;City League;569;20th September 2026;20th September 2026;6
2026-W37;Dragapult Dudunsparce;Judge;POR 76;2;1;2;1,0;0,33;6;33,33;POR;76;Uncommon;Supporter;https://limitlesstcg.nyc3.cdn.digitaloceanspaces.com/tpci/POR/POR_076_R_EN_LG.png;No;City League;569;20th September 2026;20th September 2026;6
2026-W37;Dragapult Dudunsparce;Buddy-Buddy Poffin;TEF 144;24;4;6;4,0;4,0;6;100,0;TEF;144;Uncommon;Item;https://limitlesstcg.nyc3.cdn.digitaloceanspaces.com/tpci/TEF/TEF_144_R_EN_LG.png;No;City League;569;20th September 2026;20th September 2026;6
2026-W37;Dragapult Dudunsparce;Poké Pad;POR 81;24;4;6;4,0;4,0;6;100,0;POR;81;Uncommon;Item;https://limitlesstcg.nyc3.cdn.digitaloceanspaces.com/tpci/POR/POR_081_R_EN_LG.png;No;City League;569;20th September 2026;20th September 2026;6
2026-W37;Dragapult Dudunsparce;Ultra Ball;MEG 131;24;4;6;4,0;4,0;6;100,0;MEG;131;Common;Item;https://limitlesstcg.nyc3.cdn.digitaloceanspaces.com/tpci/MEG/MEG_131_R_EN_LG.png;No;City League;569;20th September 2026;20th September 2026;6
2026-W37;Dragapult Dudunsparce;Night Stretcher;ASC 196;12;2;6;2,0;2,0;6;100,0;ASC;196;Common;Item;https://limitlesstcg.nyc3.cdn.digitaloceanspaces.com/tpci/ASC/ASC_196_R_EN_LG.png;No;City League;569;20th September 2026;20th September 2026;6
2026-W37;Dragapult Dudunsparce;Special Red Card;CRI 82;6;1;6;1,0;1,0;6;100,0;CRI;82;Uncommon;Item;https://limitlesstcg.nyc3.cdn.digitaloceanspaces.com/tpci/CRI/CRI_082_R_EN_LG.png;No;City League;569;20th September 2026;20th September 2026;6
2026-W37;Dragapult Dudunsparce;Unfair Stamp;TWM 165;6;1;6;1,0;1,0;6;100,0;TWM;165;Ultra Rare;Item;https://limitlesstcg.nyc3.cdn.digitaloceanspaces.com/tpci/TWM/TWM_165_R_EN_LG.png;Yes;City League;569;20th September 2026;20th September 2026;6
2026-W37;Dragapult Dudunsparce;Risky Ruins;MEG 127;12;2;6;2,0;2,0;6;100,0;MEG;127;Uncommon;Stadium;https://limitlesstcg.nyc3.cdn.digitaloceanspaces.com/tpci/MEG/MEG_127_R_EN_LG.png;No;City League;569;20th September 2026;20th September 2026;6
2026-W37;Dragapult Dudunsparce;Fire Energy;MEE 10;18;3;6;3,0;3,0;6;100,0;MEE;10;;Basic Energy;https://limitlesstcg.nyc3.cdn.digitaloceanspaces.com/tpci/MEE/MEE_002_R_EN_LG.png;No;City League;569;20th September 2026;20th September 2026;6
2026-W37;Dragapult Dudunsparce;Psychic Energy;MEE 13;18;3;6;3,0;3,0;6;100,0;MEE;13;;Basic Energy;https://limitlesstcg.nyc3.cdn.digitaloceanspaces.com/tpci/MEE/MEE_005_R_EN_LG.png;No;City League;569;20th September 2026;20th September 2026;6
2026-W37;Dragapult Dudunsparce;Darkness Energy;MEE 15;12;2;6;2,0;2,0;6;100,0;MEE;15;;Basic Energy;https://limitlesstcg.nyc3.cdn.digitaloceanspaces.com/tpci/MEE/MEE_007_R_EN_LG.png;No;City League;569;20th September 2026;20th September 2026;6
2026-W37;Dragapult Dudunsparce;Crushing Hammer;POR 71;14;4;4;3,5;2,33;6;66,67;POR;71;Common;Item;https://limitlesstcg.nyc3.cdn.digitaloceanspaces.com/tpci/POR/POR_071_R_EN_LG.png;No;City League;569;20th September 2026;20th September 2026;6
2026-W37;Dragapult Dudunsparce;Special Vest;M6 65;2;1;2;1,0;0,33;6;33,33;M6;65;Uncommon;Tool;https://limitlesstcg.nyc3.cdn.digitaloceanspaces.com/tpc/M6/M6_65_R_JP_LG.png;;City League;569;20th September 2026;20th September 2026;6
2026-W37;Dragapult Blaziken;Dreepy;TWM 128;8;4;2;4,0;4,0;2;100,0;TWM;128;Common;Basic;https://limitlesstcg.nyc3.cdn.digitaloceanspaces.com/tpci/TWM/TWM_128_R_EN_LG.png;No;City League;569;20th September 2026;20th September 2026;2
2026-W37;Dragapult Blaziken;Drakloak;TWM 129;8;4;2;4,0;4,0;2;100,0;TWM;129;Common;Stage 1;https://limitlesstcg.nyc3.cdn.digitaloceanspaces.com/tpci/TWM/TWM_129_R_EN_LG.png;No;City League;569;20th September 2026;20th September 2026;2
2026-W37;Dragapult Blaziken;Dragapult ex;TWM 130;4;2;2;2,0;2,0;2;100,0;TWM;130;Double Rare;Stage 2;https://limitlesstcg.nyc3.cdn.digitaloceanspaces.com/tpci/TWM/TWM_130_R_EN_LG.png;No;City League;569;20th September 2026;20th September 2026;2
2026-W37;Dragapult Blaziken;Torchic;DRI 40;4;2;2;2,0;2,0;2;100,0;DRI;40;Common;Basic;https://limitlesstcg.nyc3.cdn.digitaloceanspaces.com/tpci/DRI/DRI_040_R_EN_LG.png;No;City League;569;20th September 2026;20th September 2026;2
2026-W37;Dragapult Blaziken;Combusken;DRI 41;2;1;2;1,0;1,0;2;100,0;DRI;41;Common;Stage 1;https://limitlesstcg.nyc3.cdn.digitaloceanspaces.com/tpci/DRI/DRI_041_R_EN_LG.png;No;City League;569;20th September 2026;20th September 2026;2
2026-W37;Dragapult Blaziken;Blaziken ex;JTG 24;4;2;2;2,0;2,0;2;100,0;JTG;24;Double Rare;Stage 2;https://limitlesstcg.nyc3.cdn.digitaloceanspaces.com/tpci/JTG/JTG_024_R_EN_LG.png;No;City League;569;20th September 2026;20th September 2026;2
2026-W37;Dragapult Blaziken;Munkidori;TWM 95;4;2;2;2,0;2,0;2;100,0;TWM;95;Rare;Basic;https://limitlesstcg.nyc3.cdn.digitaloceanspaces.com/tpci/TWM/TWM_095_R_EN_LG.png;No;City League;569;20th September 2026;20th September 2026;2
2026-W37;Dragapult Blaziken;Budew;ASC 16;2;1;2;1,0;1,0;2;100,0;ASC;16;Common;Basic;https://limitlesstcg.nyc3.cdn.digitaloceanspaces.com/tpci/ASC/ASC_016_R_EN_LG.png;No;City League;569;20th September 2026;20th September 2026;2
2026-W37;Dragapult Blaziken;Fezandipiti ex;ASC 142;2;1;2;1,0;1,0;2;100,0;ASC;142;Double Rare;Basic;https://limitlesstcg.nyc3.cdn.digitaloceanspaces.com/tpci/ASC/ASC_142_R_EN_LG.png;No;City League;569;20th September 2026;20th September 2026;2
2026-W37;Dragapult Blaziken;Meowth ex;POR 62;2;1;2;1,0;1,0;2;100,0;POR;62;Double Rare;Basic;https://limitlesstcg.nyc3.cdn.digitaloceanspaces.com/tpci/POR/POR_062_R_EN_LG.png;No;City League;569;20th September 2026;20th September 2026;2
2026-W37;Dragapult Blaziken;Lillie's Clefairy ex;JTG 56;2;1;2;1,0;1,0;2;100,0;JTG;56;Double Rare;Basic;https://limitlesstcg.nyc3.cdn.digitaloceanspaces.com/tpci/JTG/JTG_056_R_EN_LG.png;No;City League;569;20th September 2026;20th September 2026;2
2026-W37;Dragapult Blaziken;Lillie's Determination;MEG 119;8;4;2;4,0;4,0;2;100,0;MEG;119;Uncommon;Supporter;https://limitlesstcg.nyc3.cdn.digitaloceanspaces.com/tpci/MEG/MEG_119_R_EN_LG.png;No;City League;569;20th September 2026;20th September 2026;2
2026-W37;Dragapult Blaziken;Boss's Orders;MEG 114;6;3;2;3,0;3,0;2;100,0;MEG;114;Uncommon;Supporter;https://limitlesstcg.nyc3.cdn.digitaloceanspaces.com/tpci/MEG/MEG_114_R_EN_LG.png;No;City League;569;20th September 2026;20th September 2026;2
2026-W37;Dragapult Blaziken;Dawn;PFL 87;4;2;2;2,0;2,0;2;100,0;PFL;87;Uncommon;Supporter;https://limitlesstcg.nyc3.cdn.digitaloceanspaces.com/tpci/PFL/PFL_087_R_EN_LG.png;No;City League;569;20th September 2026;20th September 2026;2
2026-W37;Dragapult Blaziken;Crispin;SCR 133;2;1;2;1,0;1,0;2;100,0;SCR;133;Uncommon;Supporter;https://limitlesstcg.nyc3.cdn.digitaloceanspaces.com/tpci/SCR/SCR_133_R_EN_LG.png;No;City League;569;20th September 2026;20th September 2026;2
2026-W37;Dragapult Blaziken;Judge;POR 76;2;1;2;1,0;1,0;2;100,0;POR;76;Uncommon;Supporter;https://limitlesstcg.nyc3.cdn.digitaloceanspaces.com/tpci/POR/POR_076_R_EN_LG.png;No;City League;569;20th September 2026;20th September 2026;2
2026-W37;Dragapult Blaziken;Buddy-Buddy Poffin;TEF 144;8;4;2;4,0;4,0;2;100,0;TEF;144;Uncommon;Item;https://limitlesstcg.nyc3.cdn.digitaloceanspaces.com/tpci/TEF/TEF_144_R_EN_LG.png;No;City League;569;20th September 2026;20th September 2026;2
2026-W37;Dragapult Blaziken;Poké Pad;POR 81;8;4;2;4,0;4,0;2;100,0;POR;81;Uncommon;Item;https://limitlesstcg.nyc3.cdn.digitaloceanspaces.com/tpci/POR/POR_081_R_EN_LG.png;No;City League;569;20th September 2026;20th September 2026;2
2026-W37;Dragapult Blaziken;Ultra Ball;MEG 131;8;4;2;4,0;4,0;2;100,0;MEG;131;Common;Item;https://limitlesstcg.nyc3.cdn.digitaloceanspaces.com/tpci/MEG/MEG_131_R_EN_LG.png;No;City League;569;20th September 2026;20th September 2026;2
2026-W37;Dragapult Blaziken;Night Stretcher;ASC 196;4;2;2;2,0;2,0;2;100,0;ASC;196;Common;Item;https://limitlesstcg.nyc3.cdn.digitaloceanspaces.com/tpci/ASC/ASC_196_R_EN_LG.png;No;City League;569;20th September 2026;20th September 2026;2
2026-W37;Dragapult Blaziken;Rare Candy;MEG 125;4;2;2;2,0;2,0;2;100,0;MEG;125;Common;Item;https://limitlesstcg.nyc3.cdn.digitaloceanspaces.com/tpci/MEG/MEG_125_R_EN_LG.png;No;City League;569;20th September 2026;20th September 2026;2
2026-W37;Dragapult Blaziken;Special Red Card;CRI 82;2;1;2;1,0;1,0;2;100,0;CRI;82;Uncommon;Item;https://limitlesstcg.nyc3.cdn.digitaloceanspaces.com/tpci/CRI/CRI_082_R_EN_LG.png;No;City League;569;20th September 2026;20th September 2026;2
2026-W37;Dragapult Blaziken;Unfair Stamp;TWM 165;2;1;2;1,0;1,0;2;100,0;TWM;165;Ultra Rare;Item;https://limitlesstcg.nyc3.cdn.digitaloceanspaces.com/tpci/TWM/TWM_165_R_EN_LG.png;Yes;City League;569;20th September 2026;20th September 2026;2
2026-W37;Dragapult Blaziken;Team Rocket's Watchtower;DRI 180;4;2;2;2,0;2,0;2;100,0;DRI;180;Uncommon;Stadium;https://limitlesstcg.nyc3.cdn.digitaloceanspaces.com/tpci/DRI/DRI_180_R_EN_LG.png;No;City League;569;20th September 2026;20th September 2026;2
2026-W37;Dragapult Blaziken;Fire Energy;MEE 10;6;3;2;3,0;3,0;2;100,0;MEE;10;;Basic Energy;https://limitlesstcg.nyc3.cdn.digitaloceanspaces.com/tpci/MEE/MEE_002_R_EN_LG.png;No;City League;569;20th September 2026;20th September 2026;2
2026-W37;Dragapult Blaziken;Psychic Energy;MEE 13;6;3;2;3,0;3,0;2;100,0;MEE;13;;Basic Energy;https://limitlesstcg.nyc3.cdn.digitaloceanspaces.com/tpci/MEE/MEE_005_R_EN_LG.png;No;City League;569;20th September 2026;20th September 2026;2
2026-W37;Dragapult Blaziken;Darkness Energy;MEE 15;4;2;2;2,0;2,0;2;100,0;MEE;15;;Basic Energy;https://limitlesstcg.nyc3.cdn.digitaloceanspaces.com/tpci/MEE/MEE_007_R_EN_LG.png;No;City League;569;20th September 2026;20th September 2026;2
2026-W37;Clefairy Ogerpon;Lillie's Clefairy ex;JTG 56;6;3;2;3,0;3,0;2;100,0;JTG;56;Double Rare;Basic;https://limitlesstcg.nyc3.cdn.digitaloceanspaces.com/tpci/JTG/JTG_056_R_EN_LG.png;No;City League;569;20th September 2026;20th September 2026;2
2026-W37;Clefairy Ogerpon;Mega Kangaskhan ex;MEG 104;6;3;2;3,0;3,0;2;100,0;MEG;104;Double Rare;Basic;https://limitlesstcg.nyc3.cdn.digitaloceanspaces.com/tpci/MEG/MEG_104_R_EN_LG.png;No;City League;569;20th September 2026;20th September 2026;2
2026-W37;Clefairy Ogerpon;Meowth ex;POR 62;6;3;2;3,0;3,0;2;100,0;POR;62;Double Rare;Basic;https://limitlesstcg.nyc3.cdn.digitaloceanspaces.com/tpci/POR/POR_062_R_EN_LG.png;No;City League;569;20th September 2026;20th September 2026;2
2026-W37;Clefairy Ogerpon;Teal Mask Ogerpon ex;TWM 25;4;2;2;2,0;2,0;2;100,0;TWM;25;Double Rare;Basic;https://limitlesstcg.nyc3.cdn.digitaloceanspaces.com/tpci/TWM/TWM_025_R_EN_LG.png;No;City League;569;20th September 2026;20th September 2026;2
2026-W37;Clefairy Ogerpon;Latias ex;SSP 76;4;2;2;2,0;2,0;2;100,0;SSP;76;Double Rare;Basic;https://limitlesstcg.nyc3.cdn.digitaloceanspaces.com/tpci/SSP/SSP_076_R_EN_LG.png;No;City League;569;20th September 2026;20th September 2026;2
2026-W37;Clefairy Ogerpon;Wellspring Mask Ogerpon ex;TWM 64;2;1;2;1,0;1,0;2;100,0;TWM;64;Double Rare;Basic;https://limitlesstcg.nyc3.cdn.digitaloceanspaces.com/tpci/TWM/TWM_064_R_EN_LG.png;No;City League;569;20th September 2026;20th September 2026;2
2026-W37;Clefairy Ogerpon;Koraidon ex;ASC 121;2;1;2;1,0;1,0;2;100,0;ASC;121;Double Rare;Basic;https://limitlesstcg.nyc3.cdn.digitaloceanspaces.com/tpci/ASC/ASC_121_R_EN_LG.png;No;City League;569;20th September 2026;20th September 2026;2
2026-W37;Clefairy Ogerpon;Iron Leaves ex;TEF 25;2;1;2;1,0;1,0;2;100,0;TEF;25;Double Rare;Basic;https://limitlesstcg.nyc3.cdn.digitaloceanspaces.com/tpci/TEF/TEF_025_R_EN_LG.png;No;City League;569;20th September 2026;20th September 2026;2
2026-W37;Clefairy Ogerpon;Fezandipiti ex;ASC 142;2;1;2;1,0;1,0;2;100,0;ASC;142;Double Rare;Basic;https://limitlesstcg.nyc3.cdn.digitaloceanspaces.com/tpci/ASC/ASC_142_R_EN_LG.png;No;City League;569;20th September 2026;20th September 2026;2
2026-W37;Clefairy Ogerpon;Chien-Pao;SSP 56;2;1;2;1,0;1,0;2;100,0;SSP;56;Rare;Basic;https://limitlesstcg.nyc3.cdn.digitaloceanspaces.com/tpci/SSP/SSP_056_R_EN_LG.png;No;City League;569;20th September 2026;20th September 2026;2
2026-W37;Clefairy Ogerpon;Paldean Tauros;SSP 18;2;1;2;1,0;1,0;2;100,0;SSP;18;Uncommon;Basic;https://limitlesstcg.nyc3.cdn.digitaloceanspaces.com/tpci/SSP/SSP_018_R_EN_LG.png;No;City League;569;20th September 2026;20th September 2026;2
2026-W37;Clefairy Ogerpon;Crispin;SCR 133;6;3;2;3,0;3,0;2;100,0;SCR;133;Uncommon;Supporter;https://limitlesstcg.nyc3.cdn.digitaloceanspaces.com/tpci/SCR/SCR_133_R_EN_LG.png;No;City League;569;20th September 2026;20th September 2026;2
2026-W37;Clefairy Ogerpon;Boss's Orders;MEG 114;6;3;2;3,0;3,0;2;100,0;MEG;114;Uncommon;Supporter;https://limitlesstcg.nyc3.cdn.digitaloceanspaces.com/tpci/MEG/MEG_114_R_EN_LG.png;No;City League;569;20th September 2026;20th September 2026;2
2026-W37;Clefairy Ogerpon;Cyrano;SSP 170;4;2;2;2,0;2,0;2;100,0;SSP;170;Uncommon;Supporter;https://limitlesstcg.nyc3.cdn.digitaloceanspaces.com/tpci/SSP/SSP_170_R_EN_LG.png;No;City League;569;20th September 2026;20th September 2026;2
2026-W37;Clefairy Ogerpon;Lillie's Determination;MEG 119;2;1;2;1,0;1,0;2;100,0;MEG;119;Uncommon;Supporter;https://limitlesstcg.nyc3.cdn.digitaloceanspaces.com/tpci/MEG/MEG_119_R_EN_LG.png;No;City League;569;20th September 2026;20th September 2026;2
2026-W37;Clefairy Ogerpon;Ciphermaniac's Codebreaking;TEF 145;2;1;2;1,0;1,0;2;100,0;TEF;145;Uncommon;Supporter;https://limitlesstcg.nyc3.cdn.digitaloceanspaces.com/tpci/TEF/TEF_145_R_EN_LG.png;No;City League;569;20th September 2026;20th September 2026;2
2026-W37;Clefairy Ogerpon;Ultra Ball;MEG 131;8;4;2;4,0;4,0;2;100,0;MEG;131;Common;Item;https://limitlesstcg.nyc3.cdn.digitaloceanspaces.com/tpci/MEG/MEG_131_R_EN_LG.png;No;City League;569;20th September 2026;20th September 2026;2
2026-W37;Clefairy Ogerpon;Energy Switch;MEG 115;8;4;2;4,0;4,0;2;100,0;MEG;115;Common;Item;https://limitlesstcg.nyc3.cdn.digitaloceanspaces.com/tpci/MEG/MEG_115_R_EN_LG.png;No;City League;569;20th September 2026;20th September 2026;2
2026-W37;Clefairy Ogerpon;Night Stretcher;ASC 196;2;1;2;1,0;1,0;2;100,0;ASC;196;Common;Item;https://limitlesstcg.nyc3.cdn.digitaloceanspaces.com/tpci/ASC/ASC_196_R_EN_LG.png;No;City League;569;20th September 2026;20th September 2026;2
2026-W37;Clefairy Ogerpon;Unfair Stamp;TWM 165;2;1;2;1,0;1,0;2;100,0;TWM;165;Ultra Rare;Item;https://limitlesstcg.nyc3.cdn.digitaloceanspaces.com/tpci/TWM/TWM_165_R_EN_LG.png;Yes;City League;569;20th September 2026;20th September 2026;2
2026-W37;Clefairy Ogerpon;Special Red Card;CRI 82;2;1;2;1,0;1,0;2;100,0;CRI;82;Uncommon;Item;https://limitlesstcg.nyc3.cdn.digitaloceanspaces.com/tpci/CRI/CRI_082_R_EN_LG.png;No;City League;569;20th September 2026;20th September 2026;2
2026-W37;Clefairy Ogerpon;Lillie's Pearl;JTG 151;4;2;2;2,0;2,0;2;100,0;JTG;151;Uncommon;Tool;https://limitlesstcg.nyc3.cdn.digitaloceanspaces.com/tpci/JTG/JTG_151_R_EN_LG.png;No;City League;569;20th September 2026;20th September 2026;2
2026-W37;Clefairy Ogerpon;Area Zero Underdepths;SCR 131;6;3;2;3,0;3,0;2;100,0;SCR;131;Uncommon;Stadium;https://limitlesstcg.nyc3.cdn.digitaloceanspaces.com/tpci/SCR/SCR_131_R_EN_LG.png;No;City League;569;20th September 2026;20th September 2026;2
2026-W37;Clefairy Ogerpon;Grass Energy;MEE 9;12;6;2;6,0;6,0;2;100,0;MEE;9;;Basic Energy;https://limitlesstcg.nyc3.cdn.digitaloceanspaces.com/tpci/MEE/MEE_001_R_EN_LG.png;No;City League;569;20th September 2026;20th September 2026;2
2026-W37;Clefairy Ogerpon;Telepathic Psychic Energy;POR 88;6;3;2;3,0;3,0;2;100,0;POR;88;Rare;Special Energy;https://limitlesstcg.nyc3.cdn.digitaloceanspaces.com/tpci/POR/POR_088_R_EN_LG.png;No;City League;569;20th September 2026;20th September 2026;2
2026-W37;Clefairy Ogerpon;Psychic Energy;MEE 13;4;2;2;2,0;2,0;2;100,0;MEE;13;;Basic Energy;https://limitlesstcg.nyc3.cdn.digitaloceanspaces.com/tpci/MEE/MEE_005_R_EN_LG.png;No;City League;569;20th September 2026;20th September 2026;2
2026-W37;Clefairy Ogerpon;Fighting Energy;MEE 14;2;1;2;1,0;1,0;2;100,0;MEE;14;;Basic Energy;https://limitlesstcg.nyc3.cdn.digitaloceanspaces.com/tpci/MEE/MEE_006_R_EN_LG.png;No;City League;569;20th September 2026;20th September 2026;2
2026-W37;Clefairy Ogerpon;Water Energy;MEE 11;2;1;2;1,0;1,0;2;100,0;MEE;11;;Basic Energy;https://limitlesstcg.nyc3.cdn.digitaloceanspaces.com/tpci/MEE/MEE_003_R_EN_LG.png;No;City League;569;20th September 2026;20th September 2026;2
2026-W37;Clefairy Ogerpon;Fire Energy;MEE 10;2;1;2;1,0;1,0;2;100,0;MEE;10;;Basic Energy;https://limitlesstcg.nyc3.cdn.digitaloceanspaces.com/tpci/MEE/MEE_002_R_EN_LG.png;No;City League;569;20th September 2026;20th September 2026;2
2026-W37;Clefairy Ogerpon;Prism Energy;ASC 216;2;1;2;1,0;1,0;2;100,0;ASC;216;Uncommon;Special Energy;https://limitlesstcg.nyc3.cdn.digitaloceanspaces.com/tpci/ASC/ASC_216_R_EN_LG.png;No;City League;569;20th September 2026;20th September 2026;2
2026-W37;Raging Bolt Ogerpon;Mega Kangaskhan ex;MEG 104;16;4;4;4,0;4,0;4;100,0;MEG;104;Double Rare;Basic;https://limitlesstcg.nyc3.cdn.digitaloceanspaces.com/tpci/MEG/MEG_104_R_EN_LG.png;No;City League;569;20th September 2026;20th September 2026;4
2026-W37;Raging Bolt Ogerpon;Teal Mask Ogerpon ex;TWM 25;12;3;4;3,0;3,0;4;100,0;TWM;25;Double Rare;Basic;https://limitlesstcg.nyc3.cdn.digitaloceanspaces.com/tpci/TWM/TWM_025_R_EN_LG.png;No;City League;569;20th September 2026;20th September 2026;4
2026-W37;Raging Bolt Ogerpon;Raging Bolt ex;TEF 123;8;2;4;2,0;2,0;4;100,0;TEF;123;Double Rare;Basic;https://limitlesstcg.nyc3.cdn.digitaloceanspaces.com/tpci/TEF/TEF_123_R_EN_LG.png;No;City League;569;20th September 2026;20th September 2026;4
2026-W37;Raging Bolt Ogerpon;Talonflame ex;M6 62;6;2;4;1,5;1,5;4;100,0;M6;62;Double Rare;Stage 2;https://limitlesstcg.nyc3.cdn.digitaloceanspaces.com/tpc/M6/M6_62_R_JP_LG.png;No;City League;569;20th September 2026;20th September 2026;4
2026-W37;Raging Bolt Ogerpon;Meowth ex;POR 62;8;2;4;2,0;2,0;4;100,0;POR;62;Double Rare;Basic;https://limitlesstcg.nyc3.cdn.digitaloceanspaces.com/tpci/POR/POR_062_R_EN_LG.png;No;City League;569;20th September 2026;20th September 2026;4
2026-W37;Raging Bolt Ogerpon;Latias ex;SSP 76;8;2;4;2,0;2,0;4;100,0;SSP;76;Double Rare;Basic;https://limitlesstcg.nyc3.cdn.digitaloceanspaces.com/tpci/SSP/SSP_076_R_EN_LG.png;No;City League;569;20th September 2026;20th September 2026;4
2026-W37;Raging Bolt Ogerpon;Iron Leaves ex;TEF 25;4;1;4;1,0;1,0;4;100,0;TEF;25;Double Rare;Basic;https://limitlesstcg.nyc3.cdn.digitaloceanspaces.com/tpci/TEF/TEF_025_R_EN_LG.png;No;City League;569;20th September 2026;20th September 2026;4
2026-W37;Raging Bolt Ogerpon;Fezandipiti ex;ASC 142;4;1;4;1,0;1,0;4;100,0;ASC;142;Double Rare;Basic;https://limitlesstcg.nyc3.cdn.digitaloceanspaces.com/tpci/ASC/ASC_142_R_EN_LG.png;No;City League;569;20th September 2026;20th September 2026;4
2026-W37;Raging Bolt Ogerpon;Wellspring Mask Ogerpon ex;TWM 64;4;1;4;1,0;1,0;4;100,0;TWM;64;Double Rare;Basic;https://limitlesstcg.nyc3.cdn.digitaloceanspaces.com/tpci/TWM/TWM_064_R_EN_LG.png;No;City League;569;20th September 2026;20th September 2026;4
2026-W37;Raging Bolt Ogerpon;Chien-Pao;SSP 56;4;1;4;1,0;1,0;4;100,0;SSP;56;Rare;Basic;https://limitlesstcg.nyc3.cdn.digitaloceanspaces.com/tpci/SSP/SSP_056_R_EN_LG.png;No;City League;569;20th September 2026;20th September 2026;4
2026-W37;Raging Bolt Ogerpon;Crispin;SCR 133;16;4;4;4,0;4,0;4;100,0;SCR;133;Uncommon;Supporter;https://limitlesstcg.nyc3.cdn.digitaloceanspaces.com/tpci/SCR/SCR_133_R_EN_LG.png;No;City League;569;20th September 2026;20th September 2026;4
2026-W37;Raging Bolt Ogerpon;Boss's Orders;MEG 114;8;2;4;2,0;2,0;4;100,0;MEG;114;Uncommon;Supporter;https://limitlesstcg.nyc3.cdn.digitaloceanspaces.com/tpci/MEG/MEG_114_R_EN_LG.png;No;City League;569;20th September 2026;20th September 2026;4
2026-W37;Raging Bolt Ogerpon;Cyrano;SSP 170;8;2;4;2,0;2,0;4;100,0;SSP;170;Uncommon;Supporter;https://limitlesstcg.nyc3.cdn.digitaloceanspaces.com/tpci/SSP/SSP_170_R_EN_LG.png;No;City League;569;20th September 2026;20th September 2026;4
2026-W37;Raging Bolt Ogerpon;Judge;POR 76;6;2;4;1,5;1,5;4;100,0;POR;76;Uncommon;Supporter;https://limitlesstcg.nyc3.cdn.digitaloceanspaces.com/tpci/POR/POR_076_R_EN_LG.png;No;City League;569;20th September 2026;20th September 2026;4
2026-W37;Raging Bolt Ogerpon;Zinnia's Trust;M6 69;2;1;2;1,0;0,5;4;50,0;M6;69;Uncommon;Supporter;https://limitlesstcg.nyc3.cdn.digitaloceanspaces.com/tpc/M6/M6_69_R_JP_LG.png;;City League;569;20th September 2026;20th September 2026;4
2026-W37;Raging Bolt Ogerpon;Ultra Ball;MEG 131;16;4;4;4,0;4,0;4;100,0;MEG;131;Common;Item;https://limitlesstcg.nyc3.cdn.digitaloceanspaces.com/tpci/MEG/MEG_131_R_EN_LG.png;No;City League;569;20th September 2026;20th September 2026;4
2026-W37;Raging Bolt Ogerpon;Energy Switch;MEG 115;16;4;4;4,0;4,0;4;100,0;MEG;115;Common;Item;https://limitlesstcg.nyc3.cdn.digitaloceanspaces.com/tpci/MEG/MEG_115_R_EN_LG.png;No;City League;569;20th September 2026;20th September 2026;4
2026-W37;Raging Bolt Ogerpon;Glass Trumpet;SCR 135;6;2;4;1,5;1,5;4;100,0;SCR;135;Uncommon;Item;https://limitlesstcg.nyc3.cdn.digitaloceanspaces.com/tpci/SCR/SCR_135_R_EN_LG.png;No;City League;569;20th September 2026;20th September 2026;4
2026-W37;Raging Bolt Ogerpon;Night Stretcher;ASC 196;6;2;4;1,5;1,5;4;100,0;ASC;196;Common;Item;https://limitlesstcg.nyc3.cdn.digitaloceanspaces.com/tpci/ASC/ASC_196_R_EN_LG.png;No;City League;569;20th September 2026;20th September 2026;4
2026-W37;Raging Bolt Ogerpon;Energy Retrieval;SVI 171;2;1;2;1,0;0,5;4;50,0;SVI;171;Common;Item;https://limitlesstcg.nyc3.cdn.digitaloceanspaces.com/tpci/SVI/SVI_171_R_EN_LG.png;No;City League;569;20th September 2026;20th September 2026;4
2026-W37;Raging Bolt Ogerpon;Unfair Stamp;TWM 165;2;1;2;1,0;0,5;4;50,0;TWM;165;Ultra Rare;Item;https://limitlesstcg.nyc3.cdn.digitaloceanspaces.com/tpci/TWM/TWM_165_R_EN_LG.png;Yes;City League;569;20th September 2026;20th September 2026;4
2026-W37;Raging Bolt Ogerpon;Area Zero Underdepths;SCR 131;12;3;4;3,0;3,0;4;100,0;SCR;131;Uncommon;Stadium;https://limitlesstcg.nyc3.cdn.digitaloceanspaces.com/tpci/SCR/SCR_131_R_EN_LG.png;No;City League;569;20th September 2026;20th September 2026;4
2026-W37;Raging Bolt Ogerpon;Grass Energy;MEE 9;28;8;4;7,0;7,0;4;100,0;MEE;9;;Basic Energy;https://limitlesstcg.nyc3.cdn.digitaloceanspaces.com/tpci/MEE/MEE_001_R_EN_LG.png;No;City League;569;20th September 2026;20th September 2026;4
2026-W37;Raging Bolt Ogerpon;Lightning Energy;MEE 12;10;3;4;2,5;2,5;4;100,0;MEE;12;;Basic Energy;https://limitlesstcg.nyc3.cdn.digitaloceanspaces.com/tpci/MEE/MEE_004_R_EN_LG.png;No;City League;569;20th September 2026;20th September 2026;4
2026-W37;Raging Bolt Ogerpon;Fighting Energy;MEE 14;10;3;4;2,5;2,5;4;100,0;MEE;14;;Basic Energy;https://limitlesstcg.nyc3.cdn.digitaloceanspaces.com/tpci/MEE/MEE_006_R_EN_LG.png;No;City League;569;20th September 2026;20th September 2026;4
2026-W37;Raging Bolt Ogerpon;Water Energy;MEE 11;4;1;4;1,0;1,0;4;100,0;MEE;11;;Basic Energy;https://limitlesstcg.nyc3.cdn.digitaloceanspaces.com/tpci/MEE/MEE_003_R_EN_LG.png;No;City League;569;20th September 2026;20th September 2026;4
2026-W37;Raging Bolt Ogerpon;Lillie's Clefairy ex;JTG 56;2;1;2;1,0;0,5;4;50,0;JTG;56;Double Rare;Basic;https://limitlesstcg.nyc3.cdn.digitaloceanspaces.com/tpci/JTG/JTG_056_R_EN_LG.png;No;City League;569;20th September 2026;20th September 2026;4
2026-W37;Raging Bolt Ogerpon;Passimian;SSP 111;2;1;2;1,0;0,5;4;50,0;SSP;111;Uncommon;Basic;https://limitlesstcg.nyc3.cdn.digitaloceanspaces.com/tpci/SSP/SSP_111_R_EN_LG.png;No;City League;569;20th September 2026;20th September 2026;4
2026-W37;Raging Bolt Ogerpon;Briar;SCR 132;2;1;2;1,0;0,5;4;50,0;SCR;132;Uncommon;Supporter;https://limitlesstcg.nyc3.cdn.digitaloceanspaces.com/tpci/SCR/SCR_132_R_EN_LG.png;No;City League;569;20th September 2026;20th September 2026;4
2026-W37;Raging Bolt Ogerpon;Special Red Card;CRI 82;2;1;2;1,0;0,5;4;50,0;CRI;82;Uncommon;Item;https://limitlesstcg.nyc3.cdn.digitaloceanspaces.com/tpci/CRI/CRI_082_R_EN_LG.png;No;City League;569;20th September 2026;20th September 2026;4
2026-W37;Raging Bolt Ogerpon;Prime Catcher;TEF 157;2;1;2;1,0;0,5;4;50,0;TEF;157;Ultra Rare;Item;https://limitlesstcg.nyc3.cdn.digitaloceanspaces.com/tpci/TEF/TEF_157_R_EN_LG.png;Yes;City League;569;20th September 2026;20th September 2026;4
2026-W37;Raging Bolt Ogerpon;Psychic Energy;MEE 13;4;2;2;2,0;1,0;4;50,0;MEE;13;;Basic Energy;https://limitlesstcg.nyc3.cdn.digitaloceanspaces.com/tpci/MEE/MEE_005_R_EN_LG.png;No;City League;569;20th September 2026;20th September 2026;4
2026-W37;Dragapult;Dreepy;TWM 128;16;4;4;4,0;4,0;4;100,0;TWM;128;Common;Basic;https://limitlesstcg.nyc3.cdn.digitaloceanspaces.com/tpci/TWM/TWM_128_R_EN_LG.png;No;City League;569;20th September 2026;20th September 2026;4
2026-W37;Dragapult;Drakloak;TWM 129;16;4;4;4,0;4,0;4;100,0;TWM;129;Common;Stage 1;https://limitlesstcg.nyc3.cdn.digitaloceanspaces.com/tpci/TWM/TWM_129_R_EN_LG.png;No;City League;569;20th September 2026;20th September 2026;4
2026-W37;Dragapult;Dragapult ex;TWM 130;12;3;4;3,0;3,0;4;100,0;TWM;130;Double Rare;Stage 2;https://limitlesstcg.nyc3.cdn.digitaloceanspaces.com/tpci/TWM/TWM_130_R_EN_LG.png;No;City League;569;20th September 2026;20th September 2026;4
2026-W37;Dragapult;Budew;ASC 16;8;2;4;2,0;2,0;4;100,0;ASC;16;Common;Basic;https://limitlesstcg.nyc3.cdn.digitaloceanspaces.com/tpci/ASC/ASC_016_R_EN_LG.png;No;City League;569;20th September 2026;20th September 2026;4
2026-W37;Dragapult;Duskull;PRE 35;2;1;2;1,0;0,5;4;50,0;PRE;35;Common;Basic;https://limitlesstcg.nyc3.cdn.digitaloceanspaces.com/tpci/PRE/PRE_035_R_EN_LG.png;No;City League;569;20th September 2026;20th September 2026;4
2026-W37;Dragapult;Dusknoir;PRE 37;2;1;2;1,0;0,5;4;50,0;PRE;37;Rare;Stage 2;https://limitlesstcg.nyc3.cdn.digitaloceanspaces.com/tpci/PRE/PRE_037_R_EN_LG.png;No;City League;569;20th September 2026;20th September 2026;4
2026-W37;Dragapult;Munkidori;TWM 95;6;2;4;1,5;1,5;4;100,0;TWM;95;Rare;Basic;https://limitlesstcg.nyc3.cdn.digitaloceanspaces.com/tpci/TWM/TWM_095_R_EN_LG.png;No;City League;569;20th September 2026;20th September 2026;4
2026-W37;Dragapult;Fezandipiti ex;ASC 142;4;1;4;1,0;1,0;4;100,0;ASC;142;Double Rare;Basic;https://limitlesstcg.nyc3.cdn.digitaloceanspaces.com/tpci/ASC/ASC_142_R_EN_LG.png;No;City League;569;20th September 2026;20th September 2026;4
2026-W37;Dragapult;Meowth ex;POR 62;4;1;4;1,0;1,0;4;100,0;POR;62;Double Rare;Basic;https://limitlesstcg.nyc3.cdn.digitaloceanspaces.com/tpci/POR/POR_062_R_EN_LG.png;No;City League;569;20th September 2026;20th September 2026;4
2026-W37;Dragapult;Lillie's Determination;MEG 119;16;4;4;4,0;4,0;4;100,0;MEG;119;Uncommon;Supporter;https://limitlesstcg.nyc3.cdn.digitaloceanspaces.com/tpci/MEG/MEG_119_R_EN_LG.png;No;City League;569;20th September 2026;20th September 2026;4
2026-W37;Dragapult;Boss's Orders;MEG 114;12;3;4;3,0;3,0;4;100,0;MEG;114;Uncommon;Supporter;https://limitlesstcg.nyc3.cdn.digitaloceanspaces.com/tpci/MEG/MEG_114_R_EN_LG.png;No;City League;569;20th September 2026;20th September 2026;4
2026-W37;Dragapult;Crispin;SCR 133;8;2;4;2,0;2,0;4;100,0;SCR;133;Uncommon;Supporter;https://limitlesstcg.nyc3.cdn.digitaloceanspaces.com/tpci/SCR/SCR_133_R_EN_LG.png;No;City League;569;20th September 2026;20th September 2026;4
2026-W37;Dragapult;Rosa's Encouragement;POR 84;4;1;4;1,0;1,0;4;100,0;POR;84;Uncommon;Supporter;https://limitlesstcg.nyc3.cdn.digitaloceanspaces.com/tpci/POR/POR_084_R_EN_LG.png;No;City League;569;20th September 2026;20th September 2026;4
2026-W37;Dragapult;Buddy-Buddy Poffin;TEF 144;16;4;4;4,0;4,0;4;100,0;TEF;144;Uncommon;Item;https://limitlesstcg.nyc3.cdn.digitaloceanspaces.com/tpci/TEF/TEF_144_R_EN_LG.png;No;City League;569;20th September 2026;20th September 2026;4
2026-W37;Dragapult;Poké Pad;POR 81;16;4;4;4,0;4,0;4;100,0;POR;81;Uncommon;Item;https://limitlesstcg.nyc3.cdn.digitaloceanspaces.com/tpci/POR/POR_081_R_EN_LG.png;No;City League;569;20th September 2026;20th September 2026;4
2026-W37;Dragapult;Ultra Ball;MEG 131;16;4;4;4,0;4,0;4;100,0;MEG;131;Common;Item;https://limitlesstcg.nyc3.cdn.digitaloceanspaces.com/tpci/MEG/MEG_131_R_EN_LG.png;No;City League;569;20th September 2026;20th September 2026;4
2026-W37;Dragapult;Crushing Hammer;POR 71;16;4;4;4,0;4,0;4;100,0;POR;71;Common;Item;https://limitlesstcg.nyc3.cdn.digitaloceanspaces.com/tpci/POR/POR_071_R_EN_LG.png;No;City League;569;20th September 2026;20th September 2026;4
2026-W37;Dragapult;Night Stretcher;ASC 196;8;2;4;2,0;2,0;4;100,0;ASC;196;Common;Item;https://limitlesstcg.nyc3.cdn.digitaloceanspaces.com/tpci/ASC/ASC_196_R_EN_LG.png;No;City League;569;20th September 2026;20th September 2026;4
2026-W37;Dragapult;Rare Candy;MEG 125;4;2;2;2,0;1,0;4;50,0;MEG;125;Common;Item;https://limitlesstcg.nyc3.cdn.digitaloceanspaces.com/tpci/MEG/MEG_125_R_EN_LG.png;No;City League;569;20th September 2026;20th September 2026;4
2026-W37;Dragapult;Special Red Card;CRI 82;4;1;4;1,0;1,0;4;100,0;CRI;82;Uncommon;Item;https://limitlesstcg.nyc3.cdn.digitaloceanspaces.com/tpci/CRI/CRI_082_R_EN_LG.png;No;City League;569;20th September 2026;20th September 2026;4
2026-W37;Dragapult;Unfair Stamp;TWM 165;4;1;4;1,0;1,0;4;100,0;TWM;165;Ultra Rare;Item;https://limitlesstcg.nyc3.cdn.digitaloceanspaces.com/tpci/TWM/TWM_165_R_EN_LG.png;Yes;City League;569;20th September 2026;20th September 2026;4
2026-W37;Dragapult;Risky Ruins;MEG 127;6;2;4;1,5;1,5;4;100,0;MEG;127;Uncommon;Stadium;https://limitlesstcg.nyc3.cdn.digitaloceanspaces.com/tpci/MEG/MEG_127_R_EN_LG.png;No;City League;569;20th September 2026;20th September 2026;4
2026-W37;Dragapult;Team Rocket's Watchtower;DRI 180;2;1;2;1,0;0,5;4;50,0;DRI;180;Uncommon;Stadium;https://limitlesstcg.nyc3.cdn.digitaloceanspaces.com/tpci/DRI/DRI_180_R_EN_LG.png;No;City League;569;20th September 2026;20th September 2026;4
2026-W37;Dragapult;Fire Energy;MEE 10;12;3;4;3,0;3,0;4;100,0;MEE;10;;Basic Energy;https://limitlesstcg.nyc3.cdn.digitaloceanspaces.com/tpci/MEE/MEE_002_R_EN_LG.png;No;City League;569;20th September 2026;20th September 2026;4
2026-W37;Dragapult;Psychic Energy;MEE 13;12;3;4;3,0;3,0;4;100,0;MEE;13;;Basic Energy;https://limitlesstcg.nyc3.cdn.digitaloceanspaces.com/tpci/MEE/MEE_005_R_EN_LG.png;No;City League;569;20th September 2026;20th September 2026;4
2026-W37;Dragapult;Darkness Energy;MEE 15;10;3;4;2,5;2,5;4;100,0;MEE;15;;Basic Energy;https://limitlesstcg.nyc3.cdn.digitaloceanspaces.com/tpci/MEE/MEE_007_R_EN_LG.png;No;City League;569;20th September 2026;20th September 2026;4
2026-W37;Dragapult;Dunsparce;JTG 120;2;1;2;1,0;0,5;4;50,0;JTG;120;Common;Basic;https://limitlesstcg.nyc3.cdn.digitaloceanspaces.com/tpci/JTG/JTG_120_R_EN_LG.png;No;City League;569;20th September 2026;20th September 2026;4
2026-W37;Dragapult;Dudunsparce;TEF 129;2;1;2;1,0;0,5;4;50,0;TEF;129;Rare;Stage 1;https://limitlesstcg.nyc3.cdn.digitaloceanspaces.com/tpci/TEF/TEF_129_R_EN_LG.png;No;City League;569;20th September 2026;20th September 2026;4
2026-W37;Dragapult Dusknoir;Dreepy;TWM 128;32;4;8;4,0;4,0;8;100,0;TWM;128;Common;Basic;https://limitlesstcg.nyc3.cdn.digitaloceanspaces.com/tpci/TWM/TWM_128_R_EN_LG.png;No;City League;569;20th September 2026;20th September 2026;8
2026-W37;Dragapult Dusknoir;Drakloak;TWM 129;32;4;8;4,0;4,0;8;100,0;TWM;129;Common;Stage 1;https://limitlesstcg.nyc3.cdn.digitaloceanspaces.com/tpci/TWM/TWM_129_R_EN_LG.png;No;City League;569;20th September 2026;20th September 2026;8
2026-W37;Dragapult Dusknoir;Dragapult ex;TWM 130;24;3;8;3,0;3,0;8;100,0;TWM;130;Double Rare;Stage 2;https://limitlesstcg.nyc3.cdn.digitaloceanspaces.com/tpci/TWM/TWM_130_R_EN_LG.png;No;City League;569;20th September 2026;20th September 2026;8
2026-W37;Dragapult Dusknoir;Duskull;PRE 35;16;2;8;2,0;2,0;8;100,0;PRE;35;Common;Basic;https://limitlesstcg.nyc3.cdn.digitaloceanspaces.com/tpci/PRE/PRE_035_R_EN_LG.png;No;City League;569;20th September 2026;20th September 2026;8
2026-W37;Dragapult Dusknoir;Dusclops;PRE 36;10;2;8;1,25;1,25;8;100,0;PRE;36;Common;Stage 1;https://limitlesstcg.nyc3.cdn.digitaloceanspaces.com/tpci/PRE/PRE_036_R_EN_LG.png;No;City League;569;20th September 2026;20th September 2026;8
2026-W37;Dragapult Dusknoir;Dusknoir;PRE 37;8;1;8;1,0;1,0;8;100,0;PRE;37;Rare;Stage 2;https://limitlesstcg.nyc3.cdn.digitaloceanspaces.com/tpci/PRE/PRE_037_R_EN_LG.png;No;City League;569;20th September 2026;20th September 2026;8
2026-W37;Dragapult Dusknoir;Budew;ASC 16;14;2;8;1,75;1,75;8;100,0;ASC;16;Common;Basic;https://limitlesstcg.nyc3.cdn.digitaloceanspaces.com/tpci/ASC/ASC_016_R_EN_LG.png;No;City League;569;20th September 2026;20th September 2026;8
2026-W37;Dragapult Dusknoir;Munkidori;TWM 95;10;2;8;1,25;1,25;8;100,0;TWM;95;Rare;Basic;https://limitlesstcg.nyc3.cdn.digitaloceanspaces.com/tpci/TWM/TWM_095_R_EN_LG.png;No;City League;569;20th September 2026;20th September 2026;8
2026-W37;Dragapult Dusknoir;Fezandipiti ex;ASC 142;8;1;8;1,0;1,0;8;100,0;ASC;142;Double Rare;Basic;https://limitlesstcg.nyc3.cdn.digitaloceanspaces.com/tpci/ASC/ASC_142_R_EN_LG.png;No;City League;569;20th September 2026;20th September 2026;8
2026-W37;Dragapult Dusknoir;Meowth ex;POR 62;8;1;8;1,0;1,0;8;100,0;POR;62;Double Rare;Basic;https://limitlesstcg.nyc3.cdn.digitaloceanspaces.com/tpci/POR/POR_062_R_EN_LG.png;No;City League;569;20th September 2026;20th September 2026;8
2026-W37;Dragapult Dusknoir;Moltres;PFL 14;4;1;4;1,0;0,5;8;50,0;PFL;14;Rare;Basic;https://limitlesstcg.nyc3.cdn.digitaloceanspaces.com/tpci/PFL/PFL_014_R_EN_LG.png;No;City League;569;20th September 2026;20th September 2026;8
2026-W37;Dragapult Dusknoir;Lillie's Determination;MEG 119;32;4;8;4,0;4,0;8;100,0;MEG;119;Uncommon;Supporter;https://limitlesstcg.nyc3.cdn.digitaloceanspaces.com/tpci/MEG/MEG_119_R_EN_LG.png;No;City League;569;20th September 2026;20th September 2026;8
2026-W37;Dragapult Dusknoir;Boss's Orders;MEG 114;24;3;8;3,0;3,0;8;100,0;MEG;114;Uncommon;Supporter;https://limitlesstcg.nyc3.cdn.digitaloceanspaces.com/tpci/MEG/MEG_114_R_EN_LG.png;No;City League;569;20th September 2026;20th September 2026;8
2026-W37;Dragapult Dusknoir;Crispin;SCR 133;16;2;8;2,0;2,0;8;100,0;SCR;133;Uncommon;Supporter;https://limitlesstcg.nyc3.cdn.digitaloceanspaces.com/tpci/SCR/SCR_133_R_EN_LG.png;No;City League;569;20th September 2026;20th September 2026;8
2026-W37;Dragapult Dusknoir;Rosa's Encouragement;POR 84;8;1;8;1,0;1,0;8;100,0;POR;84;Uncommon;Supporter;https://limitlesstcg.nyc3.cdn.digitaloceanspaces.com/tpci/POR/POR_084_R_EN_LG.png;No;City League;569;20th September 2026;20th September 2026;8
2026-W37;Dragapult Dusknoir;Dawn;PFL 87;8;2;6;1,33;1,0;8;75,0;PFL;87;Uncommon;Supporter;https://limitlesstcg.nyc3.cdn.digitaloceanspaces.com/tpci/PFL/PFL_087_R_EN_LG.png;No;City League;569;20th September 2026;20th September 2026;8
2026-W37;Dragapult Dusknoir;Judge;POR 76;2;1;2;1,0;0,25;8;25,0;POR;76;Uncommon;Supporter;https://limitlesstcg.nyc3.cdn.digitaloceanspaces.com/tpci/POR/POR_076_R_EN_LG.png;No;City League;569;20th September 2026;20th September 2026;8
2026-W37;Dragapult Dusknoir;Buddy-Buddy Poffin;TEF 144;32;4;8;4,0;4,0;8;100,0;TEF;144;Uncommon;Item;https://limitlesstcg.nyc3.cdn.digitaloceanspaces.com/tpci/TEF/TEF_144_R_EN_LG.png;No;City League;569;20th September 2026;20th September 2026;8
2026-W37;Dragapult Dusknoir;Poké Pad;POR 81;30;4;8;3,75;3,75;8;100,0;POR;81;Uncommon;Item;https://limitlesstcg.nyc3.cdn.digitaloceanspaces.com/tpci/POR/POR_081_R_EN_LG.png;No;City League;569;20th September 2026;20th September 2026;8
2026-W37;Dragapult Dusknoir;Ultra Ball;MEG 131;32;4;8;4,0;4,0;8;100,0;MEG;131;Common;Item;https://limitlesstcg.nyc3.cdn.digitaloceanspaces.com/tpci/MEG/MEG_131_R_EN_LG.png;No;City League;569;20th September 2026;20th September 2026;8
2026-W37;Dragapult Dusknoir;Night Stretcher;ASC 196;16;2;8;2,0;2,0;8;100,0;ASC;196;Common;Item;https://limitlesstcg.nyc3.cdn.digitaloceanspaces.com/tpci/ASC/ASC_196_R_EN_LG.png;No;City League;569;20th September 2026;20th September 2026;8
2026-W37;Dragapult Dusknoir;Special Red Card;CRI 82;8;1;8;1,0;1,0;8;100,0;CRI;82;Uncommon;Item;https://limitlesstcg.nyc3.cdn.digitaloceanspaces.com/tpci/CRI/CRI_082_R_EN_LG.png;No;City League;569;20th September 2026;20th September 2026;8
2026-W37;Dragapult Dusknoir;Unfair Stamp;TWM 165;8;1;8;1,0;1,0;8;100,0;TWM;165;Ultra Rare;Item;https://limitlesstcg.nyc3.cdn.digitaloceanspaces.com/tpci/TWM/TWM_165_R_EN_LG.png;Yes;City League;569;20th September 2026;20th September 2026;8
2026-W37;Dragapult Dusknoir;Risky Ruins;MEG 127;4;1;4;1,0;0,5;8;50,0;MEG;127;Uncommon;Stadium;https://limitlesstcg.nyc3.cdn.digitaloceanspaces.com/tpci/MEG/MEG_127_R_EN_LG.png;No;City League;569;20th September 2026;20th September 2026;8
2026-W37;Dragapult Dusknoir;Team Rocket's Watchtower;DRI 180;10;2;8;1,25;1,25;8;100,0;DRI;180;Uncommon;Stadium;https://limitlesstcg.nyc3.cdn.digitaloceanspaces.com/tpci/DRI/DRI_180_R_EN_LG.png;No;City League;569;20th September 2026;20th September 2026;8
2026-W37;Dragapult Dusknoir;Fire Energy;MEE 10;24;3;8;3,0;3,0;8;100,0;MEE;10;;Basic Energy;https://limitlesstcg.nyc3.cdn.digitaloceanspaces.com/tpci/MEE/MEE_002_R_EN_LG.png;No;City League;569;20th September 2026;20th September 2026;8
2026-W37;Dragapult Dusknoir;Psychic Energy;MEE 13;24;3;8;3,0;3,0;8;100,0;MEE;13;;Basic Energy;https://limitlesstcg.nyc3.cdn.digitaloceanspaces.com/tpci/MEE/MEE_005_R_EN_LG.png;No;City League;569;20th September 2026;20th September 2026;8
2026-W37;Dragapult Dusknoir;Darkness Energy;MEE 15;16;2;8;2,0;2,0;8;100,0;MEE;15;;Basic Energy;https://limitlesstcg.nyc3.cdn.digitaloceanspaces.com/tpci/MEE/MEE_007_R_EN_LG.png;No;City League;569;20th September 2026;20th September 2026;8
2026-W37;Dragapult Dusknoir;Rare Candy;MEG 125;14;3;6;2,33;1,75;8;75,0;MEG;125;Common;Item;https://limitlesstcg.nyc3.cdn.digitaloceanspaces.com/tpci/MEG/MEG_125_R_EN_LG.png;No;City League;569;20th September 2026;20th September 2026;8
2026-W37;Dragapult Dusknoir;Jamming Tower;TWM 153;6;1;6;1,0;0,75;8;75,0;TWM;153;Uncommon;Stadium;https://limitlesstcg.nyc3.cdn.digitaloceanspaces.com/tpci/TWM/TWM_153_R_EN_LG.png;No;City League;569;20th September 2026;20th September 2026;8
2026-W37;Mega Rayquaza;Mega Kangaskhan ex;MEG 104;12;3;4;3,0;3,0;4;100,0;MEG;104;Double Rare;Basic;https://limitlesstcg.nyc3.cdn.digitaloceanspaces.com/tpci/MEG/MEG_104_R_EN_LG.png;No;City League;569;20th September 2026;20th September 2026;4
2026-W37;Mega Rayquaza;Talonflame ex;M6 62;8;2;4;2,0;2,0;4;100,0;M6;62;Double Rare;Stage 2;https://limitlesstcg.nyc3.cdn.digitaloceanspaces.com/tpc/M6/M6_62_R_JP_LG.png;No;City League;569;20th September 2026;20th September 2026;4
2026-W37;Mega Rayquaza;Mega Rayquaza ex;M6 58;8;2;4;2,0;2,0;4;100,0;M6;58;Double Rare;Basic;https://limitlesstcg.nyc3.cdn.digitaloceanspaces.com/tpc/M6/M6_58_R_JP_LG.png;No;City League;569;20th September 2026;20th September 2026;4
2026-W37;Mega Rayquaza;Ethan's Ho-Oh ex;DRI 39;8;2;4;2,0;2,0;4;100,0;DRI;39;Double Rare;Basic;https://limitlesstcg.nyc3.cdn.digitaloceanspaces.com/tpci/DRI/DRI_039_R_EN_LG.png;No;City League;569;20th September 2026;20th September 2026;4
2026-W37;Mega Rayquaza;Latias ex;SSP 76;8;2;4;2,0;2,0;4;100,0;SSP;76;Double Rare;Basic;https://limitlesstcg.nyc3.cdn.digitaloceanspaces.com/tpci/SSP/SSP_076_R_EN_LG.png;No;City League;569;20th September 2026;20th September 2026;4
2026-W37;Mega Rayquaza;Meowth ex;POR 62;8;2;4;2,0;2,0;4;100,0;POR;62;Double Rare;Basic;https://limitlesstcg.nyc3.cdn.digitaloceanspaces.com/tpci/POR/POR_062_R_EN_LG.png;No;City League;569;20th September 2026;20th September 2026;4
2026-W37;Mega Rayquaza;Iron Thorns ex;TWM 77;2;1;2;1,0;0,5;4;50,0;TWM;77;Double Rare;Basic;https://limitlesstcg.nyc3.cdn.digitaloceanspaces.com/tpci/TWM/TWM_077_R_EN_LG.png;No;City League;569;20th September 2026;20th September 2026;4
2026-W37;Mega Rayquaza;Bloodmoon Ursaluna ex;TWM 141;2;1;2;1,0;0,5;4;50,0;TWM;141;Double Rare;Basic;https://limitlesstcg.nyc3.cdn.digitaloceanspaces.com/tpci/TWM/TWM_141_R_EN_LG.png;No;City League;569;20th September 2026;20th September 2026;4
2026-W37;Mega Rayquaza;Fezandipiti ex;ASC 142;4;1;4;1,0;1,0;4;100,0;ASC;142;Double Rare;Basic;https://limitlesstcg.nyc3.cdn.digitaloceanspaces.com/tpci/ASC/ASC_142_R_EN_LG.png;No;City League;569;20th September 2026;20th September 2026;4
2026-W37;Mega Rayquaza;Cyrano;SSP 170;12;4;4;3,0;3,0;4;100,0;SSP;170;Uncommon;Supporter;https://limitlesstcg.nyc3.cdn.digitaloceanspaces.com/tpci/SSP/SSP_170_R_EN_LG.png;No;City League;569;20th September 2026;20th September 2026;4
2026-W37;Mega Rayquaza;Lillie's Determination;MEG 119;8;2;4;2,0;2,0;4;100,0;MEG;119;Uncommon;Supporter;https://limitlesstcg.nyc3.cdn.digitaloceanspaces.com/tpci/MEG/MEG_119_R_EN_LG.png;No;City League;569;20th September 2026;20th September 2026;4
2026-W37;Mega Rayquaza;Judge;POR 76;4;2;2;2,0;1,0;4;50,0;POR;76;Uncommon;Supporter;https://limitlesstcg.nyc3.cdn.digitaloceanspaces.com/tpci/POR/POR_076_R_EN_LG.png;No;City League;569;20th September 2026;20th September 2026;4
2026-W37;Mega Rayquaza;Boss's Orders;MEG 114;10;3;4;2,5;2,5;4;100,0;MEG;114;Uncommon;Supporter;https://limitlesstcg.nyc3.cdn.digitaloceanspaces.com/tpci/MEG/MEG_114_R_EN_LG.png;No;City League;569;20th September 2026;20th September 2026;4
2026-W37;Mega Rayquaza;Crispin;SCR 133;10;3;4;2,5;2,5;4;100,0;SCR;133;Uncommon;Supporter;https://limitlesstcg.nyc3.cdn.digitaloceanspaces.com/tpci/SCR/SCR_133_R_EN_LG.png;No;City League;569;20th September 2026;20th September 2026;4
2026-W37;Mega Rayquaza;Ultra Ball;MEG 131;16;4;4;4,0;4,0;4;100,0;MEG;131;Common;Item;https://limitlesstcg.nyc3.cdn.digitaloceanspaces.com/tpci/MEG/MEG_131_R_EN_LG.png;No;City League;569;20th September 2026;20th September 2026;4
2026-W37;Mega Rayquaza;Energy Switch;MEG 115;16;4;4;4,0;4,0;4;100,0;MEG;115;Common;Item;https://limitlesstcg.nyc3.cdn.digitaloceanspaces.com/tpci/MEG/MEG_115_R_EN_LG.png;No;City League;569;20th September 2026;20th September 2026;4
2026-W37;Mega Rayquaza;Switch;MEG 130;6;2;4;1,5;1,5;4;100,0;MEG;130;Common;Item;https://limitlesstcg.nyc3.cdn.digitaloceanspaces.com/tpci/MEG/MEG_130_R_EN_LG.png;No;City League;569;20th September 2026;20th September 2026;4
2026-W37;Mega Rayquaza;Adventuring Lantern;M6 64;6;2;4;1,5;1,5;4;100,0;M6;64;Uncommon;Item;https://limitlesstcg.nyc3.cdn.digitaloceanspaces.com/tpc/M6/M6_64_R_JP_LG.png;;City League;569;20th September 2026;20th September 2026;4
2026-W37;Mega Rayquaza;Unfair Stamp;TWM 165;4;1;4;1,0;1,0;4;100,0;TWM;165;Ultra Rare;Item;https://limitlesstcg.nyc3.cdn.digitaloceanspaces.com/tpci/TWM/TWM_165_R_EN_LG.png;Yes;City League;569;20th September 2026;20th September 2026;4
2026-W37;Mega Rayquaza;Legendary Lava Cave;M6 76;8;4;2;4,0;2,0;4;50,0;M6;76;Uncommon;Stadium;https://limitlesstcg.nyc3.cdn.digitaloceanspaces.com/tpc/M6/M6_76_R_JP_LG.png;;City League;569;20th September 2026;20th September 2026;4
2026-W37;Mega Rayquaza;Jamming Tower;TWM 153;2;1;2;1,0;0,5;4;50,0;TWM;153;Uncommon;Stadium;https://limitlesstcg.nyc3.cdn.digitaloceanspaces.com/tpci/TWM/TWM_153_R_EN_LG.png;No;City League;569;20th September 2026;20th September 2026;4
2026-W37;Mega Rayquaza;Fire Energy;MEE 10;40;10;4;10,0;10,0;4;100,0;MEE;10;;Basic Energy;https://limitlesstcg.nyc3.cdn.digitaloceanspaces.com/tpci/MEE/MEE_002_R_EN_LG.png;No;City League;569;20th September 2026;20th September 2026;4
2026-W37;Mega Rayquaza;Lightning Energy;MEE 12;20;5;4;5,0;5,0;4;100,0;MEE;12;;Basic Energy;https://limitlesstcg.nyc3.cdn.digitaloceanspaces.com/tpci/MEE/MEE_004_R_EN_LG.png;No;City League;569;20th September 2026;20th September 2026;4
2026-W37;Mega Rayquaza;Duskull;PRE 35;4;2;2;2,0;1,0;4;50,0;PRE;35;Common;Basic;https://limitlesstcg.nyc3.cdn.digitaloceanspaces.com/tpci/PRE/PRE_035_R_EN_LG.png;No;City League;569;20th September 2026;20th September 2026;4
2026-W37;Mega Rayquaza;Dusclops;PRE 36;2;1;2;1,0;0,5;4;50,0;PRE;36;Common;Stage 1;https://limitlesstcg.nyc3.cdn.digitaloceanspaces.com/tpci/PRE/PRE_036_R_EN_LG.png;No;City League;569;20th September 2026;20th September 2026;4
2026-W37;Mega Rayquaza;Dusknoir;PRE 37;2;1;2;1,0;0,5;4;50,0;PRE;37;Rare;Stage 2;https://limitlesstcg.nyc3.cdn.digitaloceanspaces.com/tpci/PRE/PRE_037_R_EN_LG.png;No;City League;569;20th September 2026;20th September 2026;4
2026-W37;Mega Rayquaza;Dusk Ball;SSP 175;4;2;2;2,0;1,0;4;50,0;SSP;175;Uncommon;Item;https://limitlesstcg.nyc3.cdn.digitaloceanspaces.com/tpci/SSP/SSP_175_R_EN_LG.png;No;City League;569;20th September 2026;20th September 2026;4
2026-W37;Mega Rayquaza;Rare Candy;MEG 125;2;1;2;1,0;0,5;4;50,0;MEG;125;Common;Item;https://limitlesstcg.nyc3.cdn.digitaloceanspaces.com/tpci/MEG/MEG_125_R_EN_LG.png;No;City League;569;20th September 2026;20th September 2026;4
2026-W37;Mega Rayquaza;Special Red Card;CRI 82;2;1;2;1,0;0,5;4;50,0;CRI;82;Uncommon;Item;https://limitlesstcg.nyc3.cdn.digitaloceanspaces.com/tpci/CRI/CRI_082_R_EN_LG.png;No;City League;569;20th September 2026;20th September 2026;4
2026-W37;Mega Rayquaza;Lively Stadium;SSP 180;2;1;2;1,0;0,5;4;50,0;SSP;180;Uncommon;Stadium;https://limitlesstcg.nyc3.cdn.digitaloceanspaces.com/tpci/SSP/SSP_180_R_EN_LG.png;No;City League;569;20th September 2026;20th September 2026;4
2026-W37;Mega Starmie Froslass;Snorunt;ASC 46;6;3;2;3,0;3,0;2;100,0;ASC;46;Common;Basic;https://limitlesstcg.nyc3.cdn.digitaloceanspaces.com/tpci/ASC/ASC_046_R_EN_LG.png;No;City League;569;20th September 2026;20th September 2026;2
2026-W37;Mega Starmie Froslass;Mega Froslass ex;ASC 47;4;2;2;2,0;2,0;2;100,0;ASC;47;Double Rare;Stage 1;https://limitlesstcg.nyc3.cdn.digitaloceanspaces.com/tpci/ASC/ASC_047_R_EN_LG.png;No;City League;569;20th September 2026;20th September 2026;2
2026-W37;Mega Starmie Froslass;Froslass;TWM 53;4;2;2;2,0;2,0;2;100,0;TWM;53;Rare;Stage 1;https://limitlesstcg.nyc3.cdn.digitaloceanspaces.com/tpci/TWM/TWM_053_R_EN_LG.png;No;City League;569;20th September 2026;20th September 2026;2
2026-W37;Mega Starmie Froslass;Staryu;POR 20;4;2;2;2,0;2,0;2;100,0;POR;20;Common;Basic;https://limitlesstcg.nyc3.cdn.digitaloceanspaces.com/tpci/POR/POR_020_R_EN_LG.png;No;City League;569;20th September 2026;20th September 2026;2
2026-W37;Mega Starmie Froslass;Mega Starmie ex;POR 21;4;2;2;2,0;2,0;2;100,0;POR;21;Double Rare;Stage 1;https://limitlesstcg.nyc3.cdn.digitaloceanspaces.com/tpci/POR/POR_021_R_EN_LG.png;No;City League;569;20th September 2026;20th September 2026;2
2026-W37;Mega Starmie Froslass;Dunsparce;JTG 120;4;2;2;2,0;2,0;2;100,0;JTG;120;Common;Basic;https://limitlesstcg.nyc3.cdn.digitaloceanspaces.com/tpci/JTG/JTG_120_R_EN_LG.png;No;City League;569;20th September 2026;20th September 2026;2
2026-W37;Mega Starmie Froslass;Dudunsparce ex;JTG 121;4;2;2;2,0;2,0;2;100,0;JTG;121;Double Rare;Stage 1;https://limitlesstcg.nyc3.cdn.digitaloceanspaces.com/tpci/JTG/JTG_121_R_EN_LG.png;No;City League;569;20th September 2026;20th September 2026;2
2026-W37;Mega Starmie Froslass;Dudunsparce;TEF 129;2;1;2;1,0;1,0;2;100,0;TEF;129;Rare;Stage 1;https://limitlesstcg.nyc3.cdn.digitaloceanspaces.com/tpci/TEF/TEF_129_R_EN_LG.png;No;City League;569;20th September 2026;20th September 2026;2
2026-W37;Mega Starmie Froslass;Munkidori;TWM 95;4;2;2;2,0;2,0;2;100,0;TWM;95;Rare;Basic;https://limitlesstcg.nyc3.cdn.digitaloceanspaces.com/tpci/TWM/TWM_095_R_EN_LG.png;No;City League;569;20th September 2026;20th September 2026;2
2026-W37;Mega Starmie Froslass;Budew;ASC 16;2;1;2;1,0;1,0;2;100,0;ASC;16;Common;Basic;https://limitlesstcg.nyc3.cdn.digitaloceanspaces.com/tpci/ASC/ASC_016_R_EN_LG.png;No;City League;569;20th September 2026;20th September 2026;2
2026-W37;Mega Starmie Froslass;Yveltal;MEG 88;2;1;2;1,0;1,0;2;100,0;MEG;88;Rare;Basic;https://limitlesstcg.nyc3.cdn.digitaloceanspaces.com/tpci/MEG/MEG_088_R_EN_LG.png;No;City League;569;20th September 2026;20th September 2026;2
2026-W37;Mega Starmie Froslass;Meowth ex;POR 62;2;1;2;1,0;1,0;2;100,0;POR;62;Double Rare;Basic;https://limitlesstcg.nyc3.cdn.digitaloceanspaces.com/tpci/POR/POR_062_R_EN_LG.png;No;City League;569;20th September 2026;20th September 2026;2
2026-W37;Mega Starmie Froslass;Lillie's Clefairy ex;JTG 56;2;1;2;1,0;1,0;2;100,0;JTG;56;Double Rare;Basic;https://limitlesstcg.nyc3.cdn.digitaloceanspaces.com/tpci/JTG/JTG_056_R_EN_LG.png;No;City League;569;20th September 2026;20th September 2026;2
2026-W37;Mega Starmie Froslass;Lillie's Determination;MEG 119;8;4;2;4,0;4,0;2;100,0;MEG;119;Uncommon;Supporter;https://limitlesstcg.nyc3.cdn.digitaloceanspaces.com/tpci/MEG/MEG_119_R_EN_LG.png;No;City League;569;20th September 2026;20th September 2026;2
2026-W37;Mega Starmie Froslass;Hilda;WHT 84;8;4;2;4,0;4,0;2;100,0;WHT;84;Uncommon;Supporter;https://limitlesstcg.nyc3.cdn.digitaloceanspaces.com/tpci/WHT/WHT_084_R_EN_LG.png;No;City League;569;20th September 2026;20th September 2026;2
2026-W37;Mega Starmie Froslass;Boss's Orders;MEG 114;6;3;2;3,0;3,0;2;100,0;MEG;114;Uncommon;Supporter;https://limitlesstcg.nyc3.cdn.digitaloceanspaces.com/tpci/MEG/MEG_114_R_EN_LG.png;No;City League;569;20th September 2026;20th September 2026;2
2026-W37;Mega Starmie Froslass;Lucian;TWM 157;4;2;2;2,0;2,0;2;100,0;TWM;157;Uncommon;Supporter;https://limitlesstcg.nyc3.cdn.digitaloceanspaces.com/tpci/TWM/TWM_157_R_EN_LG.png;No;City League;569;20th September 2026;20th September 2026;2
2026-W37;Mega Starmie Froslass;Crispin;SCR 133;2;1;2;1,0;1,0;2;100,0;SCR;133;Uncommon;Supporter;https://limitlesstcg.nyc3.cdn.digitaloceanspaces.com/tpci/SCR/SCR_133_R_EN_LG.png;No;City League;569;20th September 2026;20th September 2026;2
2026-W37;Mega Starmie Froslass;Buddy-Buddy Poffin;TEF 144;8;4;2;4,0;4,0;2;100,0;TEF;144;Uncommon;Item;https://limitlesstcg.nyc3.cdn.digitaloceanspaces.com/tpci/TEF/TEF_144_R_EN_LG.png;No;City League;569;20th September 2026;20th September 2026;2
2026-W37;Mega Starmie Froslass;Poké Pad;POR 81;8;4;2;4,0;4,0;2;100,0;POR;81;Uncommon;Item;https://limitlesstcg.nyc3.cdn.digitaloceanspaces.com/tpci/POR/POR_081_R_EN_LG.png;No;City League;569;20th September 2026;20th September 2026;2
2026-W37;Mega Starmie Froslass;Ultra Ball;MEG 131;6;3;2;3,0;3,0;2;100,0;MEG;131;Common;Item;https://limitlesstcg.nyc3.cdn.digitaloceanspaces.com/tpci/MEG/MEG_131_R_EN_LG.png;No;City League;569;20th September 2026;20th September 2026;2
2026-W37;Mega Starmie Froslass;Night Stretcher;ASC 196;2;1;2;1,0;1,0;2;100,0;ASC;196;Common;Item;https://limitlesstcg.nyc3.cdn.digitaloceanspaces.com/tpci/ASC/ASC_196_R_EN_LG.png;No;City League;569;20th September 2026;20th September 2026;2
2026-W37;Mega Starmie Froslass;Gravity Mountain;SSP 177;2;1;2;1,0;1,0;2;100,0;SSP;177;Uncommon;Stadium;https://limitlesstcg.nyc3.cdn.digitaloceanspaces.com/tpci/SSP/SSP_177_R_EN_LG.png;No;City League;569;20th September 2026;20th September 2026;2
2026-W37;Mega Starmie Froslass;Surfing Beach;MEG 129;2;1;2;1,0;1,0;2;100,0;MEG;129;Uncommon;Stadium;https://limitlesstcg.nyc3.cdn.digitaloceanspaces.com/tpci/MEG/MEG_129_R_EN_LG.png;No;City League;569;20th September 2026;20th September 2026;2
2026-W37;Mega Starmie Froslass;Water Energy;MEE 11;8;4;2;4,0;4,0;2;100,0;MEE;11;;Basic Energy;https://limitlesstcg.nyc3.cdn.digitaloceanspaces.com/tpci/MEE/MEE_003_R_EN_LG.png;No;City League;569;20th September 2026;20th September 2026;2
2026-W37;Mega Starmie Froslass;Prism Energy;ASC 216;4;2;2;2,0;2,0;2;100,0;ASC;216;Uncommon;Special Energy;https://limitlesstcg.nyc3.cdn.digitaloceanspaces.com/tpci/ASC/ASC_216_R_EN_LG.png;No;City League;569;20th September 2026;20th September 2026;2
2026-W37;Mega Starmie Froslass;Legacy Energy;TWM 167;2;1;2;1,0;1,0;2;100,0;TWM;167;Ultra Rare;Special Energy;https://limitlesstcg.nyc3.cdn.digitaloceanspaces.com/tpci/TWM/TWM_167_R_EN_LG.png;Yes;City League;569;20th September 2026;20th September 2026;2
2026-W37;Mega Starmie Froslass;Bubbly Water Energy;CRI 84;2;1;2;1,0;1,0;2;100,0;CRI;84;Rare;Special Energy;https://limitlesstcg.nyc3.cdn.digitaloceanspaces.com/tpci/CRI/CRI_084_R_EN_LG.png;No;City League;569;20th September 2026;20th September 2026;2
2026-W37;Mega Starmie Froslass;Darkness Energy;MEE 15;2;1;2;1,0;1,0;2;100,0;MEE;15;;Basic Energy;https://limitlesstcg.nyc3.cdn.digitaloceanspaces.com/tpci/MEE/MEE_007_R_EN_LG.png;No;City League;569;20th September 2026;20th September 2026;2
2026-W37;Mega Starmie Froslass;Psychic Energy;MEE 13;2;1;2;1,0;1,0;2;100,0;MEE;13;;Basic Energy;https://limitlesstcg.nyc3.cdn.digitaloceanspaces.com/tpci/MEE/MEE_005_R_EN_LG.png;No;City League;569;20th September 2026;20th September 2026;2
2026-W37;Grimmsnarl Froslass;Marnie's Impidimp;DRI 134;8;4;2;4,0;4,0;2;100,0;DRI;134;Common;Basic;https://limitlesstcg.nyc3.cdn.digitaloceanspaces.com/tpci/DRI/DRI_134_R_EN_LG.png;No;City League;569;20th September 2026;20th September 2026;2
2026-W37;Grimmsnarl Froslass;Marnie's Morgrem;DRI 135;4;2;2;2,0;2,0;2;100,0;DRI;135;Uncommon;Stage 1;https://limitlesstcg.nyc3.cdn.digitaloceanspaces.com/tpci/DRI/DRI_135_R_EN_LG.png;No;City League;569;20th September 2026;20th September 2026;2
2026-W37;Grimmsnarl Froslass;Marnie's Grimmsnarl ex;DRI 136;6;3;2;3,0;3,0;2;100,0;DRI;136;Double Rare;Stage 2;https://limitlesstcg.nyc3.cdn.digitaloceanspaces.com/tpci/DRI/DRI_136_R_EN_LG.png;No;City League;569;20th September 2026;20th September 2026;2
2026-W37;Grimmsnarl Froslass;Munkidori;TWM 95;8;4;2;4,0;4,0;2;100,0;TWM;95;Rare;Basic;https://limitlesstcg.nyc3.cdn.digitaloceanspaces.com/tpci/TWM/TWM_095_R_EN_LG.png;No;City League;569;20th September 2026;20th September 2026;2
2026-W37;Grimmsnarl Froslass;Snorunt;ASC 46;6;3;2;3,0;3,0;2;100,0;ASC;46;Common;Basic;https://limitlesstcg.nyc3.cdn.digitaloceanspaces.com/tpci/ASC/ASC_046_R_EN_LG.png;No;City League;569;20th September 2026;20th September 2026;2
2026-W37;Grimmsnarl Froslass;Froslass;TWM 53;6;3;2;3,0;3,0;2;100,0;TWM;53;Rare;Stage 1;https://limitlesstcg.nyc3.cdn.digitaloceanspaces.com/tpci/TWM/TWM_053_R_EN_LG.png;No;City League;569;20th September 2026;20th September 2026;2
2026-W37;Grimmsnarl Froslass;Yveltal;MEG 88;2;1;2;1,0;1,0;2;100,0;MEG;88;Rare;Basic;https://limitlesstcg.nyc3.cdn.digitaloceanspaces.com/tpci/MEG/MEG_088_R_EN_LG.png;No;City League;569;20th September 2026;20th September 2026;2
2026-W37;Grimmsnarl Froslass;Budew;ASC 16;2;1;2;1,0;1,0;2;100,0;ASC;16;Common;Basic;https://limitlesstcg.nyc3.cdn.digitaloceanspaces.com/tpci/ASC/ASC_016_R_EN_LG.png;No;City League;569;20th September 2026;20th September 2026;2
2026-W37;Grimmsnarl Froslass;Tatsugiri;TWM 131;2;1;2;1,0;1,0;2;100,0;TWM;131;Uncommon;Basic;https://limitlesstcg.nyc3.cdn.digitaloceanspaces.com/tpci/TWM/TWM_131_R_EN_LG.png;No;City League;569;20th September 2026;20th September 2026;2
2026-W37;Grimmsnarl Froslass;Lillie's Determination;MEG 119;8;4;2;4,0;4,0;2;100,0;MEG;119;Uncommon;Supporter;https://limitlesstcg.nyc3.cdn.digitaloceanspaces.com/tpci/MEG/MEG_119_R_EN_LG.png;No;City League;569;20th September 2026;20th September 2026;2
2026-W37;Grimmsnarl Froslass;Team Rocket's Petrel;DRI 176;8;4;2;4,0;4,0;2;100,0;DRI;176;Uncommon;Supporter;https://limitlesstcg.nyc3.cdn.digitaloceanspaces.com/tpci/DRI/DRI_176_R_EN_LG.png;No;City League;569;20th September 2026;20th September 2026;2
2026-W37;Grimmsnarl Froslass;Boss's Orders;MEG 114;6;3;2;3,0;3,0;2;100,0;MEG;114;Uncommon;Supporter;https://limitlesstcg.nyc3.cdn.digitaloceanspaces.com/tpci/MEG/MEG_114_R_EN_LG.png;No;City League;569;20th September 2026;20th September 2026;2
2026-W37;Grimmsnarl Froslass;Gwynn;PBL 78;4;2;2;2,0;2,0;2;100,0;PBL;78;Uncommon;Supporter;https://limitlesstcg.nyc3.cdn.digitaloceanspaces.com/tpci/PBL/PBL_078_R_EN_LG.png;No;City League;569;20th September 2026;20th September 2026;2
2026-W37;Grimmsnarl Froslass;Lana's Aid;TWM 155;2;1;2;1,0;1,0;2;100,0;TWM;155;Uncommon;Supporter;https://limitlesstcg.nyc3.cdn.digitaloceanspaces.com/tpci/TWM/TWM_155_R_EN_LG.png;No;City League;569;20th September 2026;20th September 2026;2
2026-W37;Grimmsnarl Froslass;Poké Pad;POR 81;8;4;2;4,0;4,0;2;100,0;POR;81;Uncommon;Item;https://limitlesstcg.nyc3.cdn.digitaloceanspaces.com/tpci/POR/POR_081_R_EN_LG.png;No;City League;569;20th September 2026;20th September 2026;2
2026-W37;Grimmsnarl Froslass;Buddy-Buddy Poffin;TEF 144;4;2;2;2,0;2,0;2;100,0;TEF;144;Uncommon;Item;https://limitlesstcg.nyc3.cdn.digitaloceanspaces.com/tpci/TEF/TEF_144_R_EN_LG.png;No;City League;569;20th September 2026;20th September 2026;2
2026-W37;Grimmsnarl Froslass;Night Stretcher;ASC 196;4;2;2;2,0;2,0;2;100,0;ASC;196;Common;Item;https://limitlesstcg.nyc3.cdn.digitaloceanspaces.com/tpci/ASC/ASC_196_R_EN_LG.png;No;City League;569;20th September 2026;20th September 2026;2
2026-W37;Grimmsnarl Froslass;Rare Candy;MEG 125;2;1;2;1,0;1,0;2;100,0;MEG;125;Common;Item;https://limitlesstcg.nyc3.cdn.digitaloceanspaces.com/tpci/MEG/MEG_125_R_EN_LG.png;No;City League;569;20th September 2026;20th September 2026;2
2026-W37;Grimmsnarl Froslass;Secret Box;TWM 163;2;1;2;1,0;1,0;2;100,0;TWM;163;Ultra Rare;Item;https://limitlesstcg.nyc3.cdn.digitaloceanspaces.com/tpci/TWM/TWM_163_R_EN_LG.png;Yes;City League;569;20th September 2026;20th September 2026;2
2026-W37;Grimmsnarl Froslass;Air Balloon;ASC 181;2;1;2;1,0;1,0;2;100,0;ASC;181;Uncommon;Tool;https://limitlesstcg.nyc3.cdn.digitaloceanspaces.com/tpci/ASC/ASC_181_R_EN_LG.png;No;City League;569;20th September 2026;20th September 2026;2
2026-W37;Grimmsnarl Froslass;Special Vest;M6 65;2;1;2;1,0;1,0;2;100,0;M6;65;Uncommon;Tool;https://limitlesstcg.nyc3.cdn.digitaloceanspaces.com/tpc/M6/M6_65_R_JP_LG.png;;City League;569;20th September 2026;20th September 2026;2
2026-W37;Grimmsnarl Froslass;Spikemuth Gym;DRI 169;6;3;2;3,0;3,0;2;100,0;DRI;169;Uncommon;Stadium;https://limitlesstcg.nyc3.cdn.digitaloceanspaces.com/tpci/DRI/DRI_169_R_EN_LG.png;No;City League;569;20th September 2026;20th September 2026;2
2026-W37;Grimmsnarl Froslass;Darkness Energy;MEE 15;18;9;2;9,0;9,0;2;100,0;MEE;15;;Basic Energy;https://limitlesstcg.nyc3.cdn.digitaloceanspaces.com/tpci/MEE/MEE_007_R_EN_LG.png;No;City League;569;20th September 2026;20th September 2026;2
2026-W37;Alakazam Dudunsparce;Abra;MEG 54;8;4;2;4,0;4,0;2;100,0;MEG;54;Common;Basic;https://limitlesstcg.nyc3.cdn.digitaloceanspaces.com/tpci/MEG/MEG_054_R_EN_LG.png;No;City League;569;20th September 2026;20th September 2026;2
2026-W37;Alakazam Dudunsparce;Kadabra;MEG 55;8;4;2;4,0;4,0;2;100,0;MEG;55;Uncommon;Stage 1;https://limitlesstcg.nyc3.cdn.digitaloceanspaces.com/tpci/MEG/MEG_055_R_EN_LG.png;No;City League;569;20th September 2026;20th September 2026;2
2026-W37;Alakazam Dudunsparce;Alakazam;MEG 56;6;3;2;3,0;3,0;2;100,0;MEG;56;Rare;Stage 2;https://limitlesstcg.nyc3.cdn.digitaloceanspaces.com/tpci/MEG/MEG_056_R_EN_LG.png;No;City League;569;20th September 2026;20th September 2026;2
2026-W37;Alakazam Dudunsparce;Dunsparce;JTG 120;6;3;2;3,0;3,0;2;100,0;JTG;120;Common;Basic;https://limitlesstcg.nyc3.cdn.digitaloceanspaces.com/tpci/JTG/JTG_120_R_EN_LG.png;No;City League;569;20th September 2026;20th September 2026;2
2026-W37;Alakazam Dudunsparce;Dudunsparce;TEF 129;4;2;2;2,0;2,0;2;100,0;TEF;129;Rare;Stage 1;https://limitlesstcg.nyc3.cdn.digitaloceanspaces.com/tpci/TEF/TEF_129_R_EN_LG.png;No;City League;569;20th September 2026;20th September 2026;2
2026-W37;Alakazam Dudunsparce;Elgyem;BLK 40;4;2;2;2,0;2,0;2;100,0;BLK;40;Common;Basic;https://limitlesstcg.nyc3.cdn.digitaloceanspaces.com/tpci/BLK/BLK_040_R_EN_LG.png;No;City League;569;20th September 2026;20th September 2026;2
2026-W37;Alakazam Dudunsparce;Beheeyem;TEF 74;2;1;2;1,0;1,0;2;100,0;TEF;74;Uncommon;Stage 1;https://limitlesstcg.nyc3.cdn.digitaloceanspaces.com/tpci/TEF/TEF_074_R_EN_LG.png;No;City League;569;20th September 2026;20th September 2026;2
2026-W37;Alakazam Dudunsparce;Fezandipiti ex;ASC 142;2;1;2;1,0;1,0;2;100,0;ASC;142;Double Rare;Basic;https://limitlesstcg.nyc3.cdn.digitaloceanspaces.com/tpci/ASC/ASC_142_R_EN_LG.png;No;City League;569;20th September 2026;20th September 2026;2
2026-W37;Alakazam Dudunsparce;Genesect;SFA 40;2;1;2;1,0;1,0;2;100,0;SFA;40;Uncommon;Basic;https://limitlesstcg.nyc3.cdn.digitaloceanspaces.com/tpci/SFA/SFA_040_R_EN_LG.png;No;City League;569;20th September 2026;20th September 2026;2
2026-W37;Alakazam Dudunsparce;Shaymin;DRI 10;2;1;2;1,0;1,0;2;100,0;DRI;10;Uncommon;Basic;https://limitlesstcg.nyc3.cdn.digitaloceanspaces.com/tpci/DRI/DRI_010_R_EN_LG.png;No;City League;569;20th September 2026;20th September 2026;2
2026-W37;Alakazam Dudunsparce;Dawn;PFL 87;8;4;2;4,0;4,0;2;100,0;PFL;87;Uncommon;Supporter;https://limitlesstcg.nyc3.cdn.digitaloceanspaces.com/tpci/PFL/PFL_087_R_EN_LG.png;No;City League;569;20th September 2026;20th September 2026;2
2026-W37;Alakazam Dudunsparce;Hilda;WHT 84;8;4;2;4,0;4,0;2;100,0;WHT;84;Uncommon;Supporter;https://limitlesstcg.nyc3.cdn.digitaloceanspaces.com/tpci/WHT/WHT_084_R_EN_LG.png;No;City League;569;20th September 2026;20th September 2026;2
2026-W37;Alakazam Dudunsparce;Boss's Orders;MEG 114;6;3;2;3,0;3,0;2;100,0;MEG;114;Uncommon;Supporter;https://limitlesstcg.nyc3.cdn.digitaloceanspaces.com/tpci/MEG/MEG_114_R_EN_LG.png;No;City League;569;20th September 2026;20th September 2026;2
2026-W37;Alakazam Dudunsparce;Eri;TEF 146;2;1;2;1,0;1,0;2;100,0;TEF;146;Uncommon;Supporter;https://limitlesstcg.nyc3.cdn.digitaloceanspaces.com/tpci/TEF/TEF_146_R_EN_LG.png;No;City League;569;20th September 2026;20th September 2026;2
2026-W37;Alakazam Dudunsparce;Lana's Aid;TWM 155;2;1;2;1,0;1,0;2;100,0;TWM;155;Uncommon;Supporter;https://limitlesstcg.nyc3.cdn.digitaloceanspaces.com/tpci/TWM/TWM_155_R_EN_LG.png;No;City League;569;20th September 2026;20th September 2026;2
2026-W37;Alakazam Dudunsparce;Poké Pad;POR 81;8;4;2;4,0;4,0;2;100,0;POR;81;Uncommon;Item;https://limitlesstcg.nyc3.cdn.digitaloceanspaces.com/tpci/POR/POR_081_R_EN_LG.png;No;City League;569;20th September 2026;20th September 2026;2
2026-W37;Alakazam Dudunsparce;Buddy-Buddy Poffin;TEF 144;8;4;2;4,0;4,0;2;100,0;TEF;144;Uncommon;Item;https://limitlesstcg.nyc3.cdn.digitaloceanspaces.com/tpci/TEF/TEF_144_R_EN_LG.png;No;City League;569;20th September 2026;20th September 2026;2
2026-W37;Alakazam Dudunsparce;Rare Candy;MEG 125;4;2;2;2,0;2,0;2;100,0;MEG;125;Common;Item;https://limitlesstcg.nyc3.cdn.digitaloceanspaces.com/tpci/MEG/MEG_125_R_EN_LG.png;No;City League;569;20th September 2026;20th September 2026;2
2026-W37;Alakazam Dudunsparce;Night Stretcher;ASC 196;2;1;2;1,0;1,0;2;100,0;ASC;196;Common;Item;https://limitlesstcg.nyc3.cdn.digitaloceanspaces.com/tpci/ASC/ASC_196_R_EN_LG.png;No;City League;569;20th September 2026;20th September 2026;2
2026-W37;Alakazam Dudunsparce;Sacred Ash;DRI 168;2;1;2;1,0;1,0;2;100,0;DRI;168;Uncommon;Item;https://limitlesstcg.nyc3.cdn.digitaloceanspaces.com/tpci/DRI/DRI_168_R_EN_LG.png;No;City League;569;20th September 2026;20th September 2026;2
2026-W37;Alakazam Dudunsparce;Handheld Fan;TWM 150;6;3;2;3,0;3,0;2;100,0;TWM;150;Uncommon;Tool;https://limitlesstcg.nyc3.cdn.digitaloceanspaces.com/tpci/TWM/TWM_150_R_EN_LG.png;No;City League;569;20th September 2026;20th September 2026;2
2026-W37;Alakazam Dudunsparce;Battle Cage;PFL 85;8;4;2;4,0;4,0;2;100,0;PFL;85;Uncommon;Stadium;https://limitlesstcg.nyc3.cdn.digitaloceanspaces.com/tpci/PFL/PFL_085_R_EN_LG.png;No;City League;569;20th September 2026;20th September 2026;2
2026-W37;Alakazam Dudunsparce;Telepathic Psychic Energy;POR 88;8;4;2;4,0;4,0;2;100,0;POR;88;Rare;Special Energy;https://limitlesstcg.nyc3.cdn.digitaloceanspaces.com/tpci/POR/POR_088_R_EN_LG.png;No;City League;569;20th September 2026;20th September 2026;2
2026-W37;Alakazam Dudunsparce;Psychic Energy;MEE 13;2;1;2;1,0;1,0;2;100,0;MEE;13;;Basic Energy;https://limitlesstcg.nyc3.cdn.digitaloceanspaces.com/tpci/MEE/MEE_005_R_EN_LG.png;No;City League;569;20th September 2026;20th September 2026;2
2026-W37;Alakazam Dudunsparce;Enriching Energy;SSP 191;2;1;2;1,0;1,0;2;100,0;SSP;191;Ultra Rare;Special Energy;https://limitlesstcg.nyc3.cdn.digitaloceanspaces.com/tpci/SSP/SSP_191_R_EN_LG.png;Yes;City League;569;20th September 2026;20th September 2026;2
2026-W37;Mega Venusaur;Teal Mask Ogerpon ex;TWM 25;8;4;2;4,0;4,0;2;100,0;TWM;25;Double Rare;Basic;https://limitlesstcg.nyc3.cdn.digitaloceanspaces.com/tpci/TWM/TWM_025_R_EN_LG.png;No;City League;569;20th September 2026;20th September 2026;2
2026-W37;Mega Venusaur;Chikorita;ASC 8;4;2;2;2,0;2,0;2;100,0;ASC;8;Common;Basic;https://limitlesstcg.nyc3.cdn.digitaloceanspaces.com/tpci/ASC/ASC_008_R_EN_LG.png;No;City League;569;20th September 2026;20th September 2026;2
2026-W37;Mega Venusaur;Bayleef;MEG 9;4;2;2;2,0;2,0;2;100,0;MEG;9;Common;Stage 1;https://limitlesstcg.nyc3.cdn.digitaloceanspaces.com/tpci/MEG/MEG_009_R_EN_LG.png;No;City League;569;20th September 2026;20th September 2026;2
2026-W37;Mega Venusaur;Meganium;MEG 10;4;2;2;2,0;2,0;2;100,0;MEG;10;Rare;Stage 2;https://limitlesstcg.nyc3.cdn.digitaloceanspaces.com/tpci/MEG/MEG_010_R_EN_LG.png;No;City League;569;20th September 2026;20th September 2026;2
2026-W37;Mega Venusaur;Bulbasaur;MEG 1;4;2;2;2,0;2,0;2;100,0;MEG;1;Common;Basic;https://limitlesstcg.nyc3.cdn.digitaloceanspaces.com/tpci/MEG/MEG_001_R_EN_LG.png;No;City League;569;20th September 2026;20th September 2026;2
2026-W37;Mega Venusaur;Ivysaur;MEG 2;4;2;2;2,0;2,0;2;100,0;MEG;2;Common;Stage 1;https://limitlesstcg.nyc3.cdn.digitaloceanspaces.com/tpci/MEG/MEG_002_R_EN_LG.png;No;City League;569;20th September 2026;20th September 2026;2
2026-W37;Mega Venusaur;Mega Venusaur ex;MEG 3;4;2;2;2,0;2,0;2;100,0;MEG;3;Double Rare;Stage 2;https://limitlesstcg.nyc3.cdn.digitaloceanspaces.com/tpci/MEG/MEG_003_R_EN_LG.png;No;City League;569;20th September 2026;20th September 2026;2
2026-W37;Mega Venusaur;Meowth ex;POR 62;4;2;2;2,0;2,0;2;100,0;POR;62;Double Rare;Basic;https://limitlesstcg.nyc3.cdn.digitaloceanspaces.com/tpci/POR/POR_062_R_EN_LG.png;No;City League;569;20th September 2026;20th September 2026;2
2026-W37;Mega Venusaur;Fezandipiti ex;ASC 142;2;1;2;1,0;1,0;2;100,0;ASC;142;Double Rare;Basic;https://limitlesstcg.nyc3.cdn.digitaloceanspaces.com/tpci/ASC/ASC_142_R_EN_LG.png;No;City League;569;20th September 2026;20th September 2026;2
2026-W37;Mega Venusaur;Celebi;MEG 12;2;1;2;1,0;1,0;2;100,0;MEG;12;Uncommon;Basic;https://limitlesstcg.nyc3.cdn.digitaloceanspaces.com/tpci/MEG/MEG_012_R_EN_LG.png;No;City League;569;20th September 2026;20th September 2026;2
2026-W37;Mega Venusaur;Genesect;PFL 8;2;1;2;1,0;1,0;2;100,0;PFL;8;Rare;Basic;https://limitlesstcg.nyc3.cdn.digitaloceanspaces.com/tpci/PFL/PFL_008_R_EN_LG.png;No;City League;569;20th September 2026;20th September 2026;2
2026-W37;Mega Venusaur;Flutter Mane;TEF 78;2;1;2;1,0;1,0;2;100,0;TEF;78;Rare;Basic;https://limitlesstcg.nyc3.cdn.digitaloceanspaces.com/tpci/TEF/TEF_078_R_EN_LG.png;No;City League;569;20th September 2026;20th September 2026;2
2026-W37;Mega Venusaur;Lillie's Determination;MEG 119;8;4;2;4,0;4,0;2;100,0;MEG;119;Uncommon;Supporter;https://limitlesstcg.nyc3.cdn.digitaloceanspaces.com/tpci/MEG/MEG_119_R_EN_LG.png;No;City League;569;20th September 2026;20th September 2026;2
2026-W37;Mega Venusaur;Boss's Orders;MEG 114;4;2;2;2,0;2,0;2;100,0;MEG;114;Uncommon;Supporter;https://limitlesstcg.nyc3.cdn.digitaloceanspaces.com/tpci/MEG/MEG_114_R_EN_LG.png;No;City League;569;20th September 2026;20th September 2026;2
2026-W37;Mega Venusaur;Judge;POR 76;4;2;2;2,0;2,0;2;100,0;POR;76;Uncommon;Supporter;https://limitlesstcg.nyc3.cdn.digitaloceanspaces.com/tpci/POR/POR_076_R_EN_LG.png;No;City League;569;20th September 2026;20th September 2026;2
2026-W37;Mega Venusaur;Ciphermaniac's Codebreaking;TEF 145;2;1;2;1,0;1,0;2;100,0;TEF;145;Uncommon;Supporter;https://limitlesstcg.nyc3.cdn.digitaloceanspaces.com/tpci/TEF/TEF_145_R_EN_LG.png;No;City League;569;20th September 2026;20th September 2026;2
2026-W37;Mega Venusaur;Bug Catching Set;TWM 143;8;4;2;4,0;4,0;2;100,0;TWM;143;Uncommon;Item;https://limitlesstcg.nyc3.cdn.digitaloceanspaces.com/tpci/TWM/TWM_143_R_EN_LG.png;No;City League;569;20th September 2026;20th September 2026;2
2026-W37;Mega Venusaur;Ultra Ball;MEG 131;8;4;2;4,0;4,0;2;100,0;MEG;131;Common;Item;https://limitlesstcg.nyc3.cdn.digitaloceanspaces.com/tpci/MEG/MEG_131_R_EN_LG.png;No;City League;569;20th September 2026;20th September 2026;2
2026-W37;Mega Venusaur;Poké Pad;POR 81;2;1;2;1,0;1,0;2;100,0;POR;81;Uncommon;Item;https://limitlesstcg.nyc3.cdn.digitaloceanspaces.com/tpci/POR/POR_081_R_EN_LG.png;No;City League;569;20th September 2026;20th September 2026;2
2026-W37;Mega Venusaur;Night Stretcher;ASC 196;2;1;2;1,0;1,0;2;100,0;ASC;196;Common;Item;https://limitlesstcg.nyc3.cdn.digitaloceanspaces.com/tpci/ASC/ASC_196_R_EN_LG.png;No;City League;569;20th September 2026;20th September 2026;2
2026-W37;Mega Venusaur;Max Rod;PRE 116;2;1;2;1,0;1,0;2;100,0;PRE;116;Ultra Rare;Item;https://limitlesstcg.nyc3.cdn.digitaloceanspaces.com/tpci/PRE/PRE_116_R_EN_LG.png;Yes;City League;569;20th September 2026;20th September 2026;2
2026-W37;Mega Venusaur;Special Red Card;CRI 82;2;1;2;1,0;1,0;2;100,0;CRI;82;Uncommon;Item;https://limitlesstcg.nyc3.cdn.digitaloceanspaces.com/tpci/CRI/CRI_082_R_EN_LG.png;No;City League;569;20th September 2026;20th September 2026;2
2026-W37;Mega Venusaur;Air Balloon;ASC 181;2;1;2;1,0;1,0;2;100,0;ASC;181;Uncommon;Tool;https://limitlesstcg.nyc3.cdn.digitaloceanspaces.com/tpci/ASC/ASC_181_R_EN_LG.png;No;City League;569;20th September 2026;20th September 2026;2
2026-W37;Mega Venusaur;Forest of Vitality;MEG 117;6;3;2;3,0;3,0;2;100,0;MEG;117;Uncommon;Stadium;https://limitlesstcg.nyc3.cdn.digitaloceanspaces.com/tpci/MEG/MEG_117_R_EN_LG.png;No;City League;569;20th September 2026;20th September 2026;2
2026-W37;Mega Venusaur;Area Zero Underdepths;SCR 131;2;1;2;1,0;1,0;2;100,0;SCR;131;Uncommon;Stadium;https://limitlesstcg.nyc3.cdn.digitaloceanspaces.com/tpci/SCR/SCR_131_R_EN_LG.png;No;City League;569;20th September 2026;20th September 2026;2
2026-W37;Mega Venusaur;Grass Energy;MEE 9;24;12;2;12,0;12,0;2;100,0;MEE;9;;Basic Energy;https://limitlesstcg.nyc3.cdn.digitaloceanspaces.com/tpci/MEE/MEE_001_R_EN_LG.png;No;City League;569;20th September 2026;20th September 2026;2
2026-W37;Hydrapple;Teal Mask Ogerpon ex;TWM 25;8;4;2;4,0;4,0;2;100,0;TWM;25;Double Rare;Basic;https://limitlesstcg.nyc3.cdn.digitaloceanspaces.com/tpci/TWM/TWM_025_R_EN_LG.png;No;City League;569;20th September 2026;20th September 2026;2
2026-W37;Hydrapple;Chikorita;ASC 8;4;2;2;2,0;2,0;2;100,0;ASC;8;Common;Basic;https://limitlesstcg.nyc3.cdn.digitaloceanspaces.com/tpci/ASC/ASC_008_R_EN_LG.png;No;City League;569;20th September 2026;20th September 2026;2
2026-W37;Hydrapple;Bayleef;MEG 9;4;2;2;2,0;2,0;2;100,0;MEG;9;Common;Stage 1;https://limitlesstcg.nyc3.cdn.digitaloceanspaces.com/tpci/MEG/MEG_009_R_EN_LG.png;No;City League;569;20th September 2026;20th September 2026;2
2026-W37;Hydrapple;Meganium;MEG 10;4;2;2;2,0;2,0;2;100,0;MEG;10;Rare;Stage 2;https://limitlesstcg.nyc3.cdn.digitaloceanspaces.com/tpci/MEG/MEG_010_R_EN_LG.png;No;City League;569;20th September 2026;20th September 2026;2
2026-W37;Hydrapple;Applin;SCR 12;4;2;2;2,0;2,0;2;100,0;SCR;12;Common;Basic;https://limitlesstcg.nyc3.cdn.digitaloceanspaces.com/tpci/SCR/SCR_012_R_EN_LG.png;No;City League;569;20th September 2026;20th September 2026;2
2026-W37;Hydrapple;Dipplin;TWM 18;4;2;2;2,0;2,0;2;100,0;TWM;18;Uncommon;Stage 1;https://limitlesstcg.nyc3.cdn.digitaloceanspaces.com/tpci/TWM/TWM_018_R_EN_LG.png;No;City League;569;20th September 2026;20th September 2026;2
2026-W37;Hydrapple;Hydrapple ex;SCR 14;4;2;2;2,0;2,0;2;100,0;SCR;14;Double Rare;Stage 2;https://limitlesstcg.nyc3.cdn.digitaloceanspaces.com/tpci/SCR/SCR_014_R_EN_LG.png;No;City League;569;20th September 2026;20th September 2026;2
2026-W37;Hydrapple;Meowth ex;POR 62;4;2;2;2,0;2,0;2;100,0;POR;62;Double Rare;Basic;https://limitlesstcg.nyc3.cdn.digitaloceanspaces.com/tpci/POR/POR_062_R_EN_LG.png;No;City League;569;20th September 2026;20th September 2026;2
2026-W37;Hydrapple;Fezandipiti ex;ASC 142;2;1;2;1,0;1,0;2;100,0;ASC;142;Double Rare;Basic;https://limitlesstcg.nyc3.cdn.digitaloceanspaces.com/tpci/ASC/ASC_142_R_EN_LG.png;No;City League;569;20th September 2026;20th September 2026;2
2026-W37;Hydrapple;Celebi;MEG 12;2;1;2;1,0;1,0;2;100,0;MEG;12;Uncommon;Basic;https://limitlesstcg.nyc3.cdn.digitaloceanspaces.com/tpci/MEG/MEG_012_R_EN_LG.png;No;City League;569;20th September 2026;20th September 2026;2
2026-W37;Hydrapple;Lillie's Determination;MEG 119;8;4;2;4,0;4,0;2;100,0;MEG;119;Uncommon;Supporter;https://limitlesstcg.nyc3.cdn.digitaloceanspaces.com/tpci/MEG/MEG_119_R_EN_LG.png;No;City League;569;20th September 2026;20th September 2026;2
2026-W37;Hydrapple;Boss's Orders;MEG 114;6;3;2;3,0;3,0;2;100,0;MEG;114;Uncommon;Supporter;https://limitlesstcg.nyc3.cdn.digitaloceanspaces.com/tpci/MEG/MEG_114_R_EN_LG.png;No;City League;569;20th September 2026;20th September 2026;2
2026-W37;Hydrapple;Dawn;PFL 87;4;2;2;2,0;2,0;2;100,0;PFL;87;Uncommon;Supporter;https://limitlesstcg.nyc3.cdn.digitaloceanspaces.com/tpci/PFL/PFL_087_R_EN_LG.png;No;City League;569;20th September 2026;20th September 2026;2
2026-W37;Hydrapple;Judge;POR 76;2;1;2;1,0;1,0;2;100,0;POR;76;Uncommon;Supporter;https://limitlesstcg.nyc3.cdn.digitaloceanspaces.com/tpci/POR/POR_076_R_EN_LG.png;No;City League;569;20th September 2026;20th September 2026;2
2026-W37;Hydrapple;Lana's Aid;TWM 155;2;1;2;1,0;1,0;2;100,0;TWM;155;Uncommon;Supporter;https://limitlesstcg.nyc3.cdn.digitaloceanspaces.com/tpci/TWM/TWM_155_R_EN_LG.png;No;City League;569;20th September 2026;20th September 2026;2
2026-W37;Hydrapple;Bug Catching Set;TWM 143;8;4;2;4,0;4,0;2;100,0;TWM;143;Uncommon;Item;https://limitlesstcg.nyc3.cdn.digitaloceanspaces.com/tpci/TWM/TWM_143_R_EN_LG.png;No;City League;569;20th September 2026;20th September 2026;2
2026-W37;Hydrapple;Ultra Ball;MEG 131;6;3;2;3,0;3,0;2;100,0;MEG;131;Common;Item;https://limitlesstcg.nyc3.cdn.digitaloceanspaces.com/tpci/MEG/MEG_131_R_EN_LG.png;No;City League;569;20th September 2026;20th September 2026;2
2026-W37;Hydrapple;Poké Pad;POR 81;4;2;2;2,0;2,0;2;100,0;POR;81;Uncommon;Item;https://limitlesstcg.nyc3.cdn.digitaloceanspaces.com/tpci/POR/POR_081_R_EN_LG.png;No;City League;569;20th September 2026;20th September 2026;2
2026-W37;Hydrapple;Night Stretcher;ASC 196;2;1;2;1,0;1,0;2;100,0;ASC;196;Common;Item;https://limitlesstcg.nyc3.cdn.digitaloceanspaces.com/tpci/ASC/ASC_196_R_EN_LG.png;No;City League;569;20th September 2026;20th September 2026;2
2026-W37;Hydrapple;Scoop Up Cyclone;TWM 162;2;1;2;1,0;1,0;2;100,0;TWM;162;Ultra Rare;Item;https://limitlesstcg.nyc3.cdn.digitaloceanspaces.com/tpci/TWM/TWM_162_R_EN_LG.png;Yes;City League;569;20th September 2026;20th September 2026;2
2026-W37;Hydrapple;Forest of Vitality;MEG 117;8;4;2;4,0;4,0;2;100,0;MEG;117;Uncommon;Stadium;https://limitlesstcg.nyc3.cdn.digitaloceanspaces.com/tpci/MEG/MEG_117_R_EN_LG.png;No;City League;569;20th September 2026;20th September 2026;2
2026-W37;Hydrapple;Grass Energy;MEE 9;28;14;2;14,0;14,0;2;100,0;MEE;9;;Basic Energy;https://limitlesstcg.nyc3.cdn.digitaloceanspaces.com/tpci/MEE/MEE_001_R_EN_LG.png;No;City League;569;20th September 2026;20th September 2026;2
