id_expansion,expansion_code,name,release_date,code_source,n_singles
6381,,MEGA Start Deck 100 Battle Collection,2025-11-10,,774
1645,,Single Strike & Rapid Strike Master Limited,0000-00-00,,443
4388,,Start Deck 100 Deck,2021-12-22,,430
3324,,5 Pack GET! Campaign,2020-06-10,,422
4159,,McDonald's 2014 Promo,2021-03-19,,411
2916,SP,Sword & Shield Ultra-Premium Collection - Charizard Promos,2019-12-02,tcg,386
6673,,,2026-07-28,,380
5519,,Shiny Treasure ex,2023-10-20,,360
6328,,Mission Reward Vol. 1 Pack,2025-04-07,,358
6582,,,2026-05-22,,357
3214,,12th Pokémon Card Gym Promo Sword & Shield,2020-05-25,,354
5318,PAL,Paldea Evolved,2023-03-24,tcg,337
6581,,,2026-05-15,,336
3580,,Shiny Star V Limited,2020-11-24,,330
1757,,,2017-01-25,,316
5223,SVI,Scarlet & Violet,2022-12-14,tcg,316
6549,,,2026-04-03,,315
5444,PAR,Paradox Rift,2023-08-21,tcg,314
6219,,,2025-07-22,,306
5212,,Pokémon Card Gym Promo Scarlet & Violet Vol. 1,2022-11-29,,304
5241,SVP,World Championships 2023 Paradise Resort Full Set,2023-01-06,tcg,304
4382,FST,Fusion Strike,2021-08-30,tcg,303
6127,,,2025-05-02,,302
6395,ASC,Ascended Heroes,2025-11-20,tcg,296
6455,,,2026-01-28,,296
2487,UNM,Unified Minds,2019-06-13,tcg,293
4390,,VMAX Climax,2021-10-04,,293
6633,,CSV10C: Chasing Glory Together,2026-06-30,,287
2644,CEC,Cosmic Eclipse,2019-09-03,tcg,285
5879,SSP,Surging Sparks,2024-08-23,tcg,281
2370,LOT,Lost Thunder,2018-08-28,tcg,275
1612,,,0000-00-00,,273
5385,OBF,Obsidian Flames,2023-05-26,tcg,272
4979,ASR,Astral Radiance,2022-03-09,tcg,271
5546,PAF,Paldean Fates,2023-11-16,tcg,270
5691,TWM,Twilight Masquerade,2024-03-16,tcg,268
2437,UNB,Unbroken Bonds,2019-02-28,tcg,266
5093,LOR,Lost Origin,2022-06-24,tcg,266
5142,SIT,Silver Tempest 6,2022-08-25,tcg,266
6568,,CSV9C: Stellar Crystal,2026-04-30,,266
6699,,,2026-08-19,,266
6495,,CSV8C: Brilliant Fantasy,2026-02-17,,264
5589,TEF,Temporal Forces,2024-01-11,tcg,263
5198,,VSTAR Universe,2022-10-28,,262
4328,EVS,Evolving Skies,2021-06-10,tcg,260
6416,,CSV7C: Blade Awakening,2025-12-08,,259
6595,,CSV9.5C: Terastal Gathering,2026-05-28,,259
2921,SSH,Sword & Shield,2019-12-02,tcg,258
5201,CRZ,Crown Zenith,2022-11-04,tcg,256
4174,CRE,Chilling Reign,2021-04-01,tcg,255
4434,BRS,Brilliant Stars,2021-11-05,tcg,253
3856,,GX Ultra Shiny,2021-03-15,,250
6380,,MEGA Dream ex,2025-11-10,,250
4218,,,2021-04-27,,248
6220,,,2025-07-23,,245
6096,DRI,Destined Rivals,2025-03-24,tcg,244
6009,,,2025-01-16,,243
1800,GRI,Guardians Rising,2017-04-12,tcg,242
5402,MEW,151,2023-06-21,tcg,242
5928,,Terastal Festival ex,2024-10-25,,237
6409,,,2025-12-01,,236
1745,SUM,Sun & Moon,2016-11-09,tcg,235
3776,,Tag Team GX: Tag All Stars,2021-03-01,,235
3143,RCL,Rebel Clash,2020-04-07,tcg,232
6310,,CSVE2C: Battle Party Dream Vol. 1 Set,2025-09-30,,232
2407,TEU,Team Up,2018-11-21,tcg,228
3199,DAA,Darkness Ablaze,2020-05-20,tcg,227
1824,BUS,Burning Shadows,2017-06-29,tcg,222
3484,VIV,Vivid Voltage,2020-09-01,tcg,222
6408,,CS1DC: Dynamax Clash V Starter Deck,2024-07-24,,222
6329,,,2025-02-06,,220
2320,CES,Celestial Storm,2018-05-11,tcg,219
6297,,CS1aC: Dynamax Clash - Thunder,2024-07-24,,217
1678,BKT,BREAKthrough,2015-10-18,tcg,216
2065,UPR,Ultra Prism,2017-12-14,tcg,215
6343,,CSM1cC: Storming Emergence - Abundant,2024-11-14,,212
1523,BS,Base Set,0000-00-00,tcg,211
5204,PPS1,Play! Pokémon Prize Pack Series One,2022-11-10,pps,211
6128,,,2025-05-02,,211
6341,,CSM1aC: Storming Emergence - Radiant,2024-11-14,,211
5328,,Pokémon Card 151,2023-04-05,,210
5802,SCR,Stellar Crown,2024-06-28,tcg,209
3630,SHF,Shining Fates,2020-12-10,tcg,208
4170,,,2021-04-01,,207
3675,BST,Battle Styles,2020-12-15,tcg,206
6342,,CSM1bC: Storming Emergence - Verdant,2024-11-14,,204
6311,,CSVE1C: Battle Party Dream Together Set,2025-04-24,,202
5431,PPS3,Play! Pokémon Prize Pack Series Three,2023-08-02,pps,201
6298,,CS1bC: Dynamax Clash - Flame,2024-07-24,,199
6391,,,2025-11-19,,198
6447,,CBB4C: Gem Pack Vol. 4,2026-01-13,,196
6544,,CBB5C: Gem Pack Vol. 5,2026-03-31,,196
6669,,CBB6C: Gem Pack Vol. 6,2026-07-22,,196
6319,,CSM2aC: Shining Synergy - Shower,2024-11-14,,194
6320,,CSM2bC: Shining Synergy - Supreme,2024-11-14,,193
6099,,151C: Collect 151 Journey,2025-01-03,,192
6321,,CSM2cC: Shining Synergy - Summon,2024-11-14,,192
1537,E2,Aquapolis,0000-00-00,tcg,190
6006,JTG,Journey Together,2025-01-10,tcg,190
3984,,The Best of XY,2021-03-18,,188
5313,PPS2,Play! Pokémon Prize Pack Series Two,2023-03-20,pps,188
6209,MEG,Mega Evolution 24,2025-07-11,tcg,188
6694,,,2026-08-12,,187
1538,E3,Skyridge,0000-00-00,tcg,186
2514,HIF,Hidden Fates,2019-07-02,tcg,186
2075,FLI,Forbidden Light,2018-01-31,tcg,184
6204,,CS4aC: Nine Colors Gathering - Friends,2024-07-23,,184
6266,,CS3aC: Primordial Arts - Overgrow,2024-07-24,,184
6403,,CS3DC: Primordial Arts V Starter Deck,2024-07-24,,183
5944,PRE,Prismatic Evolutions,2024-11-05,tcg,180
6267,,CS3bC: Primordial Arts - Torrent,2024-07-24,,179
6258,,CS5bC: Brave Stars - Brave,2024-07-23,,178
1585,PRC,Primal Clash,0000-00-00,tcg,177
6205,,CS4bC: Nine Colors Gathering - Origin,2024-07-23,,177
6257,,CS5aC: Brave Stars - Charm,2024-07-23,,176
6287,,Black & White ID/TH,2025-08-28,,176
5927,,Generations Start Decks: Pikachu ex & Snorlax ex,2024-10-25,,175
1687,BKP,BREAKpoint,2016-01-04,tcg,174
6130,,Black Bolt JP,2025-05-05,,174
6131,,White Flare JP,2025-05-05,,174
6135,WHT,White Flare,2025-05-07,tcg,173
6134,BLK,Black Bolt,2025-05-07,tcg,172
6250,,CS6bC: Azure Shadow - Pursuit,2024-09-10,,172
1536,E1,Expedition Base Set,0000-00-00,tcg,169
6249,,CS6aC: Azure Shadow - Roar,2024-09-10,,169
1582,XY,XY,0000-00-00,tcg,168
6193,,CSV1C: Eternal Birth,2025-01-03,,167
1564,SV,Supreme Victors,0000-00-00,tcg,166
6110,,CSV3C: Fearless Terastal,2025-04-16,,165
6169,,CSV4C: Bonus Round,2025-06-11,,165
6237,,CSV5C: Dark Crystal Blaze,2025-07-30,,164
6121,,CSV2C: Miracle Journey,2025-03-07,,163
6362,,CSV6C: True Mystery,2025-10-28,,163
6397,,CS5DC: Brave Stars V Starter Deck,2025-11-21,,163
1577,BCR,Boundaries Crossed,0000-00-00,tcg,162
1706,FCO,Fates Collide,2016-03-22,tcg,162
6198,,,2025-07-17,,162
6197,,,2025-07-17,,161
1566,HS,HeartGold & SoulSilver,0000-00-00,tcg,158
5021,,Base Expansion Pack,2022-03-24,,157
4341,,,2021-06-23,,154
1560,LA,Legends Awakened,0000-00-00,tcg,153
6222,,,2025-07-24,,152
6223,,,2025-07-26,,152
1521,PHF,Phantom Forces,0000-00-00,tcg,151
4168,,Pokémon Card VS Grass/Lightning,2021-03-23,,151
6543,,CSVH4C: Happy Set Decidueye & Melmetal & Koraidon & Miraidon Box Set,2026-03-31,,151
1843,CIN,Crimson Invasion,2017-08-25,tcg,150
6232,MEP,First Partner Illustration,2025-09-25,tcg,149
1548,UF,EX Unseen Forces,0000-00-00,tcg,147
1581,LTR,Legendary Treasures,0000-00-00,tcg,147
6672,,,2026-07-27,,146
1555,DP,Diamond & Pearl,0000-00-00,tcg,145
1571,BLW,Black & White,0000-00-00,tcg,144
1578,PLS,Plasma Storm,0000-00-00,tcg,144
1693,GEN,Generations,2016-02-02,tcg,143
1716,STS,Steam Siege,2016-05-04,tcg,143
6230,,Pokémon Card Gym Promo MEGA Vol. 1,2025-07-25,,143
6279,,CS2aC: Vivid Portrayals - Obsidian,2024-07-24,,143
6281,,CS2bC: Vivid Portrayals - Indigo,2024-07-24,,143
5409,,Ruler of the Black Flame,2023-06-22,,141
6168,,CSVL1C: Adventure Special Pack,2025-06-11,,141
6634,,CSVH5C: Happy Set Mewtwo & Dragonite & Camerupt & Sinistcha Box Set,2026-07-02,,141
4074,,Premium Champion Pack,2021-03-18,,140
5890,,"Battle Academy 2024: Pikachu, Armarouge & Darkrai Coin",2024-04-05,,140
6111,,CBB2C: Gem Pack Vol. 2,2025-04-16,,140
5362,,Grass Decidueye ex Start Deck,2023-05-15,,139
6199,,Battle Academy 2022,2022-02-18,,139
6361,,CSVL2C: Travel Special Pack,2025-10-28,,139
5901,,Super Electric Breaker,2024-09-23,,138
1562,PL,Platinum,0000-00-00,tcg,137
6200,,,2021-03-12,,137
1557,SW,Secret Wonders,0000-00-00,tcg,136
6292,,CBB3C: Gem Pack Vol. 3,2025-09-01,,136
5782,,Stellar Miracle,2024-06-03,,135
1556,MT,Mysterious Treasures,0000-00-00,tcg,134
1529,G1,Gym Heroes,0000-00-00,tcg,133
1576,DRX,Dragons Exalted,0000-00-00,tcg,133
1660,AOR,Ancient Origins,2015-08-05,tcg,133
5690,,Mask of Change,2024-03-16,,133
1530,G2,Gym Challenge,0000-00-00,tcg,132
1742,EVO,Evolutions,2016-10-21,tcg,132
5996,,Battle Partners,2025-01-03,,132
6092,,The Glory of Team Rocket,2025-03-21,,132
1579,PLF,Plasma Freeze,0000-00-00,tcg,131
4251,,Grass Lurantis GX Deck,2021-03-17,,131
1527,BS2,Base Set 2,0000-00-00,tcg,130
6299,PFL,Phantasmal Flames,2025-09-04,tcg,130
1584,FFI,Furious Fists,0000-00-00,tcg,129
1649,ROS,Roaring Skies,0000-00-00,tcg,129
4360,,Fusion Arts,2021-08-02,,129
6393,,,2025-11-19,,129
1563,RR,Rising Rivals,0000-00-00,tcg,128
1575,DEX,Dark Explorers,0000-00-00,tcg,127
1583,FLF,Flashfire,0000-00-00,tcg,127
3389,,V Starter Decks: Eevee V Starter Deck,2020-07-10,,127
4322,,,2021-05-28,,127
4440,,Star Birth,2021-12-31,,127
5094,,Lost Abyss,2022-06-24,,127
3781,,Quick Starter Gift Set,2021-03-09,,125
3916,,GX Battle Boost,2021-03-17,,125
5156,,Paradigm Trigger,2022-09-19,,125
6443,POR,Perfect Order 24,2026-01-08,tcg,125
4317,,Secret of the Lakes,2021-05-28,,123
4318,,Pearl Collection,2021-05-28,,122
5335,,Greninja ex Battle Deck & 2,2022-10-25,,122
6517,CRI,Chaos Rising 24,2026-03-12,tcg,122
3479,,Shocking Volt Tackle Limited,2020-09-01,,121
6494,,Ninja Spinner,2026-02-17,,120
6569,PBL,Pitch Black 24,2026-04-30,tcg,120
3274,,Infinity Zone Limited,2020-05-28,,119
4313,,Shining Darkness,2021-05-28,,119
6041,PPS6,Play! Pokémon Prize Pack Series Six,2025-02-10,pps,119
6214,PPS7,Play! Pokémon Prize Pack Series Seven,2025-07-14,pps,119
6425,PPS8,Play! Pokémon Prize Pack Series Eight,2025-12-29,pps,119
3851,,Tag Bolt,2021-03-15,,118
6334,,CSVH2C: Happy Combo Lucario & Greninja & Zamazenta & Mabosstiff Box Set,2025-04-24,,118
6556,,Abyss Eye,2026-04-17,,118
1535,LC,Legendary Collection,0000-00-00,tcg,117
1539,RS,EX Ruby & Sapphire,0000-00-00,tcg,117
3600,,Sword & Shield Starter Decks: Grass,2020-12-02,,117
3801,,Alter Genesis,2021-03-15,,117
6427,,Nihil Zero,2025-12-22,,117
1544,RG,EX FireRed & LeafGreen,0000-00-00,tcg,116
3836,,Double Blaze,2021-03-15,,116
5216,,Scarlet ex,2022-12-09,,116
6291,,Inferno X,2025-09-01,,116
1549,DS,EX Delta Species,0000-00-00,tcg,115
1570,CL,Call of Legends,0000-00-00,tcg,115
3279,,Rebellion Crash,2020-05-28,,115
3816,,Miracle Twin,2021-03-15,,115
5849,PPS5,Play! Pokémon Prize Pack Series Five,2024-08-06,pps,115
6001,,CBB1C: Gem Pack,2025-01-03,,115
1531,N1,Neo Genesis,0000-00-00,tcg,114
1565,AR,Arceus,0000-00-00,tcg,114
5620,PPS4,Play! Pokémon Prize Pack Series Four,2024-02-02,pps,114
1534,N4,Neo Destiny,0000-00-00,tcg,113
1546,DX,EX Deoxys,0000-00-00,tcg,113
1567,UL,Unleashed,0000-00-00,tcg,113
1573,NVI,Noble Victories,0000-00-00,tcg,113
4509,,"Darkness, and to Light...",2022-01-25,,113
6636,,Storm Emeralda,2026-07-02,,113
1545,TRR,EX Team Rocket Returns,0000-00-00,tcg,112
1547,EM,EX Emerald,0000-00-00,tcg,112
1551,HP,EX Holon Phantoms,0000-00-00,tcg,112
3881,,Sky-Splitting Charisma,2021-03-17,,112
1558,GE,Great Encounters,0000-00-00,tcg,111
1569,TM,Triumphant,0000-00-00,tcg,111
2028,,,2026-01-27,,111
3866,,Super-Burst Impact,2021-03-15,,111
6454,,"WCD 2025: Riley McKay """"KSI's Gardevoir""""",2026-01-22,,111
1580,PLB,Plasma Blast,0000-00-00,tcg,110
3896,,Forbidden Light JP,2021-03-17,,110
1554,PK,EX Power Keepers,0000-00-00,tcg,109
1559,MD,Majestic Dawn,0000-00-00,tcg,109
2026,,,2026-01-27,,109
5051,PGO,Pokémon GO,2022-04-29,tcg,109
5760,SFA,Shrouded Fable,2024-05-17,tcg,109
6194,,"WCD 2023: Gabriel Fernandez """"Colorless Lugia""""",2023-12-18,,109
6616,PPS9,Play! Pokémon Prize Pack Series Nine,2026-06-10,pps,109
1543,HL,EX Hidden Legends,0000-00-00,tcg,108
4314,,,2024-04-12,,108
5217,,Violet ex,2022-12-09,,108
6203,,"WCD 2022: André Chiasson """"The Shape of Mew""""",2022-12-22,,108
1561,SF,Stormfront,0000-00-00,tcg,107
1574,NXD,Next Destinies,0000-00-00,tcg,107
1541,DR,EX Dragon,0000-00-00,tcg,106
1611,BWP,,0000-00-00,tcg,106
5711,,"Golden Sky, Silvery Ocean",2024-04-08,,106
4049,,Rising Fist,2021-03-18,,105
1552,CG,EX Crystal Guardians,0000-00-00,tcg,104
1572,EPO,Emerging Powers,0000-00-00,tcg,104
1540,SS,EX Sandstorm,0000-00-00,tcg,103
3989,,Expansion Pack 20th Anniversary,2021-03-18,,103
5257,,Triplet Beat,2023-02-03,,103
1553,DF,EX Dragon Frontiers,0000-00-00,tcg,102
3419,CPA,Champion’s Path,2020-08-07,tcg,102
4169,,Expansion Pack,2021-03-31,,102
4786,,Pokémon GO Enhanced Expansion Pack,2022-02-04,,102
5992,,"WCD 2024: Fernando Cifuentes """"Crushing Thorn""""",2024-12-19,,102
1756,,,2026-01-28,,101
4239,,Eevee Heroes,2021-05-14,,101
6309,,CSVH3C: Happy Combo Altaria & Latios & Infernape & Maushold Box Set,2025-09-11,,101
4286,,Beat of the Frontier,2021-05-26,,100
5573,,Wild Force,2023-12-28,,100
5574,,Cyber Judge,2023-12-28,,100
2754,,,2026-01-20,,99
4180,,EX Battle Boost,2021-04-26,,99
5048,,Dark Phantasma,2022-04-26,,99
5314,,Snow Hazard,2023-03-21,,99
5315,,Clay Burst,2023-03-21,,99
6313,,CSM2.5C: Striking Competition,2024-11-14,,99
1542,MA,EX Team Magma vs Team Aqua,0000-00-00,tcg,98
4467,,Challenge from the Darkness,2022-01-06,,98
5621,,Scarlet & Violet Battle Academy,2024-02-02,,98
1568,UD,Undaunted,0000-00-00,tcg,97
4024,,Bandit Ring,2021-03-18,,97
4044,,Phantom Gate,2021-03-18,,97
6442,,Simplified Chinese Scarlet & Violet Battle Academy,2026-01-08,,97
6635,,CSVM2aC: Master Strategy Deck Building Set - Raging Bolt ex,2026-07-02,,97
1550,LM,EX Legend Maker,0000-00-00,tcg,96
1753,,,2026-02-07,,96
2393,,,2026-01-08,,96
3751,,Matchless Fighters Limited,2021-02-19,,96
4297,,Galactic's Conquest,2021-05-26,,96
4466,,Leaders' Stadium,2022-01-06,,96
4506,,"Gold, Silver, to a New World...",2022-01-03,,96
5636,,Crimson Haze,2024-02-19,,96
6247,,CS6.5C: Victory Star Guide,2024-11-13,,96
6288,,CS1.5C: Dynamax Tactics,2024-07-24,,96
1755,,,2026-01-28,,95
2027,,WCD 2008: Bliss Control Deck,2026-01-28,,95
4171,,Silver Lance,2021-04-01,,95
4172,,Jet Black Spirit,2021-04-01,,95
5478,,Ancient Roar,2023-09-12,,95
5479,,Future Flash,2023-09-12,,95
2029,,,2026-01-20,,94
2396,,,2025-12-16,,94
3384,,Legendary Heartbeat,2020-07-10,,94
5127,,Incandescent Arcana,2022-07-29,,94
5757,,Night Wanderer,2024-05-10,,94
5846,,Paradise Dragona,2024-08-02,,94
2351,DRM,Dragon Majesty,2018-07-19,tcg,93
2394,,,2026-01-09,,93
4441,,Battle Region,2022-02-21,,93
2739,,WCD 2019: Fire Box,2019-10-10,,92
4302,,Intense Fight in the Destroyed Sky,2021-05-28,,92
5022,,The Town on No Map,2022-03-24,,92
5432,,Raging Surf,2023-08-08,,92
6037,,Heat Wave Arena,2025-02-07,,92
6189,,Mega Brave,2025-06-30,,92
6190,,Mega Symphonia,2025-06-30,,92
6335,,CSVH1C: Simplified Chinese Happy Card Set,2025-01-03,,92
1842,SLG,Shining Legends,2017-08-25,tcg,91
2107,,Worlds 2022 Blue Pikachu Coin,0000-00-00,,91
3697,,Rapid Strike Master,2021-01-22,,91
3712,,Single Strike Master,2021-01-22,,91
4029,,Emerald Break,2021-03-18,,91
5024,,Split Earth,2022-03-24,,91
5025,,Mysterious Mountains,2022-03-24,,91
5723,,Grass Quick Construction Pack,2024-04-08,,91
2395,,,2026-01-26,,90
4054,,Wild Blaze,2021-03-18,,90
4280,,Advent of Arceus,2021-05-26,,90
4289,,Bonds to the End of Time,2021-05-26,,90
4329,,Towering Perfection,2021-06-11,,90
4330,,Blue Sky Stream,2021-06-11,,90
5023,,Wind from the Sea,2022-03-24,,90
6265,,CS3.5C: Scorching Skies,2024-07-24,,90
1754,,,2026-02-06,,89
4009,,Rage of the Broken Heavens,2021-03-18,,89
6248,,CS5.5C: Shadow of Glory,2024-08-02,,89
2744,,,2026-01-23,,88
2749,,,2026-01-23,,88
4004,,Awakening Psychic King,2021-03-18,,88
4973,,Time Gazer,2022-03-04,,88
4974,,Space Juggler,2022-03-04,,88
6314,,CSM1.5C: Battle Elite,2024-11-14,,88
3219,,Explosive Flame Walker,2020-05-25,,86
3284,,VMAX Rising,2020-06-08,,86
3886,,Champion Road,2021-03-17,,86
4182,,Megalo Cannon,2021-04-26,,86
5709,,Holon Research Tower,2024-04-08,,86
5710,,Mirage Forest,2024-04-08,,86
5712,,Rocket Gang Strikes Back,2024-04-08,,85
6392,,,2025-11-19,,85
1528,TR,Team Rocket,0000-00-00,tcg,84
4089,,BREAK Starter Pack: 20th Anniversary,2021-03-18,,84
5834,,,2024-07-23,,84
5864,,Undone Seal,2024-08-21,,83
6252,,CS4.5C: Final Flame Dance,2024-07-23,,83
3931,,Shining Legends JP,2021-03-17,,82
4274,,,2021-05-25,,82
5713,,Clash of the Blue Sky,2024-04-08,,82
5714,,Flight of Legends,2024-04-08,,82
4261,,Clash at the Summit,2021-05-25,,81
4265,,Reviving Legends,2021-05-25,,81
3354,,McDonald's Collection 2019 FR,2020-07-07,,80
3811,,Remix Bout,2021-03-15,,80
4034,,Tidal Storm,2021-03-18,,80
4039,,Gaia Volcano,2021-03-18,,80
5869,,Magma VS Aqua: Two Ambitions,2024-08-21,,80
4193,,Plasma Gale,2021-04-26,,79
4273,,HeartGold Collection,2021-05-25,,79
6276,,CS2.5C: Brilliant Counterattack,2024-07-24,,79
3906,,Ultra Moon,2021-03-17,,78
3911,,Ultra Sun,2021-03-17,,78
4243,,Sword & Shield Family Pokémon Card Game,2021-05-14,,78
4204,,Dark Rush,2021-04-26,,76
1532,N2,Neo Discovery,0000-00-00,tcg,75
3289,,Sword,2020-06-08,,75
3294,,Shield,2020-06-08,,75
3806,,Dream League,2021-03-15,,75
5700,,Miracle Crystal,2024-03-21,,75
6596,,Shadow Threat,2026-05-26,,74
3876,,Thunderclap Spark,2021-03-17,,73
3961,,Strength Expansion Pack Sun & Moon,2021-03-17,,73
3966,,Collection Moon,2021-03-17,,73
3971,,Collection Sun,2021-03-17,,73
4187,,Everyone's Exciting Battle Box,2021-04-27,,72
4210,,Red Collection,2021-04-26,,72
4272,,SoulSilver Collection,2021-05-25,,71
3846,,Night Unison,2021-03-15,,70
3946,,Facing a New Trial,2021-03-17,,70
4308,,Dawn Dash,2021-05-28,,70
4309,,Moonlit Pursuit,2021-05-28,,70
3821,,Sky Legend,2021-03-15,,69
3831,,GG End,2021-03-15,,69
3841,,Full Metal Wall,2021-03-15,,69
4347,CEL,Celebrations,2021-06-25,tcg,69
5693,,Offense and Defense of the Furthest Ends,2024-03-20,,68
6355,,Variety Treasure Box,2024-11-13,,68
1525,JU,Jungle,0000-00-00,tcg,66
1533,N3,Neo Revelation,0000-00-00,tcg,66
3108,,,2020-03-31,,66
3891,,Dragon Storm,2021-03-17,,66
3861,,Dark Order,2021-03-15,,65
4014,,Blue Shock,2021-03-18,,65
4019,,Red Flash,2021-03-18,,65
4194,,Cold Flare,2021-04-26,,65
4195,,Freeze Bolt,2021-04-26,,65
4304,,Temple of Anger,2021-05-28,,65
4305,,Cry from the Mysterious,2021-05-28,,65
4465,,Rocket Gang,2021-11-16,,65
3936,,Darkness that Consumes Light,2021-03-17,,64
3941,,To Have Seen the Battle Rainbow,2021-03-17,,64
4064,,Collection X,2021-03-18,,64
1526,FO,Fossil,0000-00-00,tcg,63
3871,,Fairy Rise,2021-03-17,,63
3901,,Ultra Force,2021-03-17,,63
4059,,Collection Y,2021-03-18,,63
4350,,,2021-06-29,,63
6600,,Black Sparkle,2026-06-02,,63
6605,,Stellar Guidance,2026-06-02,,63
1609,,,0000-00-00,,62
1758,,SM Trainer Kit: Lycanroc & Alolan Raichu,2017-01-26,,62
3921,,Ultradimensional Beasts,2021-03-17,,62
3926,,Awakened Heroes,2021-03-17,,62
3951,,Alolan Moonlight,2021-03-17,,62
3956,,Islands Await You,2021-03-17,,62
4361,,Gift Box Mew • Lucario,2021-08-03,,62
6419,,Stellar Lightning,2025-12-09,,62
6597,,Transfiguration Mask,2026-06-02,,62
1630,,BW Trainer Kit,0000-00-00,,61
1631,,XY Trainer Kit,0000-00-00,,61
1632,,XY Trainer Kit: Bisharp and Wigglytuff,0000-00-00,,61
1683,,XY Trainer Kit: Latias and Latios,2015-12-11,,61
1707,,XY Trainer Kit: Pikachu Libre & Suicune,2016-03-22,,61
2070,,SM Trainer Kit: Alolan Sandslash & Alolan Ninetales,2018-01-08,,61
3595,,VMAX Starter Decks: Grimmsnarl VMAX,2020-12-01,,61
1629,,HS Trainer Kit,0000-00-00,,60
3994,,Cruel Traitor,2021-03-18,,59
3999,,Fever-Burst Fighter,2021-03-18,,59
4258,,Decidueye GX Starter Set Grass,2021-03-17,,59
4185,,Thunder Knuckle,2021-04-26,,58
4186,,Spiral Force,2021-04-26,,58
4214,,Black Collection,2021-04-26,,58
6394,,Mega Evolution ID/TH,2025-11-19,,58
6519,,Void Blast,2026-03-12,,58
6598,,Ace Paradox,2026-06-02,,58
6599,,Paradox Encounters,2026-06-02,,58
4208,,Hail Blizzard,2021-04-26,,57
4209,,Psycho Drive,2021-04-26,,57
4216,,Beginning Set for Girls,2021-04-27,,57
4507,,Crossing the Ruins...,2022-01-03,,57
4508,,Awakening Legends,2022-01-03,,57
4213,,White Collection,2021-04-26,,56
5224,,,2022-12-14,,56
1607,WP,,0000-00-00,tcg,55
4200,,Dragon Blade,2021-04-26,,55
4201,,Dragon Blast,2021-04-26,,55
5877,,ADV Expansion Pack,2024-08-21,,55
5872,,Rulers of the Heavens,2024-08-21,,54
6548,,,2026-04-06,,54
5575,,Starter Deck & Build Set Ancient Koraidon ex,2023-12-28,,53
5576,,Starter Deck & Build Set Future Miraidon ex,2023-12-28,,53
5873,,Miracle of the Desert,2024-08-21,,53
5997,,Battle Partners Deck Build Box,2025-01-03,,53
5525,,Venusaur & Charizard & Blastoise Special Deck Set ex,2023-10-27,,52
5703,,Holon Phantom,2024-03-26,,52
5729,,Venusaur Random Constructed Starter Deck,2024-04-08,,52
5835,,Stellar Miracle Deck Build Box,2024-06-03,,52
4154,,XY Beginning Set,2021-03-19,,51
4246,,Sun & Moon Family Pokémon Card Game,2021-03-17,,51
4298,,,2021-05-27,,51
6239,,Premium Trainer Box MEGA,2025-06-30,,51
6413,,Presence of Champions,2025-12-02,,51
3738,,McDonald's Collection 25th Anniversary,2021-02-09,,50
6330,,,2025-11-17,,50
5914,,M Master Deck Build Box Speed Style,2021-03-19,,49
5915,,M Master Deck Build Box Power Style,2021-03-19,,49
4196,,National Pokédex Beginning Set,2021-04-27,,48
4355,,,2021-07-02,,48
4463,,Pokémon Jungle,2021-11-12,,48
4464,,Mystery of the Fossils,2021-11-15,,48
4490,,Extra Regulation Box,2021-03-17,,48
5526,,My First Battle: Bulbasaur & Pikachu,2023-07-13,,48
6509,,Beginning Set Plus,2026-03-03,,48
6510,,Beginning Set Pikachu,2026-03-03,,48
4353,,,2021-06-30,,47
1608,NP,,0000-00-00,tcg,46
4191,,Master Deck Build Box EX,2021-04-27,,46
6415,,Bonds of Destiny,2025-12-03,,46
1637,KSS,XY Kalos Starter Set: Chespin Theme Deck,0000-00-00,tcg,45
5960,,Family Mart Promo Card,2023-07-26,,45
6140,,,2025-05-19,,44
6579,,CSVNC: Land of Kitakami Special Pack,2026-05-12,,44
4212,,Cobalion Battle Strength Deck,2021-04-27,,42
4306,,Entry Pack '08,2021-05-28,,42
5718,,Master Kit,2024-04-08,,42
4252,,Ultra Moon Deck Build Box,2021-03-17,,41
5059,,Intro Pack Box,2022-05-04,,41
5060,,,2022-05-04,,41
2361,,McDonald's Collection 2018 FR,2018-08-15,,40
4262,,Lost Link,2021-05-25,,40
5061,,Intro Pack Neo Box,2022-05-04,,40
5062,,,2022-05-04,,40
6417,,Indigo Flame,2025-12-08,,40
4069,,Mythical & Legendary Dream Shine Collection,2021-03-18,,38
4250,,Flareon GX Starter Set Fire,2021-03-17,,38
4345,,25th Anniversary Collection,2021-06-25,,38
4515,,Premium Trainer Box VSTAR,2022-01-19,,38
5422,,Ruler of the Black Flame Deck Build Box,2023-06-22,,38
5724,,Gift Box Emerald,2024-04-08,,38
6697,SVE,,2026-08-17,tcg,37
5796,,Trick or Trade 2024,2024-06-24,,36
4249,,Tag Team GX Premium Trainer Box,2021-03-17,,35
5530,,Pokémon Trading Card Game Classic: Venusaur & Lugia ex Deck,2023-11-17,,35
6088,,,2025-03-17,,35
6290,,,2025-09-24,,35
1648,DCR,Double Crisis,0000-00-00,tcg,34
4124,,Magma Gang VS Aqua Gang: Double Crisis,2021-03-18,,34
4179,,Mewtwo vs Genesect Deck Kit,2021-04-27,,34
5527,,Pokémon Card Game Classic: Venusaur & Lugia ex Deck,2023-10-31,,34
5528,,Pokémon Card Game Classic: Charizard & Ho-Oh ex Deck,2023-10-31,,34
5529,,Pokémon Card Game Classic: Blastoise & Suicune ex Deck,2023-10-31,,34
5531,,Pokémon Trading Card Game Classic: Charizard & Ho-Oh ex Deck,2023-11-17,,34
5532,,Pokémon Trading Card Game Classic: Blastoise & Suicune ex Deck,2023-11-17,,34
3717,,Single Strike Premium Trainer Box,2021-01-22,,33
5867,,Aqua Deck Kit,2024-08-21,,33
5868,,Magma Deck Kit,2024-08-21,,33
3974,,Ash vs Team Rocket Deck Kit,2021-03-17,,32
4094,,PokéKyun Collection,2021-03-18,,32
4205,,Battle Gift Set: Thundurus vs Tornadus,2021-04-27,,32
4238,,Pikachu Coin (Emboar EX vs Togekiss EX Deck Kit),2016-06-13,,32
4349,,,2021-06-28,,32
5179,,Special Battle Set Charizard VSTAR vs Rayquaza VMAX,2022-10-10,,32
5410,,World Championships 2023 Yokohama Deck -Pikachu-,2023-06-22,,32
4245,,Espeon & Deoxys GX Tag Team GX Starter Set,2021-03-17,,31
4248,,Brock of Pewter City Gym Trainer Battle Deck,2021-03-17,,31
4385,,Special Deck Set Zacian Zamazenta vs Eternatus,2021-10-04,,30
5138,,Trick or Trade,2022-07-27,,30
5405,,Trick or Trade 2023,2023-06-22,,30
4247,,Tag Team GX Deck Build Box,2021-03-17,,29
4307,,Magmortar vs Electivire Deck Kit,2021-05-28,,28
5221,,Premium Trainer Box ex,2022-12-09,,28
2438,DET,Detective Pikachu,2019-02-28,tcg,27
4079,,MAudino EX Mega Battle Deck,2021-03-19,,27
4114,,Legendary Shine Collection,2021-03-18,,27
6514,,30th Anniversary Celebration Simplified Chinese: Original Partner Card Set Vol.1,2026-03-11,,27
4211,,Battle Theme Deck: Victini,2021-04-27,,26
5218,,ex Starter Set Sprigatito & Lucario ex,2022-12-09,,26
5220,,ex Starter Set Quaxly & Mimikyu ex,2022-12-09,,26
6275,,,2025-08-22,,26
1605,BG,,0000-00-00,tcg,25
1610,HSP,,0000-00-00,tcg,25
3826,,Great Detective Pikachu,2021-03-15,,25
4129,,Super Legend Set: Xerneas EX & Yveltal EX,2021-03-19,,25
4184,,Shiny Collection,2021-04-27,,25
4346,,25th Anniversary Edition,2021-06-25,,25
4518,,Start Deck 100 CoroCoro Comic Version,2022-01-24,,25
5681,,Onix Coin (Nivi City Gym),2016-03-11,,25
5841,,Stellar Tera Type Starter Set Sylveon ex,2024-07-29,,25
5842,,Stellar Tera Type Starter Set Ceruledge ex,2024-07-29,,25
6348,,Pikachu Legendary Celebration: Great Ball,2025-10-14,,25
1627,,EX Trainer Kit 2,0000-00-00,,24
1636,DRV,Dragon Vault,0000-00-00,tcg,24
3615,,Sword & Shield Premium Trainer Box,2020-12-02,,24
4178,,McDonald's Pokémon-e Minimum Pack,2021-04-23,,24
4242,,Gigantamax Inteleon Coin,2021-05-14,,24
4303,,Heatran vs Regigigas Deck Kit,2021-05-28,,24
4354,,,2021-06-30,,24
5219,,ex Starter Set Fuecoco & Ampharos ex,2022-12-09,,24
5299,,ex Starter Set Pikachu ex & Pawmot,2023-02-28,,24
5694,,Shockwave! Tyranitar ex Constructed Standard Deck,2024-03-20,,24
5695,,Imprison! Gardevoir ex Constructed Standard Deck,2024-03-20,,24
6274,,CS6.1C: Radiant Energy Vol. 3,2024-09-10,,24
6398,,CSNC: Brave Stars Deck Building Gift Box,2025-11-21,,24
6407,,CSAC: Dynamax Clash Deck Building Box,2024-07-24,,24
1628,,DP Trainer Kit,0000-00-00,,23
4139,,MCharizard EX Mega Battle Deck,2021-03-19,,23
6259,,MEGA Starter Set Mega Gengar ex,2025-08-12,,23
6260,,MEGA Starter Set Mega Diancie ex,2025-08-12,,23
6272,,CS4.1C: Radiant Energy Vol.1,2024-07-24,,23
6273,,CS5.1C: Radiant Energy Vol. 2,2024-08-02,,23
6382,,MEGA Start Deck 100 Battle Collection Corociao Version,2025-11-10,,23
4276,,Movie Commemoration Random Pack,2021-05-26,,22
4516,,Sword & Shield Starter Set Lucario VSTAR,2022-01-24,,22
5476,,Terastal Starter Set Skeledirge ex,2023-09-11,,22
5477,,Terastal Starter Set Mewtwo ex,2023-09-11,,22
5682,,Starmie Coin (Hanada City Gym),2016-03-11,,22
5684,,Gloom Coin (Tamamushi City Gym),2016-03-11,,22
5737,,Battle Master Deck Tera Charizard ex: Tera Charizard Coin,2024-04-16,,22
3585,,VMAX Starter Deck: Venusaur VMAX,2020-12-01,,21
4241,,Gigantamax Gengar Coin,2021-05-14,,21
4254,,Solgaleo GX & Lunala GX Legendary Starter Set,2021-03-17,,21
4255,,Tapu Bulu GX Enhanced Starter Set,2021-03-17,,21
4517,,Sword & Shield Starter Set Darkrai VSTAR,2022-01-24,,21
5096,,VSTAR & VMAX High Class Deck Zeraora,2022-06-24,,21
5097,,VSTAR & VMAX High Class Deck Deoxys,2022-06-24,,21
6016,,Starter Set ex Marnie's Morpeko & Grimmsnarl ex,2025-01-24,,21
6017,,Starter Set ex Steven's Beldum & Metagross ex,2025-01-24,,21
1626,,EX Trainer Kit,0000-00-00,,20
3590,,VMAX Starter Deck: Blastoise VMAX,2020-12-01,,20
4084,,Zygarde EX Perfect Battle Deck,2021-03-19,,20
4119,,MRayquaza EX Mega Battle Deck,2021-03-19,,20
4134,,Hyper Metal Chain Deck,2021-03-19,,20
4189,,White Kyurem EX Battle Strength Deck,2021-04-27,,20
4190,,Black Kyurem EX Battle Strength Deck,2021-04-27,,20
4203,,Dragon Selection,2021-04-26,,20
4206,,Zekrom EX Battle Strength Deck,2021-04-27,,20
4207,,Reshiram EX Battle Strength Deck,2021-04-27,,20
4253,,Ultra Sun & Ultra Moon Premium Trainer Box,2021-03-17,,20
4339,,,2021-06-22,,20
4340,,,2021-06-22,,20
5686,,Arcanine Coin (Guren Town Gym),2016-03-11,,20
5725,,Silver Deck Kit,2024-04-08,,20
5726,,Black Deck Kit,2024-04-08,,20
5738,,Battle Master Deck Chien-Pao ex: Chien-Pao Coin,2024-04-16,,20
6300,,,2025-11-10,,20
6301,,Giratina VSTAR Deck Building Advanced Gift Box,2024-12-11,,20
6347,,Mewtwo V-UNION Binder Collection,2025-10-14,,20
6637,,MEGA Starter Set Eevee ex,2026-07-02,,20
6638,,MEGA Starter Set Zorua & Zoroark ex,2026-07-02,,20
4181,,Blastoise + Kyurem EX Combo Deck,2021-04-27,,19
4192,,Team Plasma's Powered Half Deck,2021-04-27,,19
4263,,Tyranitar Constructed Standard Deck,2021-05-25,,19
4264,,Steelix Constructed Standard Deck,2021-05-25,,19
4277,,,2022-09-20,,19
4311,,Palkia LV.X Constructed Standard Deck,2021-05-28,,19
4312,,Dialga LV.X Constructed Standard Deck,2021-05-28,,19
4319,,,2021-06-22,,19
4348,,,2021-06-28,,19
4392,,Pikachu World Collection 2010 Blue Set,2021-10-05,,19
5683,,Raichu Coin (Kuchiba City Gym),2016-03-11,,19
5685,,Alakazam Coin (Yamabuki City Gym),2016-03-11,,19
5863,,Metagross Constructed Starter Deck,2024-08-21,,19
5870,,Salamence Constructed Starter Deck,2024-08-21,,19
5871,,Flygon Constructed Starter Deck,2024-08-21,,19
5874,,Mudkip Constructed Starter Deck,2024-08-21,,19
5875,,Torchic Constructed Starter Deck,2024-08-21,,19
5876,,Treecko Constructed Starter Deck,2024-08-21,,19
6231,,Mega Latias ex Box,2025-07-25,,19
6368,,Arceus & Dialga & Palkia GX Premium Deck Building Box,2024-11-14,,19
6402,,Mew Confluence Deck Building Advanced Gift Box,2024-11-28,,19
6404,,CSBC: Primordial Arts Deck Building Gift Box Venusaur,2024-07-24,,19
6405,,CSCC: Primordial Arts Deck Building Gift Box Blastoise,2024-07-24,,19
1618,,POP Series 6,0000-00-00,,18
1621,,POP Series 9,0000-00-00,,18
1633,,Southern Islands Collection,0000-00-00,,18
1634,,Pokémon Rumble: Game Box,0000-00-00,,18
4188,,Team Plasma Battle Gift Set,2021-04-27,,18
4197,,Keldeo Battle Strength Deck,2021-04-27,,18
4198,,Garchomp Half Deck,2021-04-27,,18
4199,,Hydreigon Half Deck,2021-04-27,,18
4257,,Premium Trainer Box,2021-03-17,,18
4287,,,2022-09-29,,18
4288,,,2022-09-29,,18
4351,,,2021-06-30,,18
4357,SI,Tropical Island Jungle Set,2021-07-06,tcg,18
5865,,,2024-08-21,,18
5866,,Gift Box Latias & Latios ex,2024-08-21,,18
6516,,,2026-03-16,,18
6639,,MEGA Starter Set Sprigatito & Meowscarada ex,2026-07-02,,18
1613,P1,POP Series 1,0000-00-00,tcg,17
1614,P2,POP Series 2,0000-00-00,tcg,17
1615,P3,POP Series 3,0000-00-00,tcg,17
1616,P4,POP Series 4,0000-00-00,tcg,17
1617,P5,POP Series 5,0000-00-00,tcg,17
1619,,POP Series 7,0000-00-00,,17
1620,P8,POP Series 8,0000-00-00,tcg,17
4099,,Golduck BREAK + Palkia EX Combo Deck,2021-03-19,,17
4278,,Arceus Coin (Arceus LV.X Deck: Lightning & Psychic),2016-06-06,,17
4279,,Arceus Coin (Arceus LV.X Deck: Grass & Fire),2016-06-06,,17
4284,,,2022-09-22,,16
4285,,,2022-09-22,,16
4315,,Rampardos the Attacker,2021-05-28,,16
4316,,Bastiodon the Defender,2021-05-28,,16
4389,,25th Anniversary Golden Box,2021-06-25,,16
5698,,Earth's Groudon ex Constructed Starter Deck,2024-03-21,,16
5699,,Ocean's Kyogre ex Constructed Starter Deck,2024-03-21,,16
5719,,Mirage's Mew Constructed Starter Deck,2024-04-08,,16
5720,,Feraligatr Constructed Starter Deck,2024-04-08,,16
5721,,Typhlosion Constructed Starter Deck,2024-04-08,,16
5722,,Meganium Constructed Starter Deck,2024-04-08,,16
6302,,Poké Ball Gift Box: Pokémon Art Illustration Celebration Gathering,2024-12-11,,16
6349,,Art Illustration Celebration: Poké Ball,2025-10-14,,16
4144,,Yveltal Half Deck,2021-03-19,,15
4149,,Xerneas Half Deck,2021-03-19,,15
4266,,,2022-07-22,,15
4290,,,2022-10-04,,15
4291,,,2022-10-04,,15
5135,,McDonald's Match Battle 2022,2022-08-05,,15
5430,,McDonald's Match Battle 2023,2023-08-01,,15
5715,,Holon Research Tower Lightning Quarter Deck,2024-04-08,,15
5716,,Holon Research Tower Water Quarter Deck,2024-04-08,,15
5717,,Holon Research Tower Fire Quarter Deck,2024-04-08,,15
5727,,Rayquaza Constructed Starter Deck,2024-04-08,,15
5728,,Deoxys Constructed Starter Deck,2024-04-08,,15
5978,,McDonald's Dragon Discovery,2024-12-04,,15
6369,,Shining Pokémon Poké Ball Gift Box,2024-11-14,,15
4267,,,2022-07-22,,14
4292,,,2022-10-04,,14
4300,,,2023-01-03,,14
4301,,,2023-01-03,,14
4256,,Rockruff Full Power Deck,2021-03-17,,13
4293,,,2022-10-04,,13
4294,,,2022-10-04,,13
4295,,,2022-10-04,,13
4296,,,2022-10-04,,13
4381,,Greninja V-UNION Special Card Set,2021-08-27,,13
6350,,Pokémon Card Display Set Gift Box Gengar,2024-10-17,,13
6357,,Pokémon Card Display Set Gift Box Charizard,2024-11-19,,13
6518,,,2026-05-12,,13
6640,,,2026-07-03,,13
1622,,,0000-00-00,,12
1623,,,0000-00-00,,12
1624,,,0000-00-00,,12
1625,,,0000-00-00,,12
1741,,,2016-10-21,,12
1752,,,2017-01-24,,12
1845,,,2017-09-18,,12
2352,,,2018-07-24,,12
2404,,,2018-11-14,,12
2829,,,2019-10-29,,12
4281,,Regigigas LV.X Collection Pack,2021-05-26,,12
4282,,Mewtwo LV.X Collection Pack,2021-05-26,,12
4283,,Shaymin LV.X Collection Pack,2021-05-26,,12
5034,,,2022-04-06,,12
4271,,Raichu Battle Starter Deck,2021-05-25,,11
4310,,10th Movie Commemoration Set,2021-05-28,,11
4104,,Noivern BREAK Evolution Pack,2021-03-19,,10
4109,,Raichu BREAK Evolution Pack,2021-03-19,,10
4268,,Torterra Battle Starter Deck,2021-05-25,,10
4270,,Blastoise Battle Starter Deck,2021-05-25,,10
6406,,Meowth's Little Tricks,2025-11-26,,10
4217,,Oshawott Collection Sheet,2021-04-27,,9
4269,,Magmortar Battle Starter Deck,2021-05-25,,9
4299,,Pokémon Movie: Premium Cards Collection 2008,2021-05-28,,9
4342,,,2021-06-22,,9
4343,,,2021-06-22,,9
5415,,Legacy Evolution Collection,2017-04-12,,9
5861,,,2024-08-20,,9
6401,,Vaporeon VMAX Gift Box,2024-06-24,,9
3610,,VMAX Special Set,2020-12-02,,8
4240,,Eevee Heroes VMAX Special Set,2021-05-14,,8
6324,,,2025-09-26,,8
6354,,Sword & Shield Trainer Collection Gift Box,2024-12-11,,8
6356,,Pokémon Card Display Set Gift Box Eevee,2024-07-24,,8
6367,,Espeon GX Gift Box,2023-06-29,,8
1606,,,0000-00-00,,7
3605,,Zacian + Zamazenta BOX,2020-12-02,,7
4321,,,2021-05-28,,7
5351,,Scarlet & Violet ex Special Set,2023-04-23,,7
4173,,Silver Lance & Jet Black Spirit Jumbo Pack Set,2021-04-01,,6
5098,,V & VSTAR Promo Card Pack,2022-06-24,,6
3510,,,2020-10-19,,5
4505,,Poké Card Creator Pack,2022-01-12,,5
6366,,Lillie's Support Gift Box,2024-11-14,,5
3979,,,2021-04-23,,4
6303,,Quicksand Card Display Pendant Gift Box,2024-12-11,,4
4352,,,2021-06-29,,2
6683,,,2026-08-05,,1
