meta,tournaments_used,tournament_count,my_deck_slug,my_deck_name,my_deck_player_count,my_deck_total_wins,my_deck_total_losses,my_deck_total_ties,my_deck_overall_win_pct,opponent_deck_slug,opponent_deck_name,vs_count,vs_win_pct,vs_wins,vs_losses,vs_ties,day_filter,scraped_at,ist_spiegel,tagesfilter_quelle
SVI-ASC,61,1,alakazam-dudunsparce,Alakazam Dudunsparce,37,109,141,51,41.86,dragapult-dusknoir,Dragapult Dusknoir,49,24.49,9,31,9,overall,2026-09-29T13:23:20.403420+00:00,nein,abfrage
SVI-ASC,61,1,alakazam-dudunsparce,Alakazam Dudunsparce,37,109,141,51,41.86,n-zoroark,N's Zoroark,30,31.11,8,18,4,overall,2026-09-29T13:23:20.403420+00:00,nein,abfrage
SVI-ASC,61,1,alakazam-dudunsparce,Alakazam Dudunsparce,37,109,141,51,41.86,gholdengo-lunatone,Gholdengo Lunatone,24,55.56,12,8,4,overall,2026-09-29T13:23:20.403420+00:00,nein,abfrage
SVI-ASC,61,1,alakazam-dudunsparce,Alakazam Dudunsparce,37,109,141,51,41.86,gardevoir-ex-sv,Gardevoir,23,34.78,6,11,6,overall,2026-09-29T13:23:20.403420+00:00,nein,abfrage
SVI-ASC,61,1,alakazam-dudunsparce,Alakazam Dudunsparce,37,109,141,51,41.86,raging-bolt-ogerpon,Raging Bolt Ogerpon,20,65.0,12,5,3,overall,2026-09-29T13:23:20.403420+00:00,nein,abfrage
SVI-ASC,61,1,alakazam-dudunsparce,Alakazam Dudunsparce,37,109,141,51,41.86,grimmsnarl-froslass,Grimmsnarl Froslass,20,48.33,8,7,5,overall,2026-09-29T13:23:20.403420+00:00,nein,abfrage
SVI-ASC,61,1,alakazam-dudunsparce,Alakazam Dudunsparce,37,109,141,51,41.86,festival-lead,Festival Lead,13,23.08,3,10,0,overall,2026-09-29T13:23:20.403420+00:00,nein,abfrage
SVI-ASC,61,1,alakazam-dudunsparce,Alakazam Dudunsparce,37,109,141,51,41.86,charizard-noctowl,Charizard Noctowl,12,33.33,3,6,3,overall,2026-09-29T13:23:20.403420+00:00,nein,abfrage
SVI-ASC,61,1,alakazam-dudunsparce,Alakazam Dudunsparce,37,109,141,51,41.86,joltik-box,Joltik Box,9,70.37,6,2,1,overall,2026-09-29T13:23:20.403420+00:00,nein,abfrage
SVI-ASC,61,1,alakazam-dudunsparce,Alakazam Dudunsparce,37,109,141,51,41.86,mega-absol-box,Mega Absol Box,9,55.56,5,4,0,overall,2026-09-29T13:23:20.403420+00:00,nein,abfrage
SVI-ASC,61,1,alakazam-dudunsparce,Alakazam Dudunsparce,37,109,141,51,41.86,dragapult-charizard,Dragapult Charizard,8,16.67,1,6,1,overall,2026-09-29T13:23:20.403420+00:00,nein,abfrage
SVI-ASC,61,1,alakazam-dudunsparce,Alakazam Dudunsparce,37,109,141,51,41.86,charizard-pidgeot,Charizard Pidgeot,8,58.33,4,2,2,overall,2026-09-29T13:23:20.403420+00:00,nein,abfrage
SVI-ASC,61,1,alakazam-dudunsparce,Alakazam Dudunsparce,37,109,141,51,41.86,froslass-munkidori,Froslass Munkidori,7,33.33,2,4,1,overall,2026-09-29T13:23:20.403420+00:00,nein,abfrage
SVI-ASC,61,1,alakazam-dudunsparce,Alakazam Dudunsparce,37,109,141,51,41.86,crustle-dri,Crustle,6,55.56,3,2,1,overall,2026-09-29T13:23:20.403420+00:00,nein,abfrage
SVI-ASC,61,1,alakazam-dudunsparce,Alakazam Dudunsparce,37,109,141,51,41.86,ceruledge-ex,Ceruledge,6,66.67,4,2,0,overall,2026-09-29T13:23:20.403420+00:00,nein,abfrage
SVI-ASC,61,1,alakazam-dudunsparce,Alakazam Dudunsparce,37,109,141,51,41.86,cynthia-garchomp-ex,Cynthia's Garchomp,5,53.33,2,1,2,overall,2026-09-29T13:23:20.403420+00:00,nein,abfrage
SVI-ASC,61,1,alakazam-dudunsparce,Alakazam Dudunsparce,37,109,141,51,41.86,mega-venusaur-ex,Mega Venusaur,5,40.0,2,3,0,overall,2026-09-29T13:23:20.403420+00:00,nein,abfrage
SVI-ASC,61,1,alakazam-dudunsparce,Alakazam Dudunsparce,37,109,141,51,41.86,flareon-noctowl,Flareon Noctowl,4,75.0,3,1,0,overall,2026-09-29T13:23:20.403420+00:00,nein,abfrage
SVI-ASC,61,1,alakazam-dudunsparce,Alakazam Dudunsparce,37,109,141,51,41.86,rocket-mewtwo-ex,Rocket's Mewtwo,4,25.0,1,3,0,overall,2026-09-29T13:23:20.403420+00:00,nein,abfrage
SVI-ASC,61,1,alakazam-dudunsparce,Alakazam Dudunsparce,37,109,141,51,41.86,slowking-scr,Slowking,3,66.67,2,1,0,overall,2026-09-29T13:23:20.403420+00:00,nein,abfrage
SVI-ASC,61,1,alakazam-dudunsparce,Alakazam Dudunsparce,37,109,141,51,41.86,alakazam-dudunsparce,Alakazam Dudunsparce,3,44.44,2,2,2,overall,2026-09-29T13:23:20.403420+00:00,ja,abfrage
SVI-ASC,61,1,alakazam-dudunsparce,Alakazam Dudunsparce,37,109,141,51,41.86,mega-lucario-ex,Mega Lucario,3,77.78,2,0,1,overall,2026-09-29T13:23:20.403420+00:00,nein,abfrage
SVI-ASC,61,1,alakazam-dudunsparce,Alakazam Dudunsparce,37,109,141,51,41.86,greninja-ex,Greninja,2,100.0,2,0,0,overall,2026-09-29T13:23:20.403420+00:00,nein,abfrage
SVI-ASC,61,1,alakazam-dudunsparce,Alakazam Dudunsparce,37,109,141,51,41.86,lucario-hariyama,Lucario Hariyama,2,50.0,1,1,0,overall,2026-09-29T13:23:20.403420+00:00,nein,abfrage
SVI-ASC,61,1,alakazam-dudunsparce,Alakazam Dudunsparce,37,109,141,51,41.86,other,Other,2,50.0,1,1,0,overall,2026-09-29T13:23:20.403420+00:00,nein,abfrage
SVI-ASC,61,1,alakazam-dudunsparce,Alakazam Dudunsparce,37,109,141,51,41.86,gardevoir-jellicent,Gardevoir Jellicent,2,16.67,0,1,1,overall,2026-09-29T13:23:20.403420+00:00,nein,abfrage
SVI-ASC,61,1,alakazam-dudunsparce,Alakazam Dudunsparce,37,109,141,51,41.86,poison-archaludon,Poison Archaludon,1,0.0,0,1,0,overall,2026-09-29T13:23:20.403420+00:00,nein,abfrage
SVI-ASC,61,1,alakazam-dudunsparce,Alakazam Dudunsparce,37,109,141,51,41.86,hops-trevenant,Hop's Trevenant,1,33.33,0,0,1,overall,2026-09-29T13:23:20.403420+00:00,nein,abfrage
SVI-ASC,61,1,alakazam-dudunsparce,Alakazam Dudunsparce,37,109,141,51,41.86,archaludon-ex,Archaludon,1,0.0,0,1,0,overall,2026-09-29T13:23:20.403420+00:00,nein,abfrage
SVI-ASC,61,1,alakazam-dudunsparce,Alakazam Dudunsparce,37,109,141,51,41.86,copperajah-ex,Copperajah,1,33.33,0,0,1,overall,2026-09-29T13:23:20.403420+00:00,nein,abfrage
SVI-ASC,61,1,alakazam-dudunsparce,Alakazam Dudunsparce,37,109,141,51,41.86,lopunny-dusknoir,Lopunny Dusknoir,1,100.0,1,0,0,overall,2026-09-29T13:23:20.403420+00:00,nein,abfrage
SVI-ASC,61,1,alakazam-dudunsparce,Alakazam Dudunsparce,37,109,141,51,41.86,ho-oh-armarouge,Ho-Oh Armarouge,1,33.33,0,0,1,overall,2026-09-29T13:23:20.403420+00:00,nein,abfrage
SVI-ASC,61,1,alakazam-dudunsparce,Alakazam Dudunsparce,37,109,141,51,41.86,dragapult-ex,Dragapult,1,33.33,0,0,1,overall,2026-09-29T13:23:20.403420+00:00,nein,abfrage
SVI-ASC,61,1,alakazam-dudunsparce,Alakazam Dudunsparce,37,109,141,51,41.86,mega-gengar-ex,Mega Gengar,1,0.0,0,1,0,overall,2026-09-29T13:23:20.403420+00:00,nein,abfrage
SVI-ASC,61,1,alakazam-dudunsparce,Alakazam Dudunsparce,37,109,141,51,41.86,manectric-eelektrik,Manectric Eelektrik,1,100.0,1,0,0,overall,2026-09-29T13:23:20.403420+00:00,nein,abfrage
SVI-ASC,61,1,alakazam-dudunsparce,Alakazam Dudunsparce,37,109,141,51,41.86,sharpedo-toxtricity,Sharpedo Toxtricity,1,100.0,1,0,0,overall,2026-09-29T13:23:20.403420+00:00,nein,abfrage
SVI-ASC,61,1,alakazam-dudunsparce,Alakazam Dudunsparce,37,109,141,51,41.86,gholdengo-joltik-box,Gholdengo Joltik Box,1,0.0,0,1,0,overall,2026-09-29T13:23:20.403420+00:00,nein,abfrage
SVI-ASC,61,1,alakazam-dudunsparce,Alakazam Dudunsparce,37,109,141,51,41.86,tera-box,Tera Box,1,100.0,1,0,0,overall,2026-09-29T13:23:20.403420+00:00,nein,abfrage
SVI-ASC,61,1,alakazam-meg,Alakazam,4,6,17,6,27.59,dragapult-dusknoir,Dragapult Dusknoir,5,26.67,1,3,1,overall,2026-09-29T13:23:22.206860+00:00,nein,abfrage
SVI-ASC,61,1,alakazam-meg,Alakazam,4,6,17,6,27.59,grimmsnarl-froslass,Grimmsnarl Froslass,4,25.0,1,3,0,overall,2026-09-29T13:23:22.206860+00:00,nein,abfrage
SVI-ASC,61,1,alakazam-meg,Alakazam,4,6,17,6,27.59,mega-absol-box,Mega Absol Box,3,77.78,2,0,1,overall,2026-09-29T13:23:22.206860+00:00,nein,abfrage
SVI-ASC,61,1,alakazam-meg,Alakazam,4,6,17,6,27.59,froslass-munkidori,Froslass Munkidori,2,0.0,0,2,0,overall,2026-09-29T13:23:22.206860+00:00,nein,abfrage
SVI-ASC,61,1,alakazam-meg,Alakazam,4,6,17,6,27.59,gardevoir-ex-sv,Gardevoir,2,16.67,0,1,1,overall,2026-09-29T13:23:22.206860+00:00,nein,abfrage
SVI-ASC,61,1,alakazam-meg,Alakazam,4,6,17,6,27.59,gholdengo-lunatone,Gholdengo Lunatone,2,16.67,0,1,1,overall,2026-09-29T13:23:22.206860+00:00,nein,abfrage
SVI-ASC,61,1,alakazam-meg,Alakazam,4,6,17,6,27.59,charizard-noctowl,Charizard Noctowl,2,0.0,0,2,0,overall,2026-09-29T13:23:22.206860+00:00,nein,abfrage
SVI-ASC,61,1,alakazam-meg,Alakazam,4,6,17,6,27.59,ethan-typhlosion,Ethan's Typhlosion,1,33.33,0,0,1,overall,2026-09-29T13:23:22.206860+00:00,nein,abfrage
SVI-ASC,61,1,alakazam-meg,Alakazam,4,6,17,6,27.59,azumarill-ssp,Azumarill,1,100.0,1,0,0,overall,2026-09-29T13:23:22.206860+00:00,nein,abfrage
SVI-ASC,61,1,alakazam-meg,Alakazam,4,6,17,6,27.59,dragapult-froslass,Dragapult Froslass,1,100.0,1,0,0,overall,2026-09-29T13:23:22.206860+00:00,nein,abfrage
SVI-ASC,61,1,alakazam-meg,Alakazam,4,6,17,6,27.59,festival-lead,Festival Lead,1,0.0,0,1,0,overall,2026-09-29T13:23:22.206860+00:00,nein,abfrage
SVI-ASC,61,1,alakazam-meg,Alakazam,4,6,17,6,27.59,raging-bolt-ogerpon,Raging Bolt Ogerpon,1,0.0,0,1,0,overall,2026-09-29T13:23:22.206860+00:00,nein,abfrage
SVI-ASC,61,1,alakazam-meg,Alakazam,4,6,17,6,27.59,charizard-pidgeot,Charizard Pidgeot,1,33.33,0,0,1,overall,2026-09-29T13:23:22.206860+00:00,nein,abfrage
SVI-ASC,61,1,alakazam-meg,Alakazam,4,6,17,6,27.59,slowking-scr,Slowking,1,0.0,0,1,0,overall,2026-09-29T13:23:22.206860+00:00,nein,abfrage
SVI-ASC,61,1,alakazam-meg,Alakazam,4,6,17,6,27.59,hydrapple-ogerpon,Hydrapple Ogerpon,1,0.0,0,1,0,overall,2026-09-29T13:23:22.206860+00:00,nein,abfrage
SVI-ASC,61,1,archaludon-dudunsparce,Archaludon Dudunsparce,1,1,4,3,25.0,gholdengo-lunatone,Gholdengo Lunatone,2,66.67,1,0,1,overall,2026-09-29T13:23:24.018189+00:00,nein,abfrage
SVI-ASC,61,1,archaludon-dudunsparce,Archaludon Dudunsparce,1,1,4,3,25.0,dragapult-charizard,Dragapult Charizard,2,0.0,0,2,0,overall,2026-09-29T13:23:24.018189+00:00,nein,abfrage
SVI-ASC,61,1,archaludon-dudunsparce,Archaludon Dudunsparce,1,1,4,3,25.0,gardevoir-ex-sv,Gardevoir,1,33.33,0,0,1,overall,2026-09-29T13:23:24.018189+00:00,nein,abfrage
SVI-ASC,61,1,archaludon-dudunsparce,Archaludon Dudunsparce,1,1,4,3,25.0,ceruledge-ex,Ceruledge,1,0.0,0,1,0,overall,2026-09-29T13:23:24.018189+00:00,nein,abfrage
SVI-ASC,61,1,archaludon-dudunsparce,Archaludon Dudunsparce,1,1,4,3,25.0,grimmsnarl-froslass,Grimmsnarl Froslass,1,0.0,0,1,0,overall,2026-09-29T13:23:24.018189+00:00,nein,abfrage
SVI-ASC,61,1,archaludon-dudunsparce,Archaludon Dudunsparce,1,1,4,3,25.0,dragapult-dusknoir,Dragapult Dusknoir,1,33.33,0,0,1,overall,2026-09-29T13:23:24.018189+00:00,nein,abfrage
SVI-ASC,61,1,archaludon-ex,Archaludon,2,10,7,4,53.97,dragapult-dusknoir,Dragapult Dusknoir,5,53.33,2,1,2,overall,2026-09-29T13:23:25.835937+00:00,nein,abfrage
SVI-ASC,61,1,archaludon-ex,Archaludon,2,10,7,4,53.97,raging-bolt-ogerpon,Raging Bolt Ogerpon,3,100.0,3,0,0,overall,2026-09-29T13:23:25.835937+00:00,nein,abfrage
SVI-ASC,61,1,archaludon-ex,Archaludon,2,10,7,4,53.97,gholdengo-lunatone,Gholdengo Lunatone,3,44.44,1,1,1,overall,2026-09-29T13:23:25.835937+00:00,nein,abfrage
SVI-ASC,61,1,archaludon-ex,Archaludon,2,10,7,4,53.97,grimmsnarl-froslass,Grimmsnarl Froslass,2,50.0,1,1,0,overall,2026-09-29T13:23:25.835937+00:00,nein,abfrage
SVI-ASC,61,1,archaludon-ex,Archaludon,2,10,7,4,53.97,n-zoroark,N's Zoroark,2,0.0,0,2,0,overall,2026-09-29T13:23:25.835937+00:00,nein,abfrage
SVI-ASC,61,1,archaludon-ex,Archaludon,2,10,7,4,53.97,gardevoir-ex-sv,Gardevoir,2,50.0,1,1,0,overall,2026-09-29T13:23:25.835937+00:00,nein,abfrage
SVI-ASC,61,1,archaludon-ex,Archaludon,2,10,7,4,53.97,alakazam-dudunsparce,Alakazam Dudunsparce,1,100.0,1,0,0,overall,2026-09-29T13:23:25.835937+00:00,nein,abfrage
SVI-ASC,61,1,archaludon-ex,Archaludon,2,10,7,4,53.97,dragapult-ex,Dragapult,1,33.33,0,0,1,overall,2026-09-29T13:23:25.835937+00:00,nein,abfrage
SVI-ASC,61,1,archaludon-ex,Archaludon,2,10,7,4,53.97,froslass-munkidori,Froslass Munkidori,1,100.0,1,0,0,overall,2026-09-29T13:23:25.835937+00:00,nein,abfrage
SVI-ASC,61,1,azumarill-ssp,Azumarill,1,3,5,0,37.5,dragapult-dusknoir,Dragapult Dusknoir,2,0.0,0,2,0,overall,2026-09-29T13:23:27.615005+00:00,nein,abfrage
SVI-ASC,61,1,azumarill-ssp,Azumarill,1,3,5,0,37.5,raging-bolt-ogerpon,Raging Bolt Ogerpon,2,50.0,1,1,0,overall,2026-09-29T13:23:27.615005+00:00,nein,abfrage
SVI-ASC,61,1,azumarill-ssp,Azumarill,1,3,5,0,37.5,alakazam-meg,Alakazam,1,0.0,0,1,0,overall,2026-09-29T13:23:27.615005+00:00,nein,abfrage
SVI-ASC,61,1,azumarill-ssp,Azumarill,1,3,5,0,37.5,charizard-pidgeot,Charizard Pidgeot,1,100.0,1,0,0,overall,2026-09-29T13:23:27.615005+00:00,nein,abfrage
SVI-ASC,61,1,azumarill-ssp,Azumarill,1,3,5,0,37.5,kangaskhan-bouffalant,Kangaskhan Bouffalant,1,0.0,0,1,0,overall,2026-09-29T13:23:27.615005+00:00,nein,abfrage
SVI-ASC,61,1,azumarill-ssp,Azumarill,1,3,5,0,37.5,festival-lead,Festival Lead,1,100.0,1,0,0,overall,2026-09-29T13:23:27.615005+00:00,nein,abfrage
SVI-ASC,61,1,ceruledge-ex,Ceruledge,41,122,139,64,44.1,dragapult-dusknoir,Dragapult Dusknoir,57,43.27,21,25,11,overall,2026-09-29T13:23:29.459422+00:00,nein,abfrage
SVI-ASC,61,1,ceruledge-ex,Ceruledge,41,122,139,64,44.1,gholdengo-lunatone,Gholdengo Lunatone,36,46.3,15,16,5,overall,2026-09-29T13:23:29.459422+00:00,nein,abfrage
SVI-ASC,61,1,ceruledge-ex,Ceruledge,41,122,139,64,44.1,n-zoroark,N's Zoroark,23,60.87,12,5,6,overall,2026-09-29T13:23:29.459422+00:00,nein,abfrage
SVI-ASC,61,1,ceruledge-ex,Ceruledge,41,122,139,64,44.1,grimmsnarl-froslass,Grimmsnarl Froslass,22,34.85,5,9,8,overall,2026-09-29T13:23:29.459422+00:00,nein,abfrage
SVI-ASC,61,1,ceruledge-ex,Ceruledge,41,122,139,64,44.1,raging-bolt-ogerpon,Raging Bolt Ogerpon,19,57.89,10,6,3,overall,2026-09-29T13:23:29.459422+00:00,nein,abfrage
SVI-ASC,61,1,ceruledge-ex,Ceruledge,41,122,139,64,44.1,mega-absol-box,Mega Absol Box,19,68.42,12,4,3,overall,2026-09-29T13:23:29.459422+00:00,nein,abfrage
SVI-ASC,61,1,ceruledge-ex,Ceruledge,41,122,139,64,44.1,gardevoir-ex-sv,Gardevoir,18,24.07,2,9,7,overall,2026-09-29T13:23:29.459422+00:00,nein,abfrage
SVI-ASC,61,1,ceruledge-ex,Ceruledge,41,122,139,64,44.1,joltik-box,Joltik Box,10,16.67,1,7,2,overall,2026-09-29T13:23:29.459422+00:00,nein,abfrage
SVI-ASC,61,1,ceruledge-ex,Ceruledge,41,122,139,64,44.1,dragapult-charizard,Dragapult Charizard,10,40.0,4,6,0,overall,2026-09-29T13:23:29.459422+00:00,nein,abfrage
SVI-ASC,61,1,ceruledge-ex,Ceruledge,41,122,139,64,44.1,charizard-noctowl,Charizard Noctowl,9,29.63,2,5,2,overall,2026-09-29T13:23:29.459422+00:00,nein,abfrage
SVI-ASC,61,1,ceruledge-ex,Ceruledge,41,122,139,64,44.1,lucario-hariyama,Lucario Hariyama,7,52.38,3,2,2,overall,2026-09-29T13:23:29.459422+00:00,nein,abfrage
SVI-ASC,61,1,ceruledge-ex,Ceruledge,41,122,139,64,44.1,cynthia-garchomp-ex,Cynthia's Garchomp,7,38.1,2,3,2,overall,2026-09-29T13:23:29.459422+00:00,nein,abfrage
SVI-ASC,61,1,ceruledge-ex,Ceruledge,41,122,139,64,44.1,froslass-munkidori,Froslass Munkidori,7,47.62,2,1,4,overall,2026-09-29T13:23:29.459422+00:00,nein,abfrage
SVI-ASC,61,1,ceruledge-ex,Ceruledge,41,122,139,64,44.1,festival-lead,Festival Lead,7,42.86,3,4,0,overall,2026-09-29T13:23:29.459422+00:00,nein,abfrage
SVI-ASC,61,1,ceruledge-ex,Ceruledge,41,122,139,64,44.1,ceruledge-ex,Ceruledge,6,47.22,5,5,2,overall,2026-09-29T13:23:29.459422+00:00,ja,abfrage
SVI-ASC,61,1,ceruledge-ex,Ceruledge,41,122,139,64,44.1,crustle-dri,Crustle,6,0.0,0,6,0,overall,2026-09-29T13:23:29.459422+00:00,nein,abfrage
SVI-ASC,61,1,ceruledge-ex,Ceruledge,41,122,139,64,44.1,alakazam-dudunsparce,Alakazam Dudunsparce,6,33.33,2,4,0,overall,2026-09-29T13:23:29.459422+00:00,nein,abfrage
SVI-ASC,61,1,ceruledge-ex,Ceruledge,41,122,139,64,44.1,gardevoir-jellicent,Gardevoir Jellicent,4,33.33,1,2,1,overall,2026-09-29T13:23:29.459422+00:00,nein,abfrage
SVI-ASC,61,1,ceruledge-ex,Ceruledge,41,122,139,64,44.1,rocket-mewtwo-ex,Rocket's Mewtwo,4,50.0,2,2,0,overall,2026-09-29T13:23:29.459422+00:00,nein,abfrage
SVI-ASC,61,1,ceruledge-ex,Ceruledge,41,122,139,64,44.1,charizard-pidgeot,Charizard Pidgeot,4,58.33,2,1,1,overall,2026-09-29T13:23:29.459422+00:00,nein,abfrage
SVI-ASC,61,1,ceruledge-ex,Ceruledge,41,122,139,64,44.1,dragapult-ex,Dragapult,3,55.56,1,0,2,overall,2026-09-29T13:23:29.459422+00:00,nein,abfrage
SVI-ASC,61,1,ceruledge-ex,Ceruledge,41,122,139,64,44.1,flareon-noctowl,Flareon Noctowl,3,11.11,0,2,1,overall,2026-09-29T13:23:29.459422+00:00,nein,abfrage
SVI-ASC,61,1,ceruledge-ex,Ceruledge,41,122,139,64,44.1,mega-lucario-ex,Mega Lucario,3,66.67,2,1,0,overall,2026-09-29T13:23:29.459422+00:00,nein,abfrage
SVI-ASC,61,1,ceruledge-ex,Ceruledge,41,122,139,64,44.1,ursaluna-lunatone,Ursaluna Lunatone,3,0.0,0,3,0,overall,2026-09-29T13:23:29.459422+00:00,nein,abfrage
SVI-ASC,61,1,ceruledge-ex,Ceruledge,41,122,139,64,44.1,conkeldurr-twm,Conkeldurr,2,50.0,1,1,0,overall,2026-09-29T13:23:29.459422+00:00,nein,abfrage
SVI-ASC,61,1,ceruledge-ex,Ceruledge,41,122,139,64,44.1,kangaskhan-bouffalant,Kangaskhan Bouffalant,2,0.0,0,2,0,overall,2026-09-29T13:23:29.459422+00:00,nein,abfrage
SVI-ASC,61,1,ceruledge-ex,Ceruledge,41,122,139,64,44.1,greninja-blaziken,Greninja Blaziken,1,100.0,1,0,0,overall,2026-09-29T13:23:29.459422+00:00,nein,abfrage
SVI-ASC,61,1,ceruledge-ex,Ceruledge,41,122,139,64,44.1,flareon-ex,Flareon,1,100.0,1,0,0,overall,2026-09-29T13:23:29.459422+00:00,nein,abfrage
SVI-ASC,61,1,ceruledge-ex,Ceruledge,41,122,139,64,44.1,ethan-typhlosion,Ethan's Typhlosion,1,100.0,1,0,0,overall,2026-09-29T13:23:29.459422+00:00,nein,abfrage
SVI-ASC,61,1,ceruledge-ex,Ceruledge,41,122,139,64,44.1,archaludon-dudunsparce,Archaludon Dudunsparce,1,100.0,1,0,0,overall,2026-09-29T13:23:29.459422+00:00,nein,abfrage
SVI-ASC,61,1,ceruledge-ex,Ceruledge,41,122,139,64,44.1,rockets-honchkrow,Rocket's Honchkrow,1,0.0,0,1,0,overall,2026-09-29T13:23:29.459422+00:00,nein,abfrage
SVI-ASC,61,1,ceruledge-ex,Ceruledge,41,122,139,64,44.1,slowking-scr,Slowking,1,100.0,1,0,0,overall,2026-09-29T13:23:29.459422+00:00,nein,abfrage
SVI-ASC,61,1,ceruledge-ex,Ceruledge,41,122,139,64,44.1,sharpedo-toxtricity,Sharpedo Toxtricity,1,100.0,1,0,0,overall,2026-09-29T13:23:29.459422+00:00,nein,abfrage
SVI-ASC,61,1,ceruledge-ex,Ceruledge,41,122,139,64,44.1,mega-venusaur-ex,Mega Venusaur,1,33.33,0,0,1,overall,2026-09-29T13:23:29.459422+00:00,nein,abfrage
SVI-ASC,61,1,ceruledge-ex,Ceruledge,41,122,139,64,44.1,mega-froslass-ex,Mega Froslass,1,0.0,0,1,0,overall,2026-09-29T13:23:29.459422+00:00,nein,abfrage
SVI-ASC,61,1,ceruledge-ex,Ceruledge,41,122,139,64,44.1,lopunny-dusknoir,Lopunny Dusknoir,1,0.0,0,1,0,overall,2026-09-29T13:23:29.459422+00:00,nein,abfrage
SVI-ASC,61,1,ceruledge-ex,Ceruledge,41,122,139,64,44.1,gholdengo-joltik-box,Gholdengo Joltik Box,1,100.0,1,0,0,overall,2026-09-29T13:23:29.459422+00:00,nein,abfrage
SVI-ASC,61,1,ceruledge-ex,Ceruledge,41,122,139,64,44.1,roaring-moon-dudunsparce,Roaring Moon Dudunsparce,1,0.0,0,1,0,overall,2026-09-29T13:23:29.459422+00:00,nein,abfrage
SVI-ASC,61,1,ceruledge-ex,Ceruledge,41,122,139,64,44.1,tera-box,Tera Box,1,100.0,1,0,0,overall,2026-09-29T13:23:29.459422+00:00,nein,abfrage
SVI-ASC,61,1,ceruledge-ex,Ceruledge,41,122,139,64,44.1,stevens-metagross,Steven's Metagross,1,33.33,0,0,1,overall,2026-09-29T13:23:29.459422+00:00,nein,abfrage
SVI-ASC,61,1,ceruledge-ex,Ceruledge,41,122,139,64,44.1,other,Other,1,100.0,1,0,0,overall,2026-09-29T13:23:29.459422+00:00,nein,abfrage
SVI-ASC,61,1,ceruledge-ex,Ceruledge,41,122,139,64,44.1,ogerpon-meganium,Ogerpon Meganium,1,100.0,1,0,0,overall,2026-09-29T13:23:29.459422+00:00,nein,abfrage
SVI-ASC,61,1,ceruledge-ex,Ceruledge,41,122,139,64,44.1,hop-zacian,Hop's Zacian,1,0.0,0,1,0,overall,2026-09-29T13:23:29.459422+00:00,nein,abfrage
SVI-ASC,61,1,ceruledge-ex,Ceruledge,41,122,139,64,44.1,dragapult-blaziken,Dragapult Blaziken,1,100.0,1,0,0,overall,2026-09-29T13:23:29.459422+00:00,nein,abfrage
SVI-ASC,61,1,charizard-dusknoir,Charizard Dusknoir,1,1,4,1,22.22,dragapult-charizard,Dragapult Charizard,1,33.33,0,0,1,overall,2026-09-29T13:23:31.297763+00:00,nein,abfrage
SVI-ASC,61,1,charizard-dusknoir,Charizard Dusknoir,1,1,4,1,22.22,mega-venusaur-ex,Mega Venusaur,1,100.0,1,0,0,overall,2026-09-29T13:23:31.297763+00:00,nein,abfrage
SVI-ASC,61,1,charizard-dusknoir,Charizard Dusknoir,1,1,4,1,22.22,gholdengo-lunatone,Gholdengo Lunatone,1,0.0,0,1,0,overall,2026-09-29T13:23:31.297763+00:00,nein,abfrage
SVI-ASC,61,1,charizard-dusknoir,Charizard Dusknoir,1,1,4,1,22.22,gardevoir-jellicent,Gardevoir Jellicent,1,0.0,0,1,0,overall,2026-09-29T13:23:31.297763+00:00,nein,abfrage
SVI-ASC,61,1,charizard-dusknoir,Charizard Dusknoir,1,1,4,1,22.22,dragapult-dusknoir,Dragapult Dusknoir,1,0.0,0,1,0,overall,2026-09-29T13:23:31.297763+00:00,nein,abfrage
SVI-ASC,61,1,charizard-ex,Charizard,2,6,7,3,43.75,grimmsnarl-froslass,Grimmsnarl Froslass,4,8.33,0,3,1,overall,2026-09-29T13:23:33.095799+00:00,nein,abfrage
SVI-ASC,61,1,charizard-ex,Charizard,2,6,7,3,43.75,n-zoroark,N's Zoroark,3,44.44,1,1,1,overall,2026-09-29T13:23:33.095799+00:00,nein,abfrage
SVI-ASC,61,1,charizard-ex,Charizard,2,6,7,3,43.75,kangaskhan-bouffalant,Kangaskhan Bouffalant,2,50.0,1,1,0,overall,2026-09-29T13:23:33.095799+00:00,nein,abfrage
SVI-ASC,61,1,charizard-ex,Charizard,2,6,7,3,43.75,froslass-munkidori,Froslass Munkidori,1,33.33,0,0,1,overall,2026-09-29T13:23:33.095799+00:00,nein,abfrage
SVI-ASC,61,1,charizard-ex,Charizard,2,6,7,3,43.75,gholdengo-lunatone,Gholdengo Lunatone,1,0.0,0,1,0,overall,2026-09-29T13:23:33.095799+00:00,nein,abfrage
SVI-ASC,61,1,charizard-ex,Charizard,2,6,7,3,43.75,flareon-noctowl,Flareon Noctowl,1,100.0,1,0,0,overall,2026-09-29T13:23:33.095799+00:00,nein,abfrage
SVI-ASC,61,1,charizard-ex,Charizard,2,6,7,3,43.75,raging-bolt-ogerpon,Raging Bolt Ogerpon,1,100.0,1,0,0,overall,2026-09-29T13:23:33.095799+00:00,nein,abfrage
SVI-ASC,61,1,charizard-ex,Charizard,2,6,7,3,43.75,dragapult-charizard,Dragapult Charizard,1,0.0,0,1,0,overall,2026-09-29T13:23:33.095799+00:00,nein,abfrage
SVI-ASC,61,1,charizard-ex,Charizard,2,6,7,3,43.75,rocket-mewtwo-ex,Rocket's Mewtwo,1,100.0,1,0,0,overall,2026-09-29T13:23:33.095799+00:00,nein,abfrage
SVI-ASC,61,1,charizard-ex,Charizard,2,6,7,3,43.75,mega-absol-box,Mega Absol Box,1,100.0,1,0,0,overall,2026-09-29T13:23:33.095799+00:00,nein,abfrage
SVI-ASC,61,1,charizard-noctowl,Charizard Noctowl,51,174,171,87,46.99,dragapult-dusknoir,Dragapult Dusknoir,81,37.86,25,39,17,overall,2026-09-29T13:23:34.914034+00:00,nein,abfrage
SVI-ASC,61,1,charizard-noctowl,Charizard Noctowl,51,174,171,87,46.99,n-zoroark,N's Zoroark,44,49.24,19,17,8,overall,2026-09-29T13:23:34.914034+00:00,nein,abfrage
SVI-ASC,61,1,charizard-noctowl,Charizard Noctowl,51,174,171,87,46.99,gholdengo-lunatone,Gholdengo Lunatone,37,52.25,16,11,10,overall,2026-09-29T13:23:34.914034+00:00,nein,abfrage
SVI-ASC,61,1,charizard-noctowl,Charizard Noctowl,51,174,171,87,46.99,gardevoir-ex-sv,Gardevoir,35,46.67,13,12,10,overall,2026-09-29T13:23:34.914034+00:00,nein,abfrage
SVI-ASC,61,1,charizard-noctowl,Charizard Noctowl,51,174,171,87,46.99,raging-bolt-ogerpon,Raging Bolt Ogerpon,25,56.0,13,9,3,overall,2026-09-29T13:23:34.914034+00:00,nein,abfrage
SVI-ASC,61,1,charizard-noctowl,Charizard Noctowl,51,174,171,87,46.99,grimmsnarl-froslass,Grimmsnarl Froslass,25,49.33,11,10,4,overall,2026-09-29T13:23:34.914034+00:00,nein,abfrage
SVI-ASC,61,1,charizard-noctowl,Charizard Noctowl,51,174,171,87,46.99,mega-absol-box,Mega Absol Box,21,66.67,13,5,3,overall,2026-09-29T13:23:34.914034+00:00,nein,abfrage
SVI-ASC,61,1,charizard-noctowl,Charizard Noctowl,51,174,171,87,46.99,froslass-munkidori,Froslass Munkidori,18,22.22,3,12,3,overall,2026-09-29T13:23:34.914034+00:00,nein,abfrage
SVI-ASC,61,1,charizard-noctowl,Charizard Noctowl,51,174,171,87,46.99,joltik-box,Joltik Box,13,51.28,6,5,2,overall,2026-09-29T13:23:34.914034+00:00,nein,abfrage
SVI-ASC,61,1,charizard-noctowl,Charizard Noctowl,51,174,171,87,46.99,alakazam-dudunsparce,Alakazam Dudunsparce,12,58.33,6,3,3,overall,2026-09-29T13:23:34.914034+00:00,nein,abfrage
SVI-ASC,61,1,charizard-noctowl,Charizard Noctowl,51,174,171,87,46.99,dragapult-charizard,Dragapult Charizard,10,53.33,4,2,4,overall,2026-09-29T13:23:34.914034+00:00,nein,abfrage
SVI-ASC,61,1,charizard-noctowl,Charizard Noctowl,51,174,171,87,46.99,festival-lead,Festival Lead,10,33.33,3,6,1,overall,2026-09-29T13:23:34.914034+00:00,nein,abfrage
SVI-ASC,61,1,charizard-noctowl,Charizard Noctowl,51,174,171,87,46.99,ceruledge-ex,Ceruledge,9,62.96,5,2,2,overall,2026-09-29T13:23:34.914034+00:00,nein,abfrage
SVI-ASC,61,1,charizard-noctowl,Charizard Noctowl,51,174,171,87,46.99,gardevoir-jellicent,Gardevoir Jellicent,8,66.67,5,2,1,overall,2026-09-29T13:23:34.914034+00:00,nein,abfrage
SVI-ASC,61,1,charizard-noctowl,Charizard Noctowl,51,174,171,87,46.99,charizard-noctowl,Charizard Noctowl,7,42.86,4,4,6,overall,2026-09-29T13:23:34.914034+00:00,ja,abfrage
SVI-ASC,61,1,charizard-noctowl,Charizard Noctowl,51,174,171,87,46.99,tera-box,Tera Box,7,57.14,4,3,0,overall,2026-09-29T13:23:34.914034+00:00,nein,abfrage
SVI-ASC,61,1,charizard-noctowl,Charizard Noctowl,51,174,171,87,46.99,flareon-noctowl,Flareon Noctowl,6,66.67,4,2,0,overall,2026-09-29T13:23:34.914034+00:00,nein,abfrage
SVI-ASC,61,1,charizard-noctowl,Charizard Noctowl,51,174,171,87,46.99,crustle-dri,Crustle,6,16.67,1,5,0,overall,2026-09-29T13:23:34.914034+00:00,nein,abfrage
SVI-ASC,61,1,charizard-noctowl,Charizard Noctowl,51,174,171,87,46.99,cynthia-garchomp-ex,Cynthia's Garchomp,5,20.0,1,4,0,overall,2026-09-29T13:23:34.914034+00:00,nein,abfrage
SVI-ASC,61,1,charizard-noctowl,Charizard Noctowl,51,174,171,87,46.99,kangaskhan-bouffalant,Kangaskhan Bouffalant,4,8.33,0,3,1,overall,2026-09-29T13:23:34.914034+00:00,nein,abfrage
SVI-ASC,61,1,charizard-noctowl,Charizard Noctowl,51,174,171,87,46.99,lucario-hariyama,Lucario Hariyama,3,66.67,2,1,0,overall,2026-09-29T13:23:34.914034+00:00,nein,abfrage
SVI-ASC,61,1,charizard-noctowl,Charizard Noctowl,51,174,171,87,46.99,greninja-ex,Greninja,2,50.0,1,1,0,overall,2026-09-29T13:23:34.914034+00:00,nein,abfrage
SVI-ASC,61,1,charizard-noctowl,Charizard Noctowl,51,174,171,87,46.99,rocket-mewtwo-ex,Rocket's Mewtwo,2,100.0,2,0,0,overall,2026-09-29T13:23:34.914034+00:00,nein,abfrage
SVI-ASC,61,1,charizard-noctowl,Charizard Noctowl,51,174,171,87,46.99,hydrapple-ogerpon,Hydrapple Ogerpon,2,0.0,0,2,0,overall,2026-09-29T13:23:34.914034+00:00,nein,abfrage
SVI-ASC,61,1,charizard-noctowl,Charizard Noctowl,51,174,171,87,46.99,dragapult-ex,Dragapult,2,16.67,0,1,1,overall,2026-09-29T13:23:34.914034+00:00,nein,abfrage
SVI-ASC,61,1,charizard-noctowl,Charizard Noctowl,51,174,171,87,46.99,slowking-scr,Slowking,2,0.0,0,2,0,overall,2026-09-29T13:23:34.914034+00:00,nein,abfrage
SVI-ASC,61,1,charizard-noctowl,Charizard Noctowl,51,174,171,87,46.99,manectric-eelektrik,Manectric Eelektrik,2,66.67,1,0,1,overall,2026-09-29T13:23:34.914034+00:00,nein,abfrage
SVI-ASC,61,1,charizard-noctowl,Charizard Noctowl,51,174,171,87,46.99,lopunny-dusknoir,Lopunny Dusknoir,2,33.33,0,0,2,overall,2026-09-29T13:23:34.914034+00:00,nein,abfrage
SVI-ASC,61,1,charizard-noctowl,Charizard Noctowl,51,174,171,87,46.99,alakazam-meg,Alakazam,2,100.0,2,0,0,overall,2026-09-29T13:23:34.914034+00:00,nein,abfrage
SVI-ASC,61,1,charizard-noctowl,Charizard Noctowl,51,174,171,87,46.99,ogerpon-meganium,Ogerpon Meganium,1,0.0,0,1,0,overall,2026-09-29T13:23:34.914034+00:00,nein,abfrage
SVI-ASC,61,1,charizard-noctowl,Charizard Noctowl,51,174,171,87,46.99,dragapult-blaziken,Dragapult Blaziken,1,100.0,1,0,0,overall,2026-09-29T13:23:34.914034+00:00,nein,abfrage
SVI-ASC,61,1,charizard-noctowl,Charizard Noctowl,51,174,171,87,46.99,ursaluna-lunatone,Ursaluna Lunatone,1,33.33,0,0,1,overall,2026-09-29T13:23:34.914034+00:00,nein,abfrage
SVI-ASC,61,1,charizard-noctowl,Charizard Noctowl,51,174,171,87,46.99,okidogi-ex,Okidogi,1,0.0,0,1,0,overall,2026-09-29T13:23:34.914034+00:00,nein,abfrage
SVI-ASC,61,1,charizard-noctowl,Charizard Noctowl,51,174,171,87,46.99,mega-venusaur-ex,Mega Venusaur,1,33.33,0,0,1,overall,2026-09-29T13:23:34.914034+00:00,nein,abfrage
SVI-ASC,61,1,charizard-noctowl,Charizard Noctowl,51,174,171,87,46.99,great-tusk-tef,Great Tusk Mill,1,100.0,1,0,0,overall,2026-09-29T13:23:34.914034+00:00,nein,abfrage
SVI-ASC,61,1,charizard-noctowl,Charizard Noctowl,51,174,171,87,46.99,charizard-pidgeot,Charizard Pidgeot,1,100.0,1,0,0,overall,2026-09-29T13:23:34.914034+00:00,nein,abfrage
SVI-ASC,61,1,charizard-noctowl,Charizard Noctowl,51,174,171,87,46.99,sharpedo-toxtricity,Sharpedo Toxtricity,1,0.0,0,1,0,overall,2026-09-29T13:23:34.914034+00:00,nein,abfrage
SVI-ASC,61,1,charizard-noctowl,Charizard Noctowl,51,174,171,87,46.99,gholdengo-ex,Gholdengo,1,100.0,1,0,0,overall,2026-09-29T13:23:34.914034+00:00,nein,abfrage
SVI-ASC,61,1,charizard-noctowl,Charizard Noctowl,51,174,171,87,46.99,marnie-grimmsnarl-ex,Marnie's Grimmsnarl,1,33.33,0,0,1,overall,2026-09-29T13:23:34.914034+00:00,nein,abfrage
SVI-ASC,61,1,charizard-noctowl,Charizard Noctowl,51,174,171,87,46.99,ethan-typhlosion,Ethan's Typhlosion,1,0.0,0,1,0,overall,2026-09-29T13:23:34.914034+00:00,nein,abfrage
SVI-ASC,61,1,charizard-noctowl,Charizard Noctowl,51,174,171,87,46.99,rockets-honchkrow,Rocket's Honchkrow,1,100.0,1,0,0,overall,2026-09-29T13:23:34.914034+00:00,nein,abfrage
SVI-ASC,61,1,charizard-noctowl,Charizard Noctowl,51,174,171,87,46.99,toxtricity-pfl,Toxtricity,1,100.0,1,0,0,overall,2026-09-29T13:23:34.914034+00:00,nein,abfrage
SVI-ASC,61,1,charizard-noctowl,Charizard Noctowl,51,174,171,87,46.99,roaring-moon-ex,Roaring Moon,1,100.0,1,0,0,overall,2026-09-29T13:23:34.914034+00:00,nein,abfrage
SVI-ASC,61,1,charizard-noctowl,Charizard Noctowl,51,174,171,87,46.99,pidgeot-control,Pidgeot Control,1,33.33,0,0,1,overall,2026-09-29T13:23:34.914034+00:00,nein,abfrage
SVI-ASC,61,1,charizard-noctowl,Charizard Noctowl,51,174,171,87,46.99,dragapult-froslass,Dragapult Froslass,1,100.0,1,0,0,overall,2026-09-29T13:23:34.914034+00:00,nein,abfrage
SVI-ASC,61,1,charizard-noctowl,Charizard Noctowl,51,174,171,87,46.99,hydreigon-ex,Hydreigon,1,100.0,1,0,0,overall,2026-09-29T13:23:34.914034+00:00,nein,abfrage
SVI-ASC,61,1,charizard-noctowl,Charizard Noctowl,51,174,171,87,46.99,hop-zacian,Hop's Zacian,1,100.0,1,0,0,overall,2026-09-29T13:23:34.914034+00:00,nein,abfrage
SVI-ASC,61,1,charizard-noctowl,Charizard Noctowl,51,174,171,87,46.99,flareon-ex,Flareon,1,0.0,0,1,0,overall,2026-09-29T13:23:34.914034+00:00,nein,abfrage
SVI-ASC,61,1,charizard-pidgeot,Charizard Pidgeot,27,70,95,43,40.54,dragapult-dusknoir,Dragapult Dusknoir,28,38.1,8,12,8,overall,2026-09-29T13:23:36.737548+00:00,nein,abfrage
SVI-ASC,61,1,charizard-pidgeot,Charizard Pidgeot,27,70,95,43,40.54,gholdengo-lunatone,Gholdengo Lunatone,22,33.33,6,12,4,overall,2026-09-29T13:23:36.737548+00:00,nein,abfrage
SVI-ASC,61,1,charizard-pidgeot,Charizard Pidgeot,27,70,95,43,40.54,n-zoroark,N's Zoroark,17,37.25,5,8,4,overall,2026-09-29T13:23:36.737548+00:00,nein,abfrage
SVI-ASC,61,1,charizard-pidgeot,Charizard Pidgeot,27,70,95,43,40.54,gardevoir-ex-sv,Gardevoir,17,45.1,7,8,2,overall,2026-09-29T13:23:36.737548+00:00,nein,abfrage
SVI-ASC,61,1,charizard-pidgeot,Charizard Pidgeot,27,70,95,43,40.54,grimmsnarl-froslass,Grimmsnarl Froslass,15,28.89,3,8,4,overall,2026-09-29T13:23:36.737548+00:00,nein,abfrage
SVI-ASC,61,1,charizard-pidgeot,Charizard Pidgeot,27,70,95,43,40.54,raging-bolt-ogerpon,Raging Bolt Ogerpon,12,38.89,3,4,5,overall,2026-09-29T13:23:36.737548+00:00,nein,abfrage
SVI-ASC,61,1,charizard-pidgeot,Charizard Pidgeot,27,70,95,43,40.54,mega-absol-box,Mega Absol Box,11,63.64,7,4,0,overall,2026-09-29T13:23:36.737548+00:00,nein,abfrage
SVI-ASC,61,1,charizard-pidgeot,Charizard Pidgeot,27,70,95,43,40.54,dragapult-charizard,Dragapult Charizard,10,56.67,5,3,2,overall,2026-09-29T13:23:36.737548+00:00,nein,abfrage
SVI-ASC,61,1,charizard-pidgeot,Charizard Pidgeot,27,70,95,43,40.54,alakazam-dudunsparce,Alakazam Dudunsparce,8,33.33,2,4,2,overall,2026-09-29T13:23:36.737548+00:00,nein,abfrage
SVI-ASC,61,1,charizard-pidgeot,Charizard Pidgeot,27,70,95,43,40.54,froslass-munkidori,Froslass Munkidori,7,23.81,1,4,2,overall,2026-09-29T13:23:36.737548+00:00,nein,abfrage
SVI-ASC,61,1,charizard-pidgeot,Charizard Pidgeot,27,70,95,43,40.54,gardevoir-jellicent,Gardevoir Jellicent,5,60.0,3,2,0,overall,2026-09-29T13:23:36.737548+00:00,nein,abfrage
SVI-ASC,61,1,charizard-pidgeot,Charizard Pidgeot,27,70,95,43,40.54,flareon-noctowl,Flareon Noctowl,4,58.33,2,1,1,overall,2026-09-29T13:23:36.737548+00:00,nein,abfrage
SVI-ASC,61,1,charizard-pidgeot,Charizard Pidgeot,27,70,95,43,40.54,crustle-dri,Crustle,4,41.67,1,1,2,overall,2026-09-29T13:23:36.737548+00:00,nein,abfrage
SVI-ASC,61,1,charizard-pidgeot,Charizard Pidgeot,27,70,95,43,40.54,ceruledge-ex,Ceruledge,4,33.33,1,2,1,overall,2026-09-29T13:23:36.737548+00:00,nein,abfrage
SVI-ASC,61,1,charizard-pidgeot,Charizard Pidgeot,27,70,95,43,40.54,cynthia-garchomp-ex,Cynthia's Garchomp,3,33.33,1,2,0,overall,2026-09-29T13:23:36.737548+00:00,nein,abfrage
SVI-ASC,61,1,charizard-pidgeot,Charizard Pidgeot,27,70,95,43,40.54,charizard-pidgeot,Charizard Pidgeot,3,50.0,3,3,0,overall,2026-09-29T13:23:36.737548+00:00,ja,abfrage
SVI-ASC,61,1,charizard-pidgeot,Charizard Pidgeot,27,70,95,43,40.54,tera-box,Tera Box,2,16.67,0,1,1,overall,2026-09-29T13:23:36.737548+00:00,nein,abfrage
SVI-ASC,61,1,charizard-pidgeot,Charizard Pidgeot,27,70,95,43,40.54,gholdengo-ex,Gholdengo,2,100.0,2,0,0,overall,2026-09-29T13:23:36.737548+00:00,nein,abfrage
SVI-ASC,61,1,charizard-pidgeot,Charizard Pidgeot,27,70,95,43,40.54,joltik-box,Joltik Box,2,0.0,0,2,0,overall,2026-09-29T13:23:36.737548+00:00,nein,abfrage
SVI-ASC,61,1,charizard-pidgeot,Charizard Pidgeot,27,70,95,43,40.54,slowking-scr,Slowking,2,0.0,0,2,0,overall,2026-09-29T13:23:36.737548+00:00,nein,abfrage
SVI-ASC,61,1,charizard-pidgeot,Charizard Pidgeot,27,70,95,43,40.54,festival-lead,Festival Lead,2,0.0,0,2,0,overall,2026-09-29T13:23:36.737548+00:00,nein,abfrage
SVI-ASC,61,1,charizard-pidgeot,Charizard Pidgeot,27,70,95,43,40.54,ogerpon-meganium,Ogerpon Meganium,2,66.67,1,0,1,overall,2026-09-29T13:23:36.737548+00:00,nein,abfrage
SVI-ASC,61,1,charizard-pidgeot,Charizard Pidgeot,27,70,95,43,40.54,hops-trevenant,Hop's Trevenant,2,50.0,1,1,0,overall,2026-09-29T13:23:36.737548+00:00,nein,abfrage
SVI-ASC,61,1,charizard-pidgeot,Charizard Pidgeot,27,70,95,43,40.54,lucario-hariyama,Lucario Hariyama,2,50.0,1,1,0,overall,2026-09-29T13:23:36.737548+00:00,nein,abfrage
SVI-ASC,61,1,charizard-pidgeot,Charizard Pidgeot,27,70,95,43,40.54,sharpedo-toxtricity,Sharpedo Toxtricity,1,100.0,1,0,0,overall,2026-09-29T13:23:36.737548+00:00,nein,abfrage
SVI-ASC,61,1,charizard-pidgeot,Charizard Pidgeot,27,70,95,43,40.54,gholdengo-joltik-box,Gholdengo Joltik Box,1,100.0,1,0,0,overall,2026-09-29T13:23:36.737548+00:00,nein,abfrage
SVI-ASC,61,1,charizard-pidgeot,Charizard Pidgeot,27,70,95,43,40.54,mega-charizard-x-ex,Mega Charizard X,1,100.0,1,0,0,overall,2026-09-29T13:23:36.737548+00:00,nein,abfrage
SVI-ASC,61,1,charizard-pidgeot,Charizard Pidgeot,27,70,95,43,40.54,pidgeot-control,Pidgeot Control,1,0.0,0,1,0,overall,2026-09-29T13:23:36.737548+00:00,nein,abfrage
SVI-ASC,61,1,charizard-pidgeot,Charizard Pidgeot,27,70,95,43,40.54,other,Other,1,0.0,0,1,0,overall,2026-09-29T13:23:36.737548+00:00,nein,abfrage
SVI-ASC,61,1,charizard-pidgeot,Charizard Pidgeot,27,70,95,43,40.54,charizard-noctowl,Charizard Noctowl,1,0.0,0,1,0,overall,2026-09-29T13:23:36.737548+00:00,nein,abfrage
SVI-ASC,61,1,charizard-pidgeot,Charizard Pidgeot,27,70,95,43,40.54,ursaluna-lunatone,Ursaluna Lunatone,1,100.0,1,0,0,overall,2026-09-29T13:23:36.737548+00:00,nein,abfrage
SVI-ASC,61,1,charizard-pidgeot,Charizard Pidgeot,27,70,95,43,40.54,rocket-mewtwo-ex,Rocket's Mewtwo,1,0.0,0,1,0,overall,2026-09-29T13:23:36.737548+00:00,nein,abfrage
SVI-ASC,61,1,charizard-pidgeot,Charizard Pidgeot,27,70,95,43,40.54,mega-lucario-ex,Mega Lucario,1,100.0,1,0,0,overall,2026-09-29T13:23:36.737548+00:00,nein,abfrage
SVI-ASC,61,1,charizard-pidgeot,Charizard Pidgeot,27,70,95,43,40.54,azumarill-ssp,Azumarill,1,0.0,0,1,0,overall,2026-09-29T13:23:36.737548+00:00,nein,abfrage
SVI-ASC,61,1,charizard-pidgeot,Charizard Pidgeot,27,70,95,43,40.54,kangaskhan-bouffalant,Kangaskhan Bouffalant,1,0.0,0,1,0,overall,2026-09-29T13:23:36.737548+00:00,nein,abfrage
SVI-ASC,61,1,charizard-pidgeot,Charizard Pidgeot,27,70,95,43,40.54,alakazam-meg,Alakazam,1,33.33,0,0,1,overall,2026-09-29T13:23:36.737548+00:00,nein,abfrage
SVI-ASC,61,1,charizard-pidgeot,Charizard Pidgeot,27,70,95,43,40.54,mega-venusaur-ex,Mega Venusaur,1,100.0,1,0,0,overall,2026-09-29T13:23:36.737548+00:00,nein,abfrage
SVI-ASC,61,1,charizard-pidgeot,Charizard Pidgeot,27,70,95,43,40.54,ho-oh-armarouge,Ho-Oh Armarouge,1,33.33,0,0,1,overall,2026-09-29T13:23:36.737548+00:00,nein,abfrage
SVI-ASC,61,1,charizard-pidgeot,Charizard Pidgeot,27,70,95,43,40.54,hydrapple-ex,Hydrapple,1,33.33,0,0,1,overall,2026-09-29T13:23:36.737548+00:00,nein,abfrage
SVI-ASC,61,1,charizard-pidgeot,Charizard Pidgeot,27,70,95,43,40.54,poison-mega-latias,Poison Latias,1,100.0,1,0,0,overall,2026-09-29T13:23:36.737548+00:00,nein,abfrage
SVI-ASC,61,1,charizard-pidgeot,Charizard Pidgeot,27,70,95,43,40.54,greninja-ex,Greninja,1,0.0,0,1,0,overall,2026-09-29T13:23:36.737548+00:00,nein,abfrage
SVI-ASC,61,1,chien-pao-baxcalibur,Chien-Pao Baxcalibur,1,1,4,1,22.22,dragapult-dusknoir,Dragapult Dusknoir,2,16.67,0,1,1,overall,2026-09-29T13:23:38.539985+00:00,nein,abfrage
SVI-ASC,61,1,chien-pao-baxcalibur,Chien-Pao Baxcalibur,1,1,4,1,22.22,n-zoroark,N's Zoroark,1,100.0,1,0,0,overall,2026-09-29T13:23:38.539985+00:00,nein,abfrage
SVI-ASC,61,1,chien-pao-baxcalibur,Chien-Pao Baxcalibur,1,1,4,1,22.22,lucario-hariyama,Lucario Hariyama,1,0.0,0,1,0,overall,2026-09-29T13:23:38.539985+00:00,nein,abfrage
SVI-ASC,61,1,chien-pao-baxcalibur,Chien-Pao Baxcalibur,1,1,4,1,22.22,mega-absol-box,Mega Absol Box,1,0.0,0,1,0,overall,2026-09-29T13:23:38.539985+00:00,nein,abfrage
SVI-ASC,61,1,chien-pao-baxcalibur,Chien-Pao Baxcalibur,1,1,4,1,22.22,froslass-munkidori,Froslass Munkidori,1,0.0,0,1,0,overall,2026-09-29T13:23:38.539985+00:00,nein,abfrage
SVI-ASC,61,1,conkeldurr-twm,Conkeldurr,1,3,4,1,41.67,ceruledge-ex,Ceruledge,2,50.0,1,1,0,overall,2026-09-29T13:23:40.379130+00:00,nein,abfrage
SVI-ASC,61,1,conkeldurr-twm,Conkeldurr,1,3,4,1,41.67,gardevoir-ex-sv,Gardevoir,2,50.0,1,1,0,overall,2026-09-29T13:23:40.379130+00:00,nein,abfrage
SVI-ASC,61,1,conkeldurr-twm,Conkeldurr,1,3,4,1,41.67,raging-bolt-ogerpon,Raging Bolt Ogerpon,1,33.33,0,0,1,overall,2026-09-29T13:23:40.379130+00:00,nein,abfrage
SVI-ASC,61,1,conkeldurr-twm,Conkeldurr,1,3,4,1,41.67,mega-absol-box,Mega Absol Box,1,0.0,0,1,0,overall,2026-09-29T13:23:40.379130+00:00,nein,abfrage
SVI-ASC,61,1,conkeldurr-twm,Conkeldurr,1,3,4,1,41.67,grimmsnarl-froslass,Grimmsnarl Froslass,1,100.0,1,0,0,overall,2026-09-29T13:23:40.379130+00:00,nein,abfrage
SVI-ASC,61,1,conkeldurr-twm,Conkeldurr,1,3,4,1,41.67,dragapult-dusknoir,Dragapult Dusknoir,1,0.0,0,1,0,overall,2026-09-29T13:23:40.379130+00:00,nein,abfrage
SVI-ASC,61,1,copperajah-ex,Copperajah,1,4,1,3,62.5,raging-bolt-ogerpon,Raging Bolt Ogerpon,2,33.33,0,0,2,overall,2026-09-29T13:23:42.217179+00:00,nein,abfrage
SVI-ASC,61,1,copperajah-ex,Copperajah,1,4,1,3,62.5,n-zoroark,N's Zoroark,2,50.0,1,1,0,overall,2026-09-29T13:23:42.217179+00:00,nein,abfrage
SVI-ASC,61,1,copperajah-ex,Copperajah,1,4,1,3,62.5,alakazam-dudunsparce,Alakazam Dudunsparce,1,33.33,0,0,1,overall,2026-09-29T13:23:42.217179+00:00,nein,abfrage
SVI-ASC,61,1,copperajah-ex,Copperajah,1,4,1,3,62.5,festival-lead,Festival Lead,1,100.0,1,0,0,overall,2026-09-29T13:23:42.217179+00:00,nein,abfrage
SVI-ASC,61,1,copperajah-ex,Copperajah,1,4,1,3,62.5,dragapult-dusknoir,Dragapult Dusknoir,1,100.0,1,0,0,overall,2026-09-29T13:23:42.217179+00:00,nein,abfrage
SVI-ASC,61,1,copperajah-ex,Copperajah,1,4,1,3,62.5,grimmsnarl-froslass,Grimmsnarl Froslass,1,100.0,1,0,0,overall,2026-09-29T13:23:42.217179+00:00,nein,abfrage
SVI-ASC,61,1,crustle-dri,Crustle,19,90,56,37,55.92,dragapult-dusknoir,Dragapult Dusknoir,34,54.9,16,10,8,overall,2026-09-29T13:23:44.019381+00:00,nein,abfrage
SVI-ASC,61,1,crustle-dri,Crustle,19,90,56,37,55.92,gholdengo-lunatone,Gholdengo Lunatone,21,61.9,11,4,6,overall,2026-09-29T13:23:44.019381+00:00,nein,abfrage
SVI-ASC,61,1,crustle-dri,Crustle,19,90,56,37,55.92,grimmsnarl-froslass,Grimmsnarl Froslass,16,60.42,9,5,2,overall,2026-09-29T13:23:44.019381+00:00,nein,abfrage
SVI-ASC,61,1,crustle-dri,Crustle,19,90,56,37,55.92,raging-bolt-ogerpon,Raging Bolt Ogerpon,14,52.38,6,4,4,overall,2026-09-29T13:23:44.019381+00:00,nein,abfrage
SVI-ASC,61,1,crustle-dri,Crustle,19,90,56,37,55.92,gardevoir-ex-sv,Gardevoir,13,20.51,2,9,2,overall,2026-09-29T13:23:44.019381+00:00,nein,abfrage
SVI-ASC,61,1,crustle-dri,Crustle,19,90,56,37,55.92,mega-absol-box,Mega Absol Box,10,56.67,5,3,2,overall,2026-09-29T13:23:44.019381+00:00,nein,abfrage
SVI-ASC,61,1,crustle-dri,Crustle,19,90,56,37,55.92,n-zoroark,N's Zoroark,9,92.59,8,0,1,overall,2026-09-29T13:23:44.019381+00:00,nein,abfrage
SVI-ASC,61,1,crustle-dri,Crustle,19,90,56,37,55.92,alakazam-dudunsparce,Alakazam Dudunsparce,6,38.89,2,3,1,overall,2026-09-29T13:23:44.019381+00:00,nein,abfrage
SVI-ASC,61,1,crustle-dri,Crustle,19,90,56,37,55.92,joltik-box,Joltik Box,6,72.22,4,1,1,overall,2026-09-29T13:23:44.019381+00:00,nein,abfrage
SVI-ASC,61,1,crustle-dri,Crustle,19,90,56,37,55.92,ceruledge-ex,Ceruledge,6,100.0,6,0,0,overall,2026-09-29T13:23:44.019381+00:00,nein,abfrage
SVI-ASC,61,1,crustle-dri,Crustle,19,90,56,37,55.92,charizard-noctowl,Charizard Noctowl,6,83.33,5,1,0,overall,2026-09-29T13:23:44.019381+00:00,nein,abfrage
SVI-ASC,61,1,crustle-dri,Crustle,19,90,56,37,55.92,froslass-munkidori,Froslass Munkidori,5,26.67,1,3,1,overall,2026-09-29T13:23:44.019381+00:00,nein,abfrage
SVI-ASC,61,1,crustle-dri,Crustle,19,90,56,37,55.92,charizard-pidgeot,Charizard Pidgeot,4,41.67,1,1,2,overall,2026-09-29T13:23:44.019381+00:00,nein,abfrage
SVI-ASC,61,1,crustle-dri,Crustle,19,90,56,37,55.92,slowking-scr,Slowking,3,33.33,1,2,0,overall,2026-09-29T13:23:44.019381+00:00,nein,abfrage
SVI-ASC,61,1,crustle-dri,Crustle,19,90,56,37,55.92,tera-box,Tera Box,3,77.78,2,0,1,overall,2026-09-29T13:23:44.019381+00:00,nein,abfrage
SVI-ASC,61,1,crustle-dri,Crustle,19,90,56,37,55.92,dragapult-charizard,Dragapult Charizard,3,44.44,1,1,1,overall,2026-09-29T13:23:44.019381+00:00,nein,abfrage
SVI-ASC,61,1,crustle-dri,Crustle,19,90,56,37,55.92,gholdengo-ex,Gholdengo,3,77.78,2,0,1,overall,2026-09-29T13:23:44.019381+00:00,nein,abfrage
SVI-ASC,61,1,crustle-dri,Crustle,19,90,56,37,55.92,crustle-dri,Crustle,2,50.0,2,2,0,overall,2026-09-29T13:23:44.019381+00:00,ja,abfrage
SVI-ASC,61,1,crustle-dri,Crustle,19,90,56,37,55.92,ethan-typhlosion,Ethan's Typhlosion,1,0.0,0,1,0,overall,2026-09-29T13:23:44.019381+00:00,nein,abfrage
SVI-ASC,61,1,crustle-dri,Crustle,19,90,56,37,55.92,lucario-hariyama,Lucario Hariyama,1,100.0,1,0,0,overall,2026-09-29T13:23:44.019381+00:00,nein,abfrage
SVI-ASC,61,1,crustle-dri,Crustle,19,90,56,37,55.92,mega-charizard-x-ex,Mega Charizard X,1,100.0,1,0,0,overall,2026-09-29T13:23:44.019381+00:00,nein,abfrage
SVI-ASC,61,1,crustle-dri,Crustle,19,90,56,37,55.92,rockets-honchkrow,Rocket's Honchkrow,1,0.0,0,1,0,overall,2026-09-29T13:23:44.019381+00:00,nein,abfrage
SVI-ASC,61,1,crustle-dri,Crustle,19,90,56,37,55.92,ho-oh-armarouge,Ho-Oh Armarouge,1,0.0,0,1,0,overall,2026-09-29T13:23:44.019381+00:00,nein,abfrage
SVI-ASC,61,1,crustle-dri,Crustle,19,90,56,37,55.92,pidgeot-control,Pidgeot Control,1,0.0,0,1,0,overall,2026-09-29T13:23:44.019381+00:00,nein,abfrage
SVI-ASC,61,1,crustle-dri,Crustle,19,90,56,37,55.92,mega-lopunny-ex,Mega Lopunny,1,33.33,0,0,1,overall,2026-09-29T13:23:44.019381+00:00,nein,abfrage
SVI-ASC,61,1,crustle-dri,Crustle,19,90,56,37,55.92,hydrapple-ogerpon,Hydrapple Ogerpon,1,33.33,0,0,1,overall,2026-09-29T13:23:44.019381+00:00,nein,abfrage
SVI-ASC,61,1,crustle-dri,Crustle,19,90,56,37,55.92,cynthia-garchomp-ex,Cynthia's Garchomp,1,100.0,1,0,0,overall,2026-09-29T13:23:44.019381+00:00,nein,abfrage
SVI-ASC,61,1,crustle-dri,Crustle,19,90,56,37,55.92,flareon-ex,Flareon,1,100.0,1,0,0,overall,2026-09-29T13:23:44.019381+00:00,nein,abfrage
SVI-ASC,61,1,crustle-dri,Crustle,19,90,56,37,55.92,ogerpon-meganium,Ogerpon Meganium,1,100.0,1,0,0,overall,2026-09-29T13:23:44.019381+00:00,nein,abfrage
SVI-ASC,61,1,crustle-dri,Crustle,19,90,56,37,55.92,flareon-noctowl,Flareon Noctowl,1,33.33,0,0,1,overall,2026-09-29T13:23:44.019381+00:00,nein,abfrage
SVI-ASC,61,1,crustle-dri,Crustle,19,90,56,37,55.92,mega-froslass-ex,Mega Froslass,1,100.0,1,0,0,overall,2026-09-29T13:23:44.019381+00:00,nein,abfrage
SVI-ASC,61,1,crustle-dri,Crustle,19,90,56,37,55.92,kangaskhan-bouffalant,Kangaskhan Bouffalant,1,33.33,0,0,1,overall,2026-09-29T13:23:44.019381+00:00,nein,abfrage
SVI-ASC,61,1,crustle-dri,Crustle,19,90,56,37,55.92,ursaluna-lunatone,Ursaluna Lunatone,1,0.0,0,1,0,overall,2026-09-29T13:23:44.019381+00:00,nein,abfrage
SVI-ASC,61,1,crustle-dri,Crustle,19,90,56,37,55.92,festival-lead,Festival Lead,1,0.0,0,1,0,overall,2026-09-29T13:23:44.019381+00:00,nein,abfrage
SVI-ASC,61,1,crustle-dri,Crustle,19,90,56,37,55.92,roaring-moon-dudunsparce,Roaring Moon Dudunsparce,1,0.0,0,1,0,overall,2026-09-29T13:23:44.019381+00:00,nein,abfrage
SVI-ASC,61,1,cynthia-garchomp-ex,Cynthia's Garchomp,14,44,42,17,48.22,dragapult-dusknoir,Dragapult Dusknoir,21,50.79,10,9,2,overall,2026-09-29T13:23:45.810013+00:00,nein,abfrage
SVI-ASC,61,1,cynthia-garchomp-ex,Cynthia's Garchomp,14,44,42,17,48.22,raging-bolt-ogerpon,Raging Bolt Ogerpon,10,26.67,2,6,2,overall,2026-09-29T13:23:45.810013+00:00,nein,abfrage
SVI-ASC,61,1,cynthia-garchomp-ex,Cynthia's Garchomp,14,44,42,17,48.22,ceruledge-ex,Ceruledge,7,52.38,3,2,2,overall,2026-09-29T13:23:45.810013+00:00,nein,abfrage
SVI-ASC,61,1,cynthia-garchomp-ex,Cynthia's Garchomp,14,44,42,17,48.22,grimmsnarl-froslass,Grimmsnarl Froslass,7,47.62,3,3,1,overall,2026-09-29T13:23:45.810013+00:00,nein,abfrage
SVI-ASC,61,1,cynthia-garchomp-ex,Cynthia's Garchomp,14,44,42,17,48.22,mega-absol-box,Mega Absol Box,5,80.0,4,1,0,overall,2026-09-29T13:23:45.810013+00:00,nein,abfrage
SVI-ASC,61,1,cynthia-garchomp-ex,Cynthia's Garchomp,14,44,42,17,48.22,charizard-noctowl,Charizard Noctowl,5,80.0,4,1,0,overall,2026-09-29T13:23:45.810013+00:00,nein,abfrage
SVI-ASC,61,1,cynthia-garchomp-ex,Cynthia's Garchomp,14,44,42,17,48.22,alakazam-dudunsparce,Alakazam Dudunsparce,5,33.33,1,2,2,overall,2026-09-29T13:23:45.810013+00:00,nein,abfrage
SVI-ASC,61,1,cynthia-garchomp-ex,Cynthia's Garchomp,14,44,42,17,48.22,gholdengo-lunatone,Gholdengo Lunatone,4,0.0,0,4,0,overall,2026-09-29T13:23:45.810013+00:00,nein,abfrage
SVI-ASC,61,1,cynthia-garchomp-ex,Cynthia's Garchomp,14,44,42,17,48.22,n-zoroark,N's Zoroark,4,83.33,3,0,1,overall,2026-09-29T13:23:45.810013+00:00,nein,abfrage
SVI-ASC,61,1,cynthia-garchomp-ex,Cynthia's Garchomp,14,44,42,17,48.22,gardevoir-ex-sv,Gardevoir,4,16.67,0,2,2,overall,2026-09-29T13:23:45.810013+00:00,nein,abfrage
SVI-ASC,61,1,cynthia-garchomp-ex,Cynthia's Garchomp,14,44,42,17,48.22,dragapult-charizard,Dragapult Charizard,4,33.33,1,2,1,overall,2026-09-29T13:23:45.810013+00:00,nein,abfrage
SVI-ASC,61,1,cynthia-garchomp-ex,Cynthia's Garchomp,14,44,42,17,48.22,festival-lead,Festival Lead,3,0.0,0,3,0,overall,2026-09-29T13:23:45.810013+00:00,nein,abfrage
SVI-ASC,61,1,cynthia-garchomp-ex,Cynthia's Garchomp,14,44,42,17,48.22,charizard-pidgeot,Charizard Pidgeot,3,66.67,2,1,0,overall,2026-09-29T13:23:45.810013+00:00,nein,abfrage
SVI-ASC,61,1,cynthia-garchomp-ex,Cynthia's Garchomp,14,44,42,17,48.22,froslass-munkidori,Froslass Munkidori,3,33.33,1,2,0,overall,2026-09-29T13:23:45.810013+00:00,nein,abfrage
SVI-ASC,61,1,cynthia-garchomp-ex,Cynthia's Garchomp,14,44,42,17,48.22,flareon-noctowl,Flareon Noctowl,3,33.33,1,2,0,overall,2026-09-29T13:23:45.810013+00:00,nein,abfrage
SVI-ASC,61,1,cynthia-garchomp-ex,Cynthia's Garchomp,14,44,42,17,48.22,gardevoir-jellicent,Gardevoir Jellicent,2,100.0,2,0,0,overall,2026-09-29T13:23:45.810013+00:00,nein,abfrage
SVI-ASC,61,1,cynthia-garchomp-ex,Cynthia's Garchomp,14,44,42,17,48.22,lopunny-dusknoir,Lopunny Dusknoir,2,100.0,2,0,0,overall,2026-09-29T13:23:45.810013+00:00,nein,abfrage
SVI-ASC,61,1,cynthia-garchomp-ex,Cynthia's Garchomp,14,44,42,17,48.22,slowking-scr,Slowking,2,66.67,1,0,1,overall,2026-09-29T13:23:45.810013+00:00,nein,abfrage
SVI-ASC,61,1,cynthia-garchomp-ex,Cynthia's Garchomp,14,44,42,17,48.22,ursaluna-lunatone,Ursaluna Lunatone,1,0.0,0,1,0,overall,2026-09-29T13:23:45.810013+00:00,nein,abfrage
SVI-ASC,61,1,cynthia-garchomp-ex,Cynthia's Garchomp,14,44,42,17,48.22,ethan-typhlosion,Ethan's Typhlosion,1,33.33,0,0,1,overall,2026-09-29T13:23:45.810013+00:00,nein,abfrage
SVI-ASC,61,1,cynthia-garchomp-ex,Cynthia's Garchomp,14,44,42,17,48.22,toxtricity-pfl,Toxtricity,1,33.33,0,0,1,overall,2026-09-29T13:23:45.810013+00:00,nein,abfrage
SVI-ASC,61,1,cynthia-garchomp-ex,Cynthia's Garchomp,14,44,42,17,48.22,crustle-dri,Crustle,1,0.0,0,1,0,overall,2026-09-29T13:23:45.810013+00:00,nein,abfrage
SVI-ASC,61,1,cynthia-garchomp-ex,Cynthia's Garchomp,14,44,42,17,48.22,iron-hands-magneton,Iron Hands Magneton,1,100.0,1,0,0,overall,2026-09-29T13:23:45.810013+00:00,nein,abfrage
SVI-ASC,61,1,cynthia-garchomp-ex,Cynthia's Garchomp,14,44,42,17,48.22,mega-venusaur-ex,Mega Venusaur,1,33.33,0,0,1,overall,2026-09-29T13:23:45.810013+00:00,nein,abfrage
SVI-ASC,61,1,cynthia-garchomp-ex,Cynthia's Garchomp,14,44,42,17,48.22,greninja-ex,Greninja,1,100.0,1,0,0,overall,2026-09-29T13:23:45.810013+00:00,nein,abfrage
SVI-ASC,61,1,cynthia-garchomp-ex,Cynthia's Garchomp,14,44,42,17,48.22,joltik-box,Joltik Box,1,100.0,1,0,0,overall,2026-09-29T13:23:45.810013+00:00,nein,abfrage
SVI-ASC,61,1,dragapult-blaziken,Dragapult Blaziken,2,9,7,2,53.7,dragapult-dusknoir,Dragapult Dusknoir,7,57.14,4,3,0,overall,2026-09-29T13:23:47.623536+00:00,nein,abfrage
SVI-ASC,61,1,dragapult-blaziken,Dragapult Blaziken,2,9,7,2,53.7,n-zoroark,N's Zoroark,2,50.0,1,1,0,overall,2026-09-29T13:23:47.623536+00:00,nein,abfrage
SVI-ASC,61,1,dragapult-blaziken,Dragapult Blaziken,2,9,7,2,53.7,raging-bolt-ogerpon,Raging Bolt Ogerpon,2,50.0,1,1,0,overall,2026-09-29T13:23:47.623536+00:00,nein,abfrage
SVI-ASC,61,1,dragapult-blaziken,Dragapult Blaziken,2,9,7,2,53.7,charizard-noctowl,Charizard Noctowl,1,0.0,0,1,0,overall,2026-09-29T13:23:47.623536+00:00,nein,abfrage
SVI-ASC,61,1,dragapult-blaziken,Dragapult Blaziken,2,9,7,2,53.7,flareon-noctowl,Flareon Noctowl,1,100.0,1,0,0,overall,2026-09-29T13:23:47.623536+00:00,nein,abfrage
SVI-ASC,61,1,dragapult-blaziken,Dragapult Blaziken,2,9,7,2,53.7,festival-lead,Festival Lead,1,100.0,1,0,0,overall,2026-09-29T13:23:47.623536+00:00,nein,abfrage
SVI-ASC,61,1,dragapult-blaziken,Dragapult Blaziken,2,9,7,2,53.7,froslass-munkidori,Froslass Munkidori,1,33.33,0,0,1,overall,2026-09-29T13:23:47.623536+00:00,nein,abfrage
SVI-ASC,61,1,dragapult-blaziken,Dragapult Blaziken,2,9,7,2,53.7,gardevoir-ex-sv,Gardevoir,1,33.33,0,0,1,overall,2026-09-29T13:23:47.623536+00:00,nein,abfrage
SVI-ASC,61,1,dragapult-blaziken,Dragapult Blaziken,2,9,7,2,53.7,gholdengo-lunatone,Gholdengo Lunatone,1,100.0,1,0,0,overall,2026-09-29T13:23:47.623536+00:00,nein,abfrage
SVI-ASC,61,1,dragapult-blaziken,Dragapult Blaziken,2,9,7,2,53.7,ceruledge-ex,Ceruledge,1,0.0,0,1,0,overall,2026-09-29T13:23:47.623536+00:00,nein,abfrage
SVI-ASC,61,1,dragapult-charizard,Dragapult Charizard,47,137,165,72,43.05,dragapult-dusknoir,Dragapult Dusknoir,74,42.34,28,36,10,overall,2026-09-29T13:23:49.456665+00:00,nein,abfrage
SVI-ASC,61,1,dragapult-charizard,Dragapult Charizard,47,137,165,72,43.05,gholdengo-lunatone,Gholdengo Lunatone,31,33.33,8,16,7,overall,2026-09-29T13:23:49.456665+00:00,nein,abfrage
SVI-ASC,61,1,dragapult-charizard,Dragapult Charizard,47,137,165,72,43.05,n-zoroark,N's Zoroark,29,37.93,9,14,6,overall,2026-09-29T13:23:49.456665+00:00,nein,abfrage
SVI-ASC,61,1,dragapult-charizard,Dragapult Charizard,47,137,165,72,43.05,grimmsnarl-froslass,Grimmsnarl Froslass,25,24.0,4,15,6,overall,2026-09-29T13:23:49.456665+00:00,nein,abfrage
SVI-ASC,61,1,dragapult-charizard,Dragapult Charizard,47,137,165,72,43.05,gardevoir-ex-sv,Gardevoir,24,44.44,9,10,5,overall,2026-09-29T13:23:49.456665+00:00,nein,abfrage
SVI-ASC,61,1,dragapult-charizard,Dragapult Charizard,47,137,165,72,43.05,mega-absol-box,Mega Absol Box,20,56.67,11,8,1,overall,2026-09-29T13:23:49.456665+00:00,nein,abfrage
SVI-ASC,61,1,dragapult-charizard,Dragapult Charizard,47,137,165,72,43.05,raging-bolt-ogerpon,Raging Bolt Ogerpon,17,35.29,5,9,3,overall,2026-09-29T13:23:49.456665+00:00,nein,abfrage
SVI-ASC,61,1,dragapult-charizard,Dragapult Charizard,47,137,165,72,43.05,froslass-munkidori,Froslass Munkidori,15,31.11,4,9,2,overall,2026-09-29T13:23:49.456665+00:00,nein,abfrage
SVI-ASC,61,1,dragapult-charizard,Dragapult Charizard,47,137,165,72,43.05,charizard-noctowl,Charizard Noctowl,10,33.33,2,4,4,overall,2026-09-29T13:23:49.456665+00:00,nein,abfrage
SVI-ASC,61,1,dragapult-charizard,Dragapult Charizard,47,137,165,72,43.05,charizard-pidgeot,Charizard Pidgeot,10,36.67,3,5,2,overall,2026-09-29T13:23:49.456665+00:00,nein,abfrage
SVI-ASC,61,1,dragapult-charizard,Dragapult Charizard,47,137,165,72,43.05,ceruledge-ex,Ceruledge,10,60.0,6,4,0,overall,2026-09-29T13:23:49.456665+00:00,nein,abfrage
SVI-ASC,61,1,dragapult-charizard,Dragapult Charizard,47,137,165,72,43.05,alakazam-dudunsparce,Alakazam Dudunsparce,8,79.17,6,1,1,overall,2026-09-29T13:23:49.456665+00:00,nein,abfrage
SVI-ASC,61,1,dragapult-charizard,Dragapult Charizard,47,137,165,72,43.05,joltik-box,Joltik Box,8,41.67,3,4,1,overall,2026-09-29T13:23:49.456665+00:00,nein,abfrage
SVI-ASC,61,1,dragapult-charizard,Dragapult Charizard,47,137,165,72,43.05,gardevoir-jellicent,Gardevoir Jellicent,7,52.38,3,2,2,overall,2026-09-29T13:23:49.456665+00:00,nein,abfrage
SVI-ASC,61,1,dragapult-charizard,Dragapult Charizard,47,137,165,72,43.05,dragapult-charizard,Dragapult Charizard,7,42.86,4,4,6,overall,2026-09-29T13:23:49.456665+00:00,ja,abfrage
SVI-ASC,61,1,dragapult-charizard,Dragapult Charizard,47,137,165,72,43.05,festival-lead,Festival Lead,7,57.14,4,3,0,overall,2026-09-29T13:23:49.456665+00:00,nein,abfrage
SVI-ASC,61,1,dragapult-charizard,Dragapult Charizard,47,137,165,72,43.05,lucario-hariyama,Lucario Hariyama,6,38.89,1,1,4,overall,2026-09-29T13:23:49.456665+00:00,nein,abfrage
SVI-ASC,61,1,dragapult-charizard,Dragapult Charizard,47,137,165,72,43.05,flareon-noctowl,Flareon Noctowl,6,44.44,2,2,2,overall,2026-09-29T13:23:49.456665+00:00,nein,abfrage
SVI-ASC,61,1,dragapult-charizard,Dragapult Charizard,47,137,165,72,43.05,mega-venusaur-ex,Mega Venusaur,6,33.33,2,4,0,overall,2026-09-29T13:23:49.456665+00:00,nein,abfrage
SVI-ASC,61,1,dragapult-charizard,Dragapult Charizard,47,137,165,72,43.05,rockets-honchkrow,Rocket's Honchkrow,5,60.0,3,2,0,overall,2026-09-29T13:23:49.456665+00:00,nein,abfrage
SVI-ASC,61,1,dragapult-charizard,Dragapult Charizard,47,137,165,72,43.05,rocket-mewtwo-ex,Rocket's Mewtwo,5,66.67,3,1,1,overall,2026-09-29T13:23:49.456665+00:00,nein,abfrage
SVI-ASC,61,1,dragapult-charizard,Dragapult Charizard,47,137,165,72,43.05,cynthia-garchomp-ex,Cynthia's Garchomp,4,58.33,2,1,1,overall,2026-09-29T13:23:49.456665+00:00,nein,abfrage
SVI-ASC,61,1,dragapult-charizard,Dragapult Charizard,47,137,165,72,43.05,crustle-dri,Crustle,3,44.44,1,1,1,overall,2026-09-29T13:23:49.456665+00:00,nein,abfrage
SVI-ASC,61,1,dragapult-charizard,Dragapult Charizard,47,137,165,72,43.05,greninja-ex,Greninja,3,100.0,3,0,0,overall,2026-09-29T13:23:49.456665+00:00,nein,abfrage
SVI-ASC,61,1,dragapult-charizard,Dragapult Charizard,47,137,165,72,43.05,sharpedo-toxtricity,Sharpedo Toxtricity,2,50.0,1,1,0,overall,2026-09-29T13:23:49.456665+00:00,nein,abfrage
SVI-ASC,61,1,dragapult-charizard,Dragapult Charizard,47,137,165,72,43.05,ogerpon-meganium,Ogerpon Meganium,2,33.33,0,0,2,overall,2026-09-29T13:23:49.456665+00:00,nein,abfrage
SVI-ASC,61,1,dragapult-charizard,Dragapult Charizard,47,137,165,72,43.05,hydrapple-ogerpon,Hydrapple Ogerpon,2,50.0,1,1,0,overall,2026-09-29T13:23:49.456665+00:00,nein,abfrage
SVI-ASC,61,1,dragapult-charizard,Dragapult Charizard,47,137,165,72,43.05,poison-mega-latias,Poison Latias,2,66.67,1,0,1,overall,2026-09-29T13:23:49.456665+00:00,nein,abfrage
SVI-ASC,61,1,dragapult-charizard,Dragapult Charizard,47,137,165,72,43.05,archaludon-dudunsparce,Archaludon Dudunsparce,2,100.0,2,0,0,overall,2026-09-29T13:23:49.456665+00:00,nein,abfrage
SVI-ASC,61,1,dragapult-charizard,Dragapult Charizard,47,137,165,72,43.05,charizard-dusknoir,Charizard Dusknoir,1,33.33,0,0,1,overall,2026-09-29T13:23:49.456665+00:00,nein,abfrage
SVI-ASC,61,1,dragapult-charizard,Dragapult Charizard,47,137,165,72,43.05,ho-oh-armarouge,Ho-Oh Armarouge,1,100.0,1,0,0,overall,2026-09-29T13:23:49.456665+00:00,nein,abfrage
SVI-ASC,61,1,dragapult-charizard,Dragapult Charizard,47,137,165,72,43.05,other,Other,1,100.0,1,0,0,overall,2026-09-29T13:23:49.456665+00:00,nein,abfrage
SVI-ASC,61,1,dragapult-charizard,Dragapult Charizard,47,137,165,72,43.05,mega-charizard-x-ex,Mega Charizard X,1,100.0,1,0,0,overall,2026-09-29T13:23:49.456665+00:00,nein,abfrage
SVI-ASC,61,1,dragapult-charizard,Dragapult Charizard,47,137,165,72,43.05,roaring-moon-dudunsparce,Roaring Moon Dudunsparce,1,0.0,0,1,0,overall,2026-09-29T13:23:49.456665+00:00,nein,abfrage
SVI-ASC,61,1,dragapult-charizard,Dragapult Charizard,47,137,165,72,43.05,ursaluna-lunatone,Ursaluna Lunatone,1,33.33,0,0,1,overall,2026-09-29T13:23:49.456665+00:00,nein,abfrage
SVI-ASC,61,1,dragapult-charizard,Dragapult Charizard,47,137,165,72,43.05,mega-lopunny-ex,Mega Lopunny,1,100.0,1,0,0,overall,2026-09-29T13:23:49.456665+00:00,nein,abfrage
SVI-ASC,61,1,dragapult-charizard,Dragapult Charizard,47,137,165,72,43.05,gholdengo-ex,Gholdengo,1,0.0,0,1,0,overall,2026-09-29T13:23:49.456665+00:00,nein,abfrage
SVI-ASC,61,1,dragapult-charizard,Dragapult Charizard,47,137,165,72,43.05,mega-lucario-ex,Mega Lucario,1,100.0,1,0,0,overall,2026-09-29T13:23:49.456665+00:00,nein,abfrage
SVI-ASC,61,1,dragapult-charizard,Dragapult Charizard,47,137,165,72,43.05,hop-zacian,Hop's Zacian,1,0.0,0,1,0,overall,2026-09-29T13:23:49.456665+00:00,nein,abfrage
SVI-ASC,61,1,dragapult-charizard,Dragapult Charizard,47,137,165,72,43.05,kangaskhan-bouffalant,Kangaskhan Bouffalant,1,0.0,0,1,0,overall,2026-09-29T13:23:49.456665+00:00,nein,abfrage
SVI-ASC,61,1,dragapult-charizard,Dragapult Charizard,47,137,165,72,43.05,charizard-ex,Charizard,1,100.0,1,0,0,overall,2026-09-29T13:23:49.456665+00:00,nein,abfrage
SVI-ASC,61,1,dragapult-charizard,Dragapult Charizard,47,137,165,72,43.05,slowking-scr,Slowking,1,33.33,0,0,1,overall,2026-09-29T13:23:49.456665+00:00,nein,abfrage
SVI-ASC,61,1,dragapult-charizard,Dragapult Charizard,47,137,165,72,43.05,marnie-grimmsnarl-ex,Marnie's Grimmsnarl,1,0.0,0,1,0,overall,2026-09-29T13:23:49.456665+00:00,nein,abfrage
SVI-ASC,61,1,dragapult-charizard,Dragapult Charizard,47,137,165,72,43.05,ethan-typhlosion,Ethan's Typhlosion,1,0.0,0,1,0,overall,2026-09-29T13:23:49.456665+00:00,nein,abfrage
SVI-ASC,61,1,dragapult-dusknoir,Dragapult Dusknoir,250,841,882,371,46.07,gholdengo-lunatone,Gholdengo Lunatone,190,43.33,70,83,37,overall,2026-09-29T13:23:51.281867+00:00,nein,abfrage
SVI-ASC,61,1,dragapult-dusknoir,Dragapult Dusknoir,250,841,882,371,46.07,dragapult-dusknoir,Dragapult Dusknoir,183,47.54,156,156,54,overall,2026-09-29T13:23:51.281867+00:00,ja,abfrage
SVI-ASC,61,1,dragapult-dusknoir,Dragapult Dusknoir,250,841,882,371,46.07,n-zoroark,N's Zoroark,179,41.53,63,82,34,overall,2026-09-29T13:23:51.281867+00:00,nein,abfrage
SVI-ASC,61,1,dragapult-dusknoir,Dragapult Dusknoir,250,841,882,371,46.07,grimmsnarl-froslass,Grimmsnarl Froslass,145,36.09,41,70,34,overall,2026-09-29T13:23:51.281867+00:00,nein,abfrage
SVI-ASC,61,1,dragapult-dusknoir,Dragapult Dusknoir,250,841,882,371,46.07,gardevoir-ex-sv,Gardevoir,142,37.32,46,75,21,overall,2026-09-29T13:23:51.281867+00:00,nein,abfrage
SVI-ASC,61,1,dragapult-dusknoir,Dragapult Dusknoir,250,841,882,371,46.07,raging-bolt-ogerpon,Raging Bolt Ogerpon,125,43.73,48,57,20,overall,2026-09-29T13:23:51.281867+00:00,nein,abfrage
SVI-ASC,61,1,dragapult-dusknoir,Dragapult Dusknoir,250,841,882,371,46.07,mega-absol-box,Mega Absol Box,113,43.07,39,45,29,overall,2026-09-29T13:23:51.281867+00:00,nein,abfrage
SVI-ASC,61,1,dragapult-dusknoir,Dragapult Dusknoir,250,841,882,371,46.07,charizard-noctowl,Charizard Noctowl,81,55.14,39,25,17,overall,2026-09-29T13:23:51.281867+00:00,nein,abfrage
SVI-ASC,61,1,dragapult-dusknoir,Dragapult Dusknoir,250,841,882,371,46.07,dragapult-charizard,Dragapult Charizard,74,53.15,36,28,10,overall,2026-09-29T13:23:51.281867+00:00,nein,abfrage
SVI-ASC,61,1,dragapult-dusknoir,Dragapult Dusknoir,250,841,882,371,46.07,ceruledge-ex,Ceruledge,57,50.29,25,21,11,overall,2026-09-29T13:23:51.281867+00:00,nein,abfrage
SVI-ASC,61,1,dragapult-dusknoir,Dragapult Dusknoir,250,841,882,371,46.07,joltik-box,Joltik Box,56,29.17,14,35,7,overall,2026-09-29T13:23:51.281867+00:00,nein,abfrage
SVI-ASC,61,1,dragapult-dusknoir,Dragapult Dusknoir,250,841,882,371,46.07,alakazam-dudunsparce,Alakazam Dudunsparce,49,69.39,31,9,9,overall,2026-09-29T13:23:51.281867+00:00,nein,abfrage
SVI-ASC,61,1,dragapult-dusknoir,Dragapult Dusknoir,250,841,882,371,46.07,froslass-munkidori,Froslass Munkidori,40,40.83,12,15,13,overall,2026-09-29T13:23:51.281867+00:00,nein,abfrage
SVI-ASC,61,1,dragapult-dusknoir,Dragapult Dusknoir,250,841,882,371,46.07,festival-lead,Festival Lead,39,66.67,25,11,3,overall,2026-09-29T13:23:51.281867+00:00,nein,abfrage
SVI-ASC,61,1,dragapult-dusknoir,Dragapult Dusknoir,250,841,882,371,46.07,crustle-dri,Crustle,34,37.25,10,16,8,overall,2026-09-29T13:23:51.281867+00:00,nein,abfrage
SVI-ASC,61,1,dragapult-dusknoir,Dragapult Dusknoir,250,841,882,371,46.07,gardevoir-jellicent,Gardevoir Jellicent,32,44.79,12,13,7,overall,2026-09-29T13:23:51.281867+00:00,nein,abfrage
SVI-ASC,61,1,dragapult-dusknoir,Dragapult Dusknoir,250,841,882,371,46.07,charizard-pidgeot,Charizard Pidgeot,28,52.38,12,8,8,overall,2026-09-29T13:23:51.281867+00:00,nein,abfrage
SVI-ASC,61,1,dragapult-dusknoir,Dragapult Dusknoir,250,841,882,371,46.07,lucario-hariyama,Lucario Hariyama,26,61.54,15,8,3,overall,2026-09-29T13:23:51.281867+00:00,nein,abfrage
SVI-ASC,61,1,dragapult-dusknoir,Dragapult Dusknoir,250,841,882,371,46.07,flareon-noctowl,Flareon Noctowl,24,55.56,12,8,4,overall,2026-09-29T13:23:51.281867+00:00,nein,abfrage
SVI-ASC,61,1,dragapult-dusknoir,Dragapult Dusknoir,250,841,882,371,46.07,tera-box,Tera Box,22,43.94,9,11,2,overall,2026-09-29T13:23:51.281867+00:00,nein,abfrage
SVI-ASC,61,1,dragapult-dusknoir,Dragapult Dusknoir,250,841,882,371,46.07,cynthia-garchomp-ex,Cynthia's Garchomp,21,46.03,9,10,2,overall,2026-09-29T13:23:51.281867+00:00,nein,abfrage
SVI-ASC,61,1,dragapult-dusknoir,Dragapult Dusknoir,250,841,882,371,46.07,rocket-mewtwo-ex,Rocket's Mewtwo,19,52.63,9,7,3,overall,2026-09-29T13:23:51.281867+00:00,nein,abfrage
SVI-ASC,61,1,dragapult-dusknoir,Dragapult Dusknoir,250,841,882,371,46.07,mega-venusaur-ex,Mega Venusaur,16,52.08,7,5,4,overall,2026-09-29T13:23:51.281867+00:00,nein,abfrage
SVI-ASC,61,1,dragapult-dusknoir,Dragapult Dusknoir,250,841,882,371,46.07,greninja-ex,Greninja,15,73.33,11,4,0,overall,2026-09-29T13:23:51.281867+00:00,nein,abfrage
SVI-ASC,61,1,dragapult-dusknoir,Dragapult Dusknoir,250,841,882,371,46.07,kangaskhan-bouffalant,Kangaskhan Bouffalant,12,33.33,3,6,3,overall,2026-09-29T13:23:51.281867+00:00,nein,abfrage
SVI-ASC,61,1,dragapult-dusknoir,Dragapult Dusknoir,250,841,882,371,46.07,slowking-scr,Slowking,12,47.22,5,5,2,overall,2026-09-29T13:23:51.281867+00:00,nein,abfrage
SVI-ASC,61,1,dragapult-dusknoir,Dragapult Dusknoir,250,841,882,371,46.07,rockets-honchkrow,Rocket's Honchkrow,11,42.42,4,5,2,overall,2026-09-29T13:23:51.281867+00:00,nein,abfrage
SVI-ASC,61,1,dragapult-dusknoir,Dragapult Dusknoir,250,841,882,371,46.07,gholdengo-ex,Gholdengo,9,59.26,5,3,1,overall,2026-09-29T13:23:51.281867+00:00,nein,abfrage
SVI-ASC,61,1,dragapult-dusknoir,Dragapult Dusknoir,250,841,882,371,46.07,lopunny-dusknoir,Lopunny Dusknoir,9,70.37,6,2,1,overall,2026-09-29T13:23:51.281867+00:00,nein,abfrage
SVI-ASC,61,1,dragapult-dusknoir,Dragapult Dusknoir,250,841,882,371,46.07,ogerpon-meganium,Ogerpon Meganium,8,50.0,4,4,0,overall,2026-09-29T13:23:51.281867+00:00,nein,abfrage
SVI-ASC,61,1,dragapult-dusknoir,Dragapult Dusknoir,250,841,882,371,46.07,mega-lucario-ex,Mega Lucario,8,54.17,4,3,1,overall,2026-09-29T13:23:51.281867+00:00,nein,abfrage
SVI-ASC,61,1,dragapult-dusknoir,Dragapult Dusknoir,250,841,882,371,46.07,dragapult-blaziken,Dragapult Blaziken,7,42.86,3,4,0,overall,2026-09-29T13:23:51.281867+00:00,nein,abfrage
SVI-ASC,61,1,dragapult-dusknoir,Dragapult Dusknoir,250,841,882,371,46.07,manectric-eelektrik,Manectric Eelektrik,7,33.33,2,4,1,overall,2026-09-29T13:23:51.281867+00:00,nein,abfrage
SVI-ASC,61,1,dragapult-dusknoir,Dragapult Dusknoir,250,841,882,371,46.07,gholdengo-joltik-box,Gholdengo Joltik Box,7,57.14,4,3,0,overall,2026-09-29T13:23:51.281867+00:00,nein,abfrage
SVI-ASC,61,1,dragapult-dusknoir,Dragapult Dusknoir,250,841,882,371,46.07,sharpedo-toxtricity,Sharpedo Toxtricity,6,55.56,3,2,1,overall,2026-09-29T13:23:51.281867+00:00,nein,abfrage
SVI-ASC,61,1,dragapult-dusknoir,Dragapult Dusknoir,250,841,882,371,46.07,alakazam-meg,Alakazam,5,66.67,3,1,1,overall,2026-09-29T13:23:51.281867+00:00,nein,abfrage
SVI-ASC,61,1,dragapult-dusknoir,Dragapult Dusknoir,250,841,882,371,46.07,archaludon-ex,Archaludon,5,33.33,1,2,2,overall,2026-09-29T13:23:51.281867+00:00,nein,abfrage
SVI-ASC,61,1,dragapult-dusknoir,Dragapult Dusknoir,250,841,882,371,46.07,hop-zacian,Hop's Zacian,4,100.0,4,0,0,overall,2026-09-29T13:23:51.281867+00:00,nein,abfrage
SVI-ASC,61,1,dragapult-dusknoir,Dragapult Dusknoir,250,841,882,371,46.07,ho-oh-armarouge,Ho-Oh Armarouge,4,33.33,1,2,1,overall,2026-09-29T13:23:51.281867+00:00,nein,abfrage
SVI-ASC,61,1,dragapult-dusknoir,Dragapult Dusknoir,250,841,882,371,46.07,hydrapple-ogerpon,Hydrapple Ogerpon,4,100.0,4,0,0,overall,2026-09-29T13:23:51.281867+00:00,nein,abfrage
SVI-ASC,61,1,dragapult-dusknoir,Dragapult Dusknoir,250,841,882,371,46.07,mega-froslass-ex,Mega Froslass,4,33.33,1,2,1,overall,2026-09-29T13:23:51.281867+00:00,nein,abfrage
SVI-ASC,61,1,dragapult-dusknoir,Dragapult Dusknoir,250,841,882,371,46.07,mega-charizard-x-ex,Mega Charizard X,4,75.0,3,1,0,overall,2026-09-29T13:23:51.281867+00:00,nein,abfrage
SVI-ASC,61,1,dragapult-dusknoir,Dragapult Dusknoir,250,841,882,371,46.07,dragapult-ex,Dragapult,4,33.33,1,2,1,overall,2026-09-29T13:23:51.281867+00:00,nein,abfrage
SVI-ASC,61,1,dragapult-dusknoir,Dragapult Dusknoir,250,841,882,371,46.07,other,Other,3,77.78,2,0,1,overall,2026-09-29T13:23:51.281867+00:00,nein,abfrage
SVI-ASC,61,1,dragapult-dusknoir,Dragapult Dusknoir,250,841,882,371,46.07,ethan-typhlosion,Ethan's Typhlosion,3,66.67,2,1,0,overall,2026-09-29T13:23:51.281867+00:00,nein,abfrage
SVI-ASC,61,1,dragapult-dusknoir,Dragapult Dusknoir,250,841,882,371,46.07,ursaluna-lunatone,Ursaluna Lunatone,3,100.0,3,0,0,overall,2026-09-29T13:23:51.281867+00:00,nein,abfrage
SVI-ASC,61,1,dragapult-dusknoir,Dragapult Dusknoir,250,841,882,371,46.07,mega-lopunny-ex,Mega Lopunny,2,100.0,2,0,0,overall,2026-09-29T13:23:51.281867+00:00,nein,abfrage
SVI-ASC,61,1,dragapult-dusknoir,Dragapult Dusknoir,250,841,882,371,46.07,chien-pao-baxcalibur,Chien-Pao Baxcalibur,2,66.67,1,0,1,overall,2026-09-29T13:23:51.281867+00:00,nein,abfrage
SVI-ASC,61,1,dragapult-dusknoir,Dragapult Dusknoir,250,841,882,371,46.07,dragapult-froslass,Dragapult Froslass,2,50.0,1,1,0,overall,2026-09-29T13:23:51.281867+00:00,nein,abfrage
SVI-ASC,61,1,dragapult-dusknoir,Dragapult Dusknoir,250,841,882,371,46.07,poison-mega-latias,Poison Latias,2,50.0,1,1,0,overall,2026-09-29T13:23:51.281867+00:00,nein,abfrage
SVI-ASC,61,1,dragapult-dusknoir,Dragapult Dusknoir,250,841,882,371,46.07,azumarill-ssp,Azumarill,2,100.0,2,0,0,overall,2026-09-29T13:23:51.281867+00:00,nein,abfrage
SVI-ASC,61,1,dragapult-dusknoir,Dragapult Dusknoir,250,841,882,371,46.07,mega-gengar-ex,Mega Gengar,2,100.0,2,0,0,overall,2026-09-29T13:23:51.281867+00:00,nein,abfrage
SVI-ASC,61,1,dragapult-dusknoir,Dragapult Dusknoir,250,841,882,371,46.07,toxtricity-box,Toxtricity Box,2,66.67,1,0,1,overall,2026-09-29T13:23:51.281867+00:00,nein,abfrage
SVI-ASC,61,1,dragapult-dusknoir,Dragapult Dusknoir,250,841,882,371,46.07,kangaskhan-forretress,Kangaskhan Forretress,2,50.0,1,1,0,overall,2026-09-29T13:23:51.281867+00:00,nein,abfrage
SVI-ASC,61,1,dragapult-dusknoir,Dragapult Dusknoir,250,841,882,371,46.07,okidogi-ex,Okidogi,2,16.67,0,1,1,overall,2026-09-29T13:23:51.281867+00:00,nein,abfrage
SVI-ASC,61,1,dragapult-dusknoir,Dragapult Dusknoir,250,841,882,371,46.07,palafin-ex,Palafin,2,100.0,2,0,0,overall,2026-09-29T13:23:51.281867+00:00,nein,abfrage
SVI-ASC,61,1,dragapult-dusknoir,Dragapult Dusknoir,250,841,882,371,46.07,great-tusk-tef,Great Tusk Mill,1,33.33,0,0,1,overall,2026-09-29T13:23:51.281867+00:00,nein,abfrage
SVI-ASC,61,1,dragapult-dusknoir,Dragapult Dusknoir,250,841,882,371,46.07,iron-hands-magneton,Iron Hands Magneton,1,100.0,1,0,0,overall,2026-09-29T13:23:51.281867+00:00,nein,abfrage
SVI-ASC,61,1,dragapult-dusknoir,Dragapult Dusknoir,250,841,882,371,46.07,pidgeot-control,Pidgeot Control,1,0.0,0,1,0,overall,2026-09-29T13:23:51.281867+00:00,nein,abfrage
SVI-ASC,61,1,dragapult-dusknoir,Dragapult Dusknoir,250,841,882,371,46.07,roaring-moon-dudunsparce,Roaring Moon Dudunsparce,1,0.0,0,1,0,overall,2026-09-29T13:23:51.281867+00:00,nein,abfrage
SVI-ASC,61,1,dragapult-dusknoir,Dragapult Dusknoir,250,841,882,371,46.07,hydrapple-ex,Hydrapple,1,33.33,0,0,1,overall,2026-09-29T13:23:51.281867+00:00,nein,abfrage
SVI-ASC,61,1,dragapult-dusknoir,Dragapult Dusknoir,250,841,882,371,46.07,charizard-dusknoir,Charizard Dusknoir,1,100.0,1,0,0,overall,2026-09-29T13:23:51.281867+00:00,nein,abfrage
SVI-ASC,61,1,dragapult-dusknoir,Dragapult Dusknoir,250,841,882,371,46.07,marnie-grimmsnarl-ex,Marnie's Grimmsnarl,1,100.0,1,0,0,overall,2026-09-29T13:23:51.281867+00:00,nein,abfrage
SVI-ASC,61,1,dragapult-dusknoir,Dragapult Dusknoir,250,841,882,371,46.07,hydreigon-ex,Hydreigon,1,0.0,0,1,0,overall,2026-09-29T13:23:51.281867+00:00,nein,abfrage
SVI-ASC,61,1,dragapult-dusknoir,Dragapult Dusknoir,250,841,882,371,46.07,stevens-metagross,Steven's Metagross,1,33.33,0,0,1,overall,2026-09-29T13:23:51.281867+00:00,nein,abfrage
SVI-ASC,61,1,dragapult-dusknoir,Dragapult Dusknoir,250,841,882,371,46.07,conkeldurr-twm,Conkeldurr,1,100.0,1,0,0,overall,2026-09-29T13:23:51.281867+00:00,nein,abfrage
SVI-ASC,61,1,dragapult-dusknoir,Dragapult Dusknoir,250,841,882,371,46.07,copperajah-ex,Copperajah,1,0.0,0,1,0,overall,2026-09-29T13:23:51.281867+00:00,nein,abfrage
SVI-ASC,61,1,dragapult-dusknoir,Dragapult Dusknoir,250,841,882,371,46.07,hops-trevenant,Hop's Trevenant,1,100.0,1,0,0,overall,2026-09-29T13:23:51.281867+00:00,nein,abfrage
SVI-ASC,61,1,dragapult-dusknoir,Dragapult Dusknoir,250,841,882,371,46.07,archaludon-dudunsparce,Archaludon Dudunsparce,1,33.33,0,0,1,overall,2026-09-29T13:23:51.281867+00:00,nein,abfrage
SVI-ASC,61,1,dragapult-ex,Dragapult,4,11,9,12,46.88,raging-bolt-ogerpon,Raging Bolt Ogerpon,4,50.0,2,2,0,overall,2026-09-29T13:23:53.094771+00:00,nein,abfrage
SVI-ASC,61,1,dragapult-ex,Dragapult,4,11,9,12,46.88,dragapult-dusknoir,Dragapult Dusknoir,4,58.33,2,1,1,overall,2026-09-29T13:23:53.094771+00:00,nein,abfrage
SVI-ASC,61,1,dragapult-ex,Dragapult,4,11,9,12,46.88,gholdengo-lunatone,Gholdengo Lunatone,3,22.22,0,1,2,overall,2026-09-29T13:23:53.094771+00:00,nein,abfrage
SVI-ASC,61,1,dragapult-ex,Dragapult,4,11,9,12,46.88,ceruledge-ex,Ceruledge,3,22.22,0,1,2,overall,2026-09-29T13:23:53.094771+00:00,nein,abfrage
SVI-ASC,61,1,dragapult-ex,Dragapult,4,11,9,12,46.88,mega-absol-box,Mega Absol Box,3,44.44,1,1,1,overall,2026-09-29T13:23:53.094771+00:00,nein,abfrage
SVI-ASC,61,1,dragapult-ex,Dragapult,4,11,9,12,46.88,mega-venusaur-ex,Mega Venusaur,2,100.0,2,0,0,overall,2026-09-29T13:23:53.094771+00:00,nein,abfrage
SVI-ASC,61,1,dragapult-ex,Dragapult,4,11,9,12,46.88,charizard-noctowl,Charizard Noctowl,2,66.67,1,0,1,overall,2026-09-29T13:23:53.094771+00:00,nein,abfrage
SVI-ASC,61,1,dragapult-ex,Dragapult,4,11,9,12,46.88,grimmsnarl-froslass,Grimmsnarl Froslass,2,50.0,1,1,0,overall,2026-09-29T13:23:53.094771+00:00,nein,abfrage
SVI-ASC,61,1,dragapult-ex,Dragapult,4,11,9,12,46.88,froslass-munkidori,Froslass Munkidori,2,66.67,1,0,1,overall,2026-09-29T13:23:53.094771+00:00,nein,abfrage
SVI-ASC,61,1,dragapult-ex,Dragapult,4,11,9,12,46.88,gardevoir-ex-sv,Gardevoir,1,33.33,0,0,1,overall,2026-09-29T13:23:53.094771+00:00,nein,abfrage
SVI-ASC,61,1,dragapult-ex,Dragapult,4,11,9,12,46.88,n-zoroark,N's Zoroark,1,33.33,0,0,1,overall,2026-09-29T13:23:53.094771+00:00,nein,abfrage
SVI-ASC,61,1,dragapult-ex,Dragapult,4,11,9,12,46.88,palafin-ex,Palafin,1,0.0,0,1,0,overall,2026-09-29T13:23:53.094771+00:00,nein,abfrage
SVI-ASC,61,1,dragapult-ex,Dragapult,4,11,9,12,46.88,other,Other,1,0.0,0,1,0,overall,2026-09-29T13:23:53.094771+00:00,nein,abfrage
SVI-ASC,61,1,dragapult-ex,Dragapult,4,11,9,12,46.88,archaludon-ex,Archaludon,1,33.33,0,0,1,overall,2026-09-29T13:23:53.094771+00:00,nein,abfrage
SVI-ASC,61,1,dragapult-ex,Dragapult,4,11,9,12,46.88,alakazam-dudunsparce,Alakazam Dudunsparce,1,33.33,0,0,1,overall,2026-09-29T13:23:53.094771+00:00,nein,abfrage
SVI-ASC,61,1,dragapult-ex,Dragapult,4,11,9,12,46.88,hydrapple-ogerpon,Hydrapple Ogerpon,1,100.0,1,0,0,overall,2026-09-29T13:23:53.094771+00:00,nein,abfrage
SVI-ASC,61,1,dragapult-froslass,Dragapult Froslass,1,4,3,1,54.17,dragapult-dusknoir,Dragapult Dusknoir,2,50.0,1,1,0,overall,2026-09-29T13:23:54.916252+00:00,nein,abfrage
SVI-ASC,61,1,dragapult-froslass,Dragapult Froslass,1,4,3,1,54.17,manectric-eelektrik,Manectric Eelektrik,1,100.0,1,0,0,overall,2026-09-29T13:23:54.916252+00:00,nein,abfrage
SVI-ASC,61,1,dragapult-froslass,Dragapult Froslass,1,4,3,1,54.17,alakazam-meg,Alakazam,1,0.0,0,1,0,overall,2026-09-29T13:23:54.916252+00:00,nein,abfrage
SVI-ASC,61,1,dragapult-froslass,Dragapult Froslass,1,4,3,1,54.17,raging-bolt-ogerpon,Raging Bolt Ogerpon,1,100.0,1,0,0,overall,2026-09-29T13:23:54.916252+00:00,nein,abfrage
SVI-ASC,61,1,dragapult-froslass,Dragapult Froslass,1,4,3,1,54.17,joltik-box,Joltik Box,1,33.33,0,0,1,overall,2026-09-29T13:23:54.916252+00:00,nein,abfrage
SVI-ASC,61,1,dragapult-froslass,Dragapult Froslass,1,4,3,1,54.17,charizard-noctowl,Charizard Noctowl,1,0.0,0,1,0,overall,2026-09-29T13:23:54.916252+00:00,nein,abfrage
SVI-ASC,61,1,dragapult-froslass,Dragapult Froslass,1,4,3,1,54.17,flareon-noctowl,Flareon Noctowl,1,100.0,1,0,0,overall,2026-09-29T13:23:54.916252+00:00,nein,abfrage
