tournament_id,tournament_name,tournament_date,tournament_type,country,total_players,meta,deck_name,deck_slug,pokemon,player_count,share_pct,wins,losses,ties,win_pct,top8_conv_rate,top16_conv_rate,top32_conv_rate,day1_players,day1_share_pct,day1_wins,day1_losses,day1_ties,day1_win_pct,day2_players,day2_share_pct,day2_wins,day2_losses,day2_ties,day2_win_pct,day1_to_day2_conv,scraped_at
0057,Regional Championship Curitiba,2026-03-14,regional,,1447,SVI-ASC,Dragapult Dusknoir,dragapult-dusknoir,"dragapult, dusknoir",247,17.07,853,885,262,47.02,0.0,0.0,0.0,247,17.0698,759,802,240,46.5852,39,15.1751,94,83,22,50.9213,0.1579,2026-05-25 12:38:08
0057,Regional Championship Curitiba,2026-03-14,regional,,1447,SVI-ASC,N's Zoroark,n-zoroark,zoroark,160,11.06,528,560,201,46.16,0.0,0.0,0.0,160,11.0574,488,508,185,46.5425,20,7.7821,40,52,16,41.9753,0.125,2026-05-25 12:38:08
0057,Regional Championship Curitiba,2026-03-14,regional,,1447,SVI-ASC,Gholdengo Lunatone,gholdengo-lunatone,"gholdengo, lunatone",136,9.4,538,443,192,51.32,0.0,0.0,0.0,136,9.3988,461,379,159,51.4515,34,13.2296,77,64,33,50.5747,0.25,2026-05-25 12:38:08
0057,Regional Championship Curitiba,2026-03-14,regional,,1447,SVI-ASC,Grimmsnarl Froslass,grimmsnarl-froslass,"grimmsnarl, froslass",89,6.15,330,299,141,48.96,0.0,0.0,0.0,89,6.1507,294,262,119,49.4321,19,7.393,36,37,22,45.614,0.2135,2026-05-25 12:38:08
0057,Regional Championship Curitiba,2026-03-14,regional,,1447,SVI-ASC,Gardevoir,gardevoir-ex-sv,gardevoir,83,5.74,307,284,131,48.57,0.0,0.0,0.0,83,5.736,270,237,111,49.6764,21,8.1712,37,47,20,41.9872,0.253,2026-05-25 12:38:08
0057,Regional Championship Curitiba,2026-03-14,regional,,1447,SVI-ASC,Mega Absol Box,mega-absol-box,"absol-mega, kangaskhan-mega",82,5.67,268,271,118,46.78,0.0,0.0,0.0,82,5.6669,233,253,100,45.4494,14,5.4475,35,18,18,57.7465,0.1707,2026-05-25 12:38:08
0057,Regional Championship Curitiba,2026-03-14,regional,,1447,SVI-ASC,Raging Bolt Ogerpon,raging-bolt-ogerpon,"raging-bolt, ogerpon",73,5.04,276,244,95,50.03,0.0,0.0,0.0,73,5.0449,237,204,77,50.7079,19,7.393,39,40,18,46.3918,0.2603,2026-05-25 12:38:08
0057,Regional Championship Curitiba,2026-03-14,regional,,1447,SVI-ASC,Charizard Noctowl,charizard-noctowl,"charizard, noctowl",68,4.7,209,242,90,44.18,0.0,0.0,0.0,68,4.6994,201,224,81,45.0593,7,2.7237,8,18,9,31.4286,0.1029,2026-05-25 12:38:08
0057,Regional Championship Curitiba,2026-03-14,regional,,1447,SVI-ASC,Charizard Pidgeot,charizard-pidgeot,"charizard, pidgeot",45,3.11,142,155,56,45.51,0.0,0.0,0.0,45,3.1099,132,139,52,46.2332,6,2.3346,10,16,4,37.7778,0.1333,2026-05-25 12:38:08
0057,Regional Championship Curitiba,2026-03-14,regional,,1447,SVI-ASC,Joltik Box,joltik-box,"joltik, pikachu",44,3.04,192,155,45,52.81,0.0,0.0,0.0,44,3.0408,164,126,37,53.9246,13,5.0584,28,29,8,47.1795,0.2955,2026-05-25 12:38:08
0057,Regional Championship Curitiba,2026-03-14,regional,,1447,SVI-ASC,Ceruledge,ceruledge-ex,ceruledge,37,2.56,128,139,42,45.95,0.0,0.0,0.0,37,2.557,111,125,38,45.1338,7,2.7237,17,14,4,52.381,0.1892,2026-05-25 12:38:08
0057,Regional Championship Curitiba,2026-03-14,regional,,1447,SVI-ASC,Alakazam Dudunsparce,alakazam-dudunsparce,"alakazam, dudunsparce",31,2.14,78,107,37,40.69,0.0,0.0,0.0,31,2.1424,74,104,34,40.2516,2,0.7782,4,3,3,50.0,0.0645,2026-05-25 12:38:08
0057,Regional Championship Curitiba,2026-03-14,regional,,1447,SVI-ASC,Froslass Munkidori,froslass-munkidori,"froslass, munkidori",31,2.14,133,103,53,52.13,0.0,0.0,0.0,31,2.1424,112,83,42,53.1646,10,3.8911,21,20,11,47.4359,0.3226,2026-05-25 12:38:08
0057,Regional Championship Curitiba,2026-03-14,regional,,1447,SVI-ASC,Gardevoir Jellicent,gardevoir-jellicent,"gardevoir, jellicent",29,2.0,131,94,50,53.7,0.0,0.0,0.0,29,2.0041,105,79,38,53.003,10,3.8911,26,15,12,56.6038,0.3448,2026-05-25 12:38:08
0057,Regional Championship Curitiba,2026-03-14,regional,,1447,SVI-ASC,Dragapult Charizard,dragapult-charizard,"dragapult, charizard",26,1.8,81,86,42,45.45,0.0,0.0,0.0,26,1.7968,76,77,36,46.5608,4,1.5564,5,9,6,35.0,0.1538,2026-05-25 12:38:08
0057,Regional Championship Curitiba,2026-03-14,regional,,1447,SVI-ASC,Crustle,crustle-dri,crustle,23,1.59,124,73,31,58.92,0.0,0.0,0.0,23,1.5895,97,48,27,61.6279,11,4.2802,27,25,4,50.5952,0.4783,2026-05-25 12:38:08
0057,Regional Championship Curitiba,2026-03-14,regional,,1447,SVI-ASC,Flareon Noctowl,flareon-noctowl,"flareon, noctowl",23,1.59,41,84,25,32.89,0.0,0.0,0.0,23,1.5895,41,84,25,32.8889,0,0.0,0,0,0,0.0,0.0,2026-05-25 12:38:08
0057,Regional Championship Curitiba,2026-03-14,regional,,1447,SVI-ASC,Tera Box,tera-box,"noctowl, ogerpon-wellspring",21,1.45,70,79,20,45.36,0.0,0.0,0.0,21,1.4513,59,74,16,43.1767,4,1.5564,11,5,4,61.6667,0.1905,2026-05-25 12:38:08
0057,Regional Championship Curitiba,2026-03-14,regional,,1447,SVI-ASC,Mega Venusaur,mega-venusaur-ex,venusaur-mega,17,1.17,41,58,17,40.23,0.0,0.0,0.0,17,1.1748,40,55,16,40.8408,1,0.3891,1,3,1,26.6667,0.0588,2026-05-25 12:38:08
0057,Regional Championship Curitiba,2026-03-14,regional,,1447,SVI-ASC,Kangaskhan Bouffalant,kangaskhan-bouffalant,"kangaskhan-mega, bouffalant",15,1.04,44,52,22,43.5,0.0,0.0,0.0,15,1.0366,42,50,21,43.3628,1,0.3891,2,2,1,46.6667,0.0667,2026-05-25 12:38:08
0057,Regional Championship Curitiba,2026-03-14,regional,,1447,SVI-ASC,Lucario Hariyama,lucario-hariyama,"lucario-mega, hariyama",14,0.97,35,53,14,38.89,0.0,0.0,0.0,14,0.9675,35,53,14,38.8889,0,0.0,0,0,0,0.0,0.0,2026-05-25 12:38:08
0057,Regional Championship Curitiba,2026-03-14,regional,,1447,SVI-ASC,Rocket's Mewtwo,rocket-mewtwo-ex,"mewtwo, spidops",12,0.83,26,47,9,35.37,0.0,0.0,0.0,12,0.8293,26,47,9,35.3659,0,0.0,0,0,0,0.0,0.0,2026-05-25 12:38:08
0057,Regional Championship Curitiba,2026-03-14,regional,,1447,SVI-ASC,Slowking,slowking-scr,slowking,12,0.83,34,46,13,41.22,0.0,0.0,0.0,12,0.8293,33,43,12,42.0455,1,0.3891,1,3,1,26.6667,0.0833,2026-05-25 12:38:08
0057,Regional Championship Curitiba,2026-03-14,regional,,1447,SVI-ASC,Other,other,substitute,11,0.76,32,45,8,40.78,0.0,0.0,0.0,11,0.7602,31,41,8,42.0833,1,0.3891,1,4,0,20.0,0.0909,2026-05-25 12:38:08
0057,Regional Championship Curitiba,2026-03-14,regional,,1447,SVI-ASC,Cynthia's Garchomp,cynthia-garchomp-ex,garchomp,10,0.69,27,36,16,40.93,0.0,0.0,0.0,10,0.6911,27,33,14,42.7928,1,0.3891,0,3,2,13.3333,0.1,2026-05-25 12:38:08
0057,Regional Championship Curitiba,2026-03-14,regional,,1447,SVI-ASC,Festival Lead,festival-lead,"dipplin, thwackey",10,0.69,40,36,11,50.19,0.0,0.0,0.0,10,0.6911,34,30,8,50.9259,3,1.1673,6,6,3,46.6667,0.3,2026-05-25 12:38:08
0057,Regional Championship Curitiba,2026-03-14,regional,,1447,SVI-ASC,Greninja,greninja-ex,greninja,7,0.48,26,29,4,46.33,0.0,0.0,0.0,7,0.4838,21,24,4,45.5782,2,0.7782,5,5,0,50.0,0.2857,2026-05-25 12:38:08
0057,Regional Championship Curitiba,2026-03-14,regional,,1447,SVI-ASC,Rocket's Honchkrow,rockets-honchkrow,"honchkrow, porygon2",6,0.41,8,14,8,35.56,0.0,0.0,0.0,6,0.4147,8,14,8,35.5556,0,0.0,0,0,0,0.0,0.0,2026-05-25 12:38:08
0057,Regional Championship Curitiba,2026-03-14,regional,,1447,SVI-ASC,Ethan's Typhlosion,ethan-typhlosion,typhlosion,5,0.35,10,17,5,36.46,0.0,0.0,0.0,5,0.3455,7,15,5,32.0988,1,0.3891,3,2,0,60.0,0.2,2026-05-25 12:38:08
0057,Regional Championship Curitiba,2026-03-14,regional,,1447,SVI-ASC,Ogerpon Meganium,ogerpon-meganium,"ogerpon, meganium",5,0.35,20,20,9,46.94,0.0,0.0,0.0,5,0.3455,17,12,5,54.902,3,1.1673,3,8,4,28.8889,0.6,2026-05-25 12:38:08
0057,Regional Championship Curitiba,2026-03-14,regional,,1447,SVI-ASC,Dragonite Eelektrik,dragonite-eelektrik,"dragonite-mega, eelektrik",4,0.28,4,17,3,20.83,0.0,0.0,0.0,4,0.2764,4,17,3,20.8333,0,0.0,0,0,0,0.0,0.0,2026-05-25 12:38:08
0057,Regional Championship Curitiba,2026-03-14,regional,,1447,SVI-ASC,Mega Dragonite,mega-dragonite-ex,dragonite-mega,4,0.28,6,17,7,27.78,0.0,0.0,0.0,4,0.2764,6,17,7,27.7778,0,0.0,0,0,0,0.0,0.0,2026-05-25 12:38:08
0057,Regional Championship Curitiba,2026-03-14,regional,,1447,SVI-ASC,Mega Lucario,mega-lucario-ex,lucario-mega,4,0.28,10,15,4,39.08,0.0,0.0,0.0,4,0.2764,10,15,4,39.0805,0,0.0,0,0,0,0.0,0.0,2026-05-25 12:38:08
0057,Regional Championship Curitiba,2026-03-14,regional,,1447,SVI-ASC,Ursaluna Lunatone,ursaluna-lunatone,"ursaluna-bloodmoon, lunatone",4,0.28,15,12,5,52.08,0.0,0.0,0.0,4,0.2764,15,12,5,52.0833,0,0.0,0,0,0,0.0,0.0,2026-05-25 12:38:08
0057,Regional Championship Curitiba,2026-03-14,regional,,1447,SVI-ASC,Dragapult,dragapult-ex,dragapult,3,0.21,16,10,3,58.62,0.0,0.0,0.0,3,0.2073,12,9,3,54.1667,1,0.3891,4,1,0,80.0,0.3333,2026-05-25 12:38:08
0057,Regional Championship Curitiba,2026-03-14,regional,,1447,SVI-ASC,Feraligatr,feraligatr-tef,feraligatr,3,0.21,5,12,2,29.82,0.0,0.0,0.0,3,0.2073,5,12,2,29.8246,0,0.0,0,0,0,0.0,0.0,2026-05-25 12:38:08
0057,Regional Championship Curitiba,2026-03-14,regional,,1447,SVI-ASC,Ho-Oh Armarouge,ho-oh-armarouge,"ho-oh, armarouge",3,0.21,4,13,3,25.0,0.0,0.0,0.0,3,0.2073,4,13,3,25.0,0,0.0,0,0,0,0.0,0.0,2026-05-25 12:38:08
0057,Regional Championship Curitiba,2026-03-14,regional,,1447,SVI-ASC,Hop's Zacian,hop-zacian,"zacian-crowned, snorlax",3,0.21,9,9,5,46.38,0.0,0.0,0.0,3,0.2073,9,9,5,46.3768,0,0.0,0,0,0,0.0,0.0,2026-05-25 12:38:08
0057,Regional Championship Curitiba,2026-03-14,regional,,1447,SVI-ASC,Hydreigon,hydreigon-ex,hydreigon,3,0.21,7,11,3,38.1,0.0,0.0,0.0,3,0.2073,7,11,3,38.0952,0,0.0,0,0,0,0.0,0.0,2026-05-25 12:38:08
0057,Regional Championship Curitiba,2026-03-14,regional,,1447,SVI-ASC,Mega Abomasnow,mega-abomasnow-ex,abomasnow-mega,3,0.21,4,11,1,27.08,0.0,0.0,0.0,3,0.2073,4,11,1,27.0833,0,0.0,0,0,0,0.0,0.0,2026-05-25 12:38:08
0057,Regional Championship Curitiba,2026-03-14,regional,,1447,SVI-ASC,Yanmega,yanmega-ex,yanmega,3,0.21,4,9,6,31.58,0.0,0.0,0.0,3,0.2073,4,9,6,31.5789,0,0.0,0,0,0,0.0,0.0,2026-05-25 12:38:08
0057,Regional Championship Curitiba,2026-03-14,regional,,1447,SVI-ASC,Dragapult Blaziken,dragapult-blaziken,"dragapult, blaziken",2,0.14,12,7,2,60.32,0.0,0.0,0.0,2,0.1382,11,5,0,68.75,1,0.3891,1,2,2,33.3333,0.5,2026-05-25 12:38:08
0057,Regional Championship Curitiba,2026-03-14,regional,,1447,SVI-ASC,Espathra Xatu,espathra-xatu,"espathra, xatu",2,0.14,6,7,3,43.75,0.0,0.0,0.0,2,0.1382,6,7,3,43.75,0,0.0,0,0,0,0.0,0.0,2026-05-25 12:38:08
0057,Regional Championship Curitiba,2026-03-14,regional,,1447,SVI-ASC,Gholdengo,gholdengo-ex,gholdengo,2,0.14,4,9,1,30.95,0.0,0.0,0.0,2,0.1382,4,9,1,30.9524,0,0.0,0,0,0,0.0,0.0,2026-05-25 12:38:08
0057,Regional Championship Curitiba,2026-03-14,regional,,1447,SVI-ASC,Iron Hands Magneton,iron-hands-magneton,"iron-hands, magneton",2,0.14,4,7,0,36.36,0.0,0.0,0.0,2,0.1382,4,7,0,36.3636,0,0.0,0,0,0,0.0,0.0,2026-05-25 12:38:08
0057,Regional Championship Curitiba,2026-03-14,regional,,1447,SVI-ASC,Kangaskhan Forretress,kangaskhan-forretress,"kangaskhan-mega, forretress",2,0.14,6,8,1,42.22,0.0,0.0,0.0,2,0.1382,6,8,1,42.2222,0,0.0,0,0,0,0.0,0.0,2026-05-25 12:38:08
0057,Regional Championship Curitiba,2026-03-14,regional,,1447,SVI-ASC,Lopunny Dusknoir,lopunny-dusknoir,"lopunny-mega, dusknoir",2,0.14,6,8,1,42.22,0.0,0.0,0.0,2,0.1382,6,8,1,42.2222,0,0.0,0,0,0,0.0,0.0,2026-05-25 12:38:08
0057,Regional Championship Curitiba,2026-03-14,regional,,1447,SVI-ASC,Sharpedo Toxtricity,sharpedo-toxtricity,"sharpedo-mega, toxtricity",2,0.14,3,9,0,25.0,0.0,0.0,0.0,2,0.1382,3,9,0,25.0,0,0.0,0,0,0,0.0,0.0,2026-05-25 12:38:08
0057,Regional Championship Curitiba,2026-03-14,regional,,1447,SVI-ASC,Steven's Metagross,stevens-metagross,metagross,2,0.14,1,10,4,15.56,0.0,0.0,0.0,2,0.1382,1,10,4,15.5556,0,0.0,0,0,0,0.0,0.0,2026-05-25 12:38:08
0057,Regional Championship Curitiba,2026-03-14,regional,,1447,SVI-ASC,Alakazam,alakazam-ex,alakazam,1,0.07,1,5,2,20.83,0.0,0.0,0.0,1,0.0691,1,5,2,20.8333,0,0.0,0,0,0,0.0,0.0,2026-05-25 12:38:08
0057,Regional Championship Curitiba,2026-03-14,regional,,1447,SVI-ASC,Archaludon,archaludon-ex,archaludon,1,0.07,2,4,2,33.33,0.0,0.0,0.0,1,0.0691,2,4,2,33.3333,0,0.0,0,0,0,0.0,0.0,2026-05-25 12:38:08
0057,Regional Championship Curitiba,2026-03-14,regional,,1447,SVI-ASC,Blaziken Zoroark,blaziken-zoroark,"blaziken, zoroark",1,0.07,2,4,0,33.33,0.0,0.0,0.0,1,0.0691,2,4,0,33.3333,0,0.0,0,0,0,0.0,0.0,2026-05-25 12:38:08
0057,Regional Championship Curitiba,2026-03-14,regional,,1447,SVI-ASC,Conkeldurr,conkeldurr-twm,conkeldurr,1,0.07,1,4,2,23.81,0.0,0.0,0.0,1,0.0691,1,4,2,23.8095,0,0.0,0,0,0,0.0,0.0,2026-05-25 12:38:08
0057,Regional Championship Curitiba,2026-03-14,regional,,1447,SVI-ASC,Dragapult Froslass,dragapult-froslass,"dragapult, froslass",1,0.07,3,4,1,41.67,0.0,0.0,0.0,1,0.0691,3,4,1,41.6667,0,0.0,0,0,0,0.0,0.0,2026-05-25 12:38:08
0057,Regional Championship Curitiba,2026-03-14,regional,,1447,SVI-ASC,Ethan's Magcargo,ethan-magcargo,"magcargo, ho-oh",1,0.07,4,3,1,54.17,0.0,0.0,0.0,1,0.0691,4,3,1,54.1667,0,0.0,0,0,0,0.0,0.0,2026-05-25 12:38:08
0057,Regional Championship Curitiba,2026-03-14,regional,,1447,SVI-ASC,Future Box,future-box,"miraidon, iron-crown",1,0.07,7,5,1,56.41,0.0,0.0,0.0,1,0.0691,5,2,1,66.6667,1,0.3891,2,3,0,40.0,1.0,2026-05-25 12:38:08
0057,Regional Championship Curitiba,2026-03-14,regional,,1447,SVI-ASC,Gholdengo Joltik Box,gholdengo-joltik-box,"gholdengo, joltik",1,0.07,2,4,2,33.33,0.0,0.0,0.0,1,0.0691,2,4,2,33.3333,0,0.0,0,0,0,0.0,0.0,2026-05-25 12:38:08
0057,Regional Championship Curitiba,2026-03-14,regional,,1447,SVI-ASC,Greninja Froslass,greninja-froslass,"greninja, froslass",1,0.07,4,2,2,58.33,0.0,0.0,0.0,1,0.0691,4,2,2,58.3333,0,0.0,0,0,0,0.0,0.0,2026-05-25 12:38:08
0057,Regional Championship Curitiba,2026-03-14,regional,,1447,SVI-ASC,Iron Thorns Crustle,iron-thorns-crustle,"iron-thorns, crustle",1,0.07,1,4,3,25.0,0.0,0.0,0.0,1,0.0691,1,4,3,25.0,0,0.0,0,0,0,0.0,0.0,2026-05-25 12:38:08
0057,Regional Championship Curitiba,2026-03-14,regional,,1447,SVI-ASC,Iron Valiant,iron-valiant-ex,iron-valiant,1,0.07,3,4,1,41.67,0.0,0.0,0.0,1,0.0691,3,4,1,41.6667,0,0.0,0,0,0,0.0,0.0,2026-05-25 12:38:08
0057,Regional Championship Curitiba,2026-03-14,regional,,1447,SVI-ASC,Mega Charizard X,mega-charizard-x-ex,charizard-mega-x,1,0.07,4,4,0,50.0,0.0,0.0,0.0,1,0.0691,4,4,0,50.0,0,0.0,0,0,0,0.0,0.0,2026-05-25 12:38:08
0057,Regional Championship Curitiba,2026-03-14,regional,,1447,SVI-ASC,Mega Froslass,mega-froslass-ex,froslass-mega,1,0.07,3,4,1,41.67,0.0,0.0,0.0,1,0.0691,3,4,1,41.6667,0,0.0,0,0,0,0.0,0.0,2026-05-25 12:38:08
0057,Regional Championship Curitiba,2026-03-14,regional,,1447,SVI-ASC,Mega Sharpedo,mega-sharpedo-ex,sharpedo-mega,1,0.07,2,6,0,25.0,0.0,0.0,0.0,1,0.0691,2,6,0,25.0,0,0.0,0,0,0,0.0,0.0,2026-05-25 12:38:08
0057,Regional Championship Curitiba,2026-03-14,regional,,1447,SVI-ASC,Okidogi,okidogi-ex,okidogi,1,0.07,3,5,0,37.5,0.0,0.0,0.0,1,0.0691,3,5,0,37.5,0,0.0,0,0,0,0.0,0.0,2026-05-25 12:38:08
0057,Regional Championship Curitiba,2026-03-14,regional,,1447,SVI-ASC,Pidgeot Control,pidgeot-control,pidgeot,1,0.07,3,4,1,41.67,0.0,0.0,0.0,1,0.0691,3,4,1,41.6667,0,0.0,0,0,0,0.0,0.0,2026-05-25 12:38:08
0057,Regional Championship Curitiba,2026-03-14,regional,,1447,SVI-ASC,Rocket's Spidops,rocket-spidops,spidops,1,0.07,2,5,0,28.57,0.0,0.0,0.0,1,0.0691,2,5,0,28.5714,0,0.0,0,0,0,0.0,0.0,2026-05-25 12:38:08
0057,Regional Championship Curitiba,2026-03-14,regional,,1447,SVI-ASC,Slaking,slaking-ex,slaking,1,0.07,3,4,1,41.67,0.0,0.0,0.0,1,0.0691,3,4,1,41.6667,0,0.0,0,0,0,0.0,0.0,2026-05-25 12:38:08
0057,Regional Championship Curitiba,2026-03-14,regional,,1447,SVI-ASC,Terapagos Noctowl,terapagos-noctowl,"terapagos, noctowl",1,0.07,2,5,1,29.17,0.0,0.0,0.0,1,0.0691,2,5,1,29.1667,0,0.0,0,0,0,0.0,0.0,2026-05-25 12:38:08
0057,Regional Championship Curitiba,2026-03-14,regional,,1447,SVI-ASC,Toedscruel Ogerpon,toedscruel-ex,"toedscruel, ogerpon",1,0.07,4,3,1,54.17,0.0,0.0,0.0,1,0.0691,4,3,1,54.1667,0,0.0,0,0,0,0.0,0.0,2026-05-25 12:38:08
0057,Regional Championship Curitiba,2026-03-14,regional,,1447,SVI-ASC,United Wings,united-wings,"murkrow, flamigo",1,0.07,1,5,0,16.67,0.0,0.0,0.0,1,0.0691,1,5,0,16.6667,0,0.0,0,0,0,0.0,0.0,2026-05-25 12:38:08
0057,Regional Championship Curitiba,2026-03-14,regional,,1447,SVI-ASC,Wugtrio Mill,wugtrio-svi,wugtrio,1,0.07,0,1,0,0.0,0.0,0.0,0.0,1,0.0691,0,1,0,0.0,0,0.0,0,0,0,0.0,0.0,2026-05-25 12:38:08
0058,Regional Championship Houston,2026-03-21,regional,,2633,SVI-ASC,Dragapult Dusknoir,dragapult-dusknoir,"dragapult, dusknoir",417,15.84,1471,1415,430,48.68,0.0,0.0,0.0,417,15.8374,1241,1198,384,48.4945,83,17.364,230,217,46,49.7634,0.199,2026-05-25 12:38:08
0058,Regional Championship Houston,2026-03-21,regional,,2633,SVI-ASC,N's Zoroark,n-zoroark,zoroark,274,10.41,928,898,342,48.06,0.0,0.0,0.0,274,10.4064,779,759,289,47.911,57,11.9247,149,139,53,48.8759,0.208,2026-05-25 12:38:08
0058,Regional Championship Houston,2026-03-21,regional,,2633,SVI-ASC,Gholdengo Lunatone,gholdengo-lunatone,"gholdengo, lunatone",216,8.2,721,722,254,47.48,0.0,0.0,0.0,216,8.2036,638,610,208,48.5806,40,8.3682,83,112,46,40.8022,0.1852,2026-05-25 12:38:08
0058,Regional Championship Houston,2026-03-21,regional,,2633,SVI-ASC,Gardevoir,gardevoir-ex-sv,gardevoir,174,6.61,747,564,236,53.37,0.0,0.0,0.0,174,6.6084,624,440,191,54.7942,49,10.251,123,124,45,47.2603,0.2816,2026-05-25 12:38:08
0058,Regional Championship Houston,2026-03-21,regional,,2633,SVI-ASC,Grimmsnarl Froslass,grimmsnarl-froslass,"grimmsnarl, froslass",149,5.66,666,465,220,54.72,0.0,0.0,0.0,149,5.6589,515,355,171,54.9472,52,10.8787,151,110,49,53.9785,0.349,2026-05-25 12:38:08
0058,Regional Championship Houston,2026-03-21,regional,,2633,SVI-ASC,Charizard Noctowl,charizard-noctowl,"charizard, noctowl",108,4.1,346,364,111,46.65,0.0,0.0,0.0,108,4.1018,305,320,100,46.6667,17,3.5565,41,44,11,46.5278,0.1574,2026-05-25 12:38:08
0058,Regional Championship Houston,2026-03-21,regional,,2633,SVI-ASC,Mega Absol Box,mega-absol-box,"absol-mega, kangaskhan-mega",108,4.1,348,367,131,46.3,0.0,0.0,0.0,108,4.1018,284,317,115,45.0186,21,4.3933,64,50,16,53.3333,0.1944,2026-05-25 12:38:08
0058,Regional Championship Houston,2026-03-21,regional,,2633,SVI-ASC,Raging Bolt Ogerpon,raging-bolt-ogerpon,"raging-bolt, ogerpon",105,3.99,348,349,125,47.4,0.0,0.0,0.0,105,3.9878,311,303,106,48.1019,17,3.5565,37,46,19,42.4837,0.1619,2026-05-25 12:38:08
0058,Regional Championship Houston,2026-03-21,regional,,2633,SVI-ASC,Ceruledge,ceruledge-ex,ceruledge,85,3.23,238,282,71,44.28,0.0,0.0,0.0,85,3.2283,231,266,67,44.9173,6,1.2552,7,16,4,30.8642,0.0706,2026-05-25 12:38:08
0058,Regional Championship Houston,2026-03-21,regional,,2633,SVI-ASC,Joltik Box,joltik-box,"joltik, pikachu",80,3.04,355,281,69,53.62,0.0,0.0,0.0,80,3.0384,301,233,59,54.0753,19,3.9749,54,48,10,51.1905,0.2375,2026-05-25 12:38:08
0058,Regional Championship Houston,2026-03-21,regional,,2633,SVI-ASC,Crustle,crustle-dri,crustle,60,2.28,295,217,69,54.73,0.0,0.0,0.0,60,2.2788,237,156,54,57.047,23,4.8117,58,61,15,47.0149,0.3833,2026-05-25 12:38:08
0058,Regional Championship Houston,2026-03-21,regional,,2633,SVI-ASC,Froslass Munkidori,froslass-munkidori,"froslass, munkidori",60,2.28,282,184,89,56.16,0.0,0.0,0.0,60,2.2788,220,144,72,55.9633,19,3.9749,62,40,17,56.8627,0.3167,2026-05-25 12:38:08
0058,Regional Championship Houston,2026-03-21,regional,,2633,SVI-ASC,Charizard Pidgeot,charizard-pidgeot,"charizard, pidgeot",55,2.09,195,184,75,48.46,0.0,0.0,0.0,55,2.0889,169,155,64,49.055,11,2.3013,26,29,11,44.9495,0.2,2026-05-25 12:38:08
0058,Regional Championship Houston,2026-03-21,regional,,2633,SVI-ASC,Alakazam Dudunsparce,alakazam-dudunsparce,"alakazam, dudunsparce",53,2.01,166,169,58,47.16,0.0,0.0,0.0,53,2.0129,160,157,52,48.0578,4,0.8368,6,12,6,33.3333,0.0755,2026-05-25 12:38:08
0058,Regional Championship Houston,2026-03-21,regional,,2633,SVI-ASC,Gardevoir Jellicent,gardevoir-jellicent,"gardevoir, jellicent",53,2.01,136,169,74,42.39,0.0,0.0,0.0,53,2.0129,122,159,68,41.4518,5,1.046,14,10,6,53.3333,0.0943,2026-05-25 12:38:08
0058,Regional Championship Houston,2026-03-21,regional,,2633,SVI-ASC,Tera Box,tera-box,"noctowl, ogerpon-wellspring",46,1.75,161,164,40,47.76,0.0,0.0,0.0,46,1.7471,145,142,38,48.5128,7,1.4644,16,22,2,41.6667,0.1522,2026-05-25 12:38:08
0058,Regional Championship Houston,2026-03-21,regional,,2633,SVI-ASC,Dragapult Charizard,dragapult-charizard,"dragapult, charizard",43,1.63,120,147,58,42.87,0.0,0.0,0.0,43,1.6331,107,132,53,42.6941,6,1.2552,13,15,5,44.4444,0.1395,2026-05-25 12:38:08
0058,Regional Championship Houston,2026-03-21,regional,,2633,SVI-ASC,Flareon Noctowl,flareon-noctowl,"flareon, noctowl",37,1.41,93,129,36,40.7,0.0,0.0,0.0,37,1.4052,85,122,33,40.0,3,0.6276,8,7,3,50.0,0.0811,2026-05-25 12:38:08
0058,Regional Championship Houston,2026-03-21,regional,,2633,SVI-ASC,Mega Venusaur,mega-venusaur-ex,venusaur-mega,37,1.41,61,144,35,30.28,0.0,0.0,0.0,37,1.4052,59,137,32,30.5556,2,0.4184,2,7,3,25.0,0.0541,2026-05-25 12:38:08
0058,Regional Championship Houston,2026-03-21,regional,,2633,SVI-ASC,Kangaskhan Bouffalant,kangaskhan-bouffalant,"kangaskhan-mega, bouffalant",32,1.22,117,100,42,50.58,0.0,0.0,0.0,32,1.2153,98,82,37,50.8449,7,1.4644,19,18,5,49.2063,0.2188,2026-05-25 12:38:08
0058,Regional Championship Houston,2026-03-21,regional,,2633,SVI-ASC,Cynthia's Garchomp,cynthia-garchomp-ex,garchomp,31,1.18,61,108,27,35.71,0.0,0.0,0.0,31,1.1774,61,108,27,35.7143,0,0.0,0,0,0,0.0,0.0,2026-05-25 12:38:08
0058,Regional Championship Houston,2026-03-21,regional,,2633,SVI-ASC,Lucario Hariyama,lucario-hariyama,"lucario-mega, hariyama",28,1.06,64,90,22,40.53,0.0,0.0,0.0,28,1.0634,59,90,21,38.8235,1,0.2092,5,0,1,88.8889,0.0357,2026-05-25 12:38:08
0058,Regional Championship Houston,2026-03-21,regional,,2633,SVI-ASC,Iron Hands Magneton,iron-hands-magneton,"iron-hands, magneton",24,0.91,74,84,12,45.88,0.0,0.0,0.0,24,0.9115,71,76,11,47.2574,2,0.4184,3,8,1,27.7778,0.0833,2026-05-25 12:38:08
0058,Regional Championship Houston,2026-03-21,regional,,2633,SVI-ASC,Ogerpon Meganium,ogerpon-meganium,"ogerpon, meganium",24,0.91,57,81,20,40.3,0.0,0.0,0.0,24,0.9115,52,76,18,39.726,2,0.4184,5,5,2,47.2222,0.0833,2026-05-25 12:38:08
0058,Regional Championship Houston,2026-03-21,regional,,2633,SVI-ASC,Other,other,substitute,23,0.87,41,73,19,35.59,0.0,0.0,0.0,23,0.8735,36,68,17,34.4353,2,0.4184,5,5,2,47.2222,0.087,2026-05-25 12:38:08
0058,Regional Championship Houston,2026-03-21,regional,,2633,SVI-ASC,Slowking,slowking-scr,slowking,23,0.87,59,84,19,40.33,0.0,0.0,0.0,23,0.8735,54,69,19,42.4883,4,0.8368,5,15,0,25.0,0.1739,2026-05-25 12:38:08
0058,Regional Championship Houston,2026-03-21,regional,,2633,SVI-ASC,Greninja,greninja-ex,greninja,21,0.8,45,71,13,38.24,0.0,0.0,0.0,21,0.7976,45,71,13,38.2429,0,0.0,0,0,0,0.0,0.0,2026-05-25 12:38:08
0058,Regional Championship Houston,2026-03-21,regional,,2633,SVI-ASC,Festival Lead,festival-lead,"dipplin, thwackey",20,0.76,78,72,21,49.71,0.0,0.0,0.0,20,0.7596,69,59,19,51.2472,4,0.8368,9,13,2,40.2778,0.2,2026-05-25 12:38:08
0058,Regional Championship Houston,2026-03-21,regional,,2633,SVI-ASC,Rocket's Honchkrow,rockets-honchkrow,"honchkrow, porygon2",18,0.68,49,57,21,44.09,0.0,0.0,0.0,18,0.6836,46,55,20,43.5262,1,0.2092,3,2,1,55.5556,0.0556,2026-05-25 12:38:08
0058,Regional Championship Houston,2026-03-21,regional,,2633,SVI-ASC,Dragonite Eelektrik,dragonite-eelektrik,"dragonite-mega, eelektrik",16,0.61,21,51,17,29.96,0.0,0.0,0.0,16,0.6077,21,51,17,29.9625,0,0.0,0,0,0,0.0,0.0,2026-05-25 12:38:08
0058,Regional Championship Houston,2026-03-21,regional,,2633,SVI-ASC,Rocket's Mewtwo,rocket-mewtwo-ex,"mewtwo, spidops",16,0.61,30,49,23,36.93,0.0,0.0,0.0,16,0.6077,29,45,22,37.8472,1,0.2092,1,4,1,22.2222,0.0625,2026-05-25 12:38:08
0058,Regional Championship Houston,2026-03-21,regional,,2633,SVI-ASC,Hydrapple Ogerpon,hydrapple-ogerpon,"hydrapple, ogerpon",15,0.57,28,45,20,37.28,0.0,0.0,0.0,15,0.5697,28,45,20,37.276,0,0.0,0,0,0,0.0,0.0,2026-05-25 12:38:08
0058,Regional Championship Houston,2026-03-21,regional,,2633,SVI-ASC,Ethan's Typhlosion,ethan-typhlosion,typhlosion,13,0.49,40,51,15,42.45,0.0,0.0,0.0,13,0.4937,35,38,15,45.4545,3,0.6276,5,13,0,27.7778,0.2308,2026-05-25 12:38:08
0058,Regional Championship Houston,2026-03-21,regional,,2633,SVI-ASC,Lopunny Dusknoir,lopunny-dusknoir,"lopunny-mega, dusknoir",13,0.49,31,42,4,41.99,0.0,0.0,0.0,13,0.4937,31,42,4,41.9913,0,0.0,0,0,0,0.0,0.0,2026-05-25 12:38:08
0058,Regional Championship Houston,2026-03-21,regional,,2633,SVI-ASC,Gholdengo,gholdengo-ex,gholdengo,10,0.38,24,36,7,39.3,0.0,0.0,0.0,10,0.3798,24,36,7,39.3035,0,0.0,0,0,0,0.0,0.0,2026-05-25 12:38:08
0058,Regional Championship Houston,2026-03-21,regional,,2633,SVI-ASC,Sharpedo Toxtricity,sharpedo-toxtricity,"sharpedo-mega, toxtricity",10,0.38,21,35,8,36.98,0.0,0.0,0.0,10,0.3798,21,35,8,36.9792,0,0.0,0,0,0,0.0,0.0,2026-05-25 12:38:08
0058,Regional Championship Houston,2026-03-21,regional,,2633,SVI-ASC,Conkeldurr,conkeldurr-twm,conkeldurr,8,0.3,20,26,4,42.67,0.0,0.0,0.0,8,0.3038,18,22,4,43.9394,1,0.2092,2,4,0,33.3333,0.125,2026-05-25 12:38:08
0058,Regional Championship Houston,2026-03-21,regional,,2633,SVI-ASC,Gholdengo Joltik Box,gholdengo-joltik-box,"gholdengo, joltik",8,0.3,17,28,4,37.41,0.0,0.0,0.0,8,0.3038,17,28,4,37.415,0,0.0,0,0,0,0.0,0.0,2026-05-25 12:38:08
0058,Regional Championship Houston,2026-03-21,regional,,2633,SVI-ASC,Ursaluna Lunatone,ursaluna-lunatone,"ursaluna-bloodmoon, lunatone",8,0.3,26,23,15,48.44,0.0,0.0,0.0,8,0.3038,23,18,11,51.2821,2,0.4184,3,5,4,36.1111,0.25,2026-05-25 12:38:08
0058,Regional Championship Houston,2026-03-21,regional,,2633,SVI-ASC,Ho-Oh Armarouge,ho-oh-armarouge,"ho-oh, armarouge",7,0.27,28,22,15,50.77,0.0,0.0,0.0,7,0.2659,24,18,11,52.2013,2,0.4184,4,4,4,44.4444,0.2857,2026-05-25 12:38:08
0058,Regional Championship Houston,2026-03-21,regional,,2633,SVI-ASC,Alakazam,alakazam-meg,alakazam,6,0.23,25,28,4,46.2,0.0,0.0,0.0,6,0.2279,20,16,3,53.8462,3,0.6276,5,12,1,29.6296,0.5,2026-05-25 12:38:08
0058,Regional Championship Houston,2026-03-21,regional,,2633,SVI-ASC,Rocket's Spidops,rocket-spidops,spidops,5,0.19,9,20,3,31.25,0.0,0.0,0.0,5,0.1899,9,20,3,31.25,0,0.0,0,0,0,0.0,0.0,2026-05-25 12:38:08
0058,Regional Championship Houston,2026-03-21,regional,,2633,SVI-ASC,Hydreigon,hydreigon-ex,hydreigon,4,0.15,8,16,1,33.33,0.0,0.0,0.0,4,0.1519,8,16,1,33.3333,0,0.0,0,0,0,0.0,0.0,2026-05-25 12:38:08
0058,Regional Championship Houston,2026-03-21,regional,,2633,SVI-ASC,Manectric Eelektrik,manectric-eelektrik,"manectric-mega, eelektrik",4,0.15,5,15,3,26.09,0.0,0.0,0.0,4,0.1519,5,15,3,26.087,0,0.0,0,0,0,0.0,0.0,2026-05-25 12:38:08
0058,Regional Championship Houston,2026-03-21,regional,,2633,SVI-ASC,Marnie's Grimmsnarl,marnie-grimmsnarl-ex,grimmsnarl,4,0.15,2,13,2,15.69,0.0,0.0,0.0,4,0.1519,2,13,2,15.6863,0,0.0,0,0,0,0.0,0.0,2026-05-25 12:38:08
0058,Regional Championship Houston,2026-03-21,regional,,2633,SVI-ASC,Mega Dragonite,mega-dragonite-ex,dragonite-mega,4,0.15,6,20,2,23.81,0.0,0.0,0.0,4,0.1519,6,20,2,23.8095,0,0.0,0,0,0,0.0,0.0,2026-05-25 12:38:08
0058,Regional Championship Houston,2026-03-21,regional,,2633,SVI-ASC,Mega Manectric,mega-manectric-ex-meg,manectric-mega,4,0.15,7,17,1,29.33,0.0,0.0,0.0,4,0.1519,7,17,1,29.3333,0,0.0,0,0,0,0.0,0.0,2026-05-25 12:38:08
0058,Regional Championship Houston,2026-03-21,regional,,2633,SVI-ASC,Poison Archaludon,poison-archaludon,"archaludon, brute-bonnet",4,0.15,7,18,3,28.57,0.0,0.0,0.0,4,0.1519,7,18,3,28.5714,0,0.0,0,0,0,0.0,0.0,2026-05-25 12:38:08
0058,Regional Championship Houston,2026-03-21,regional,,2633,SVI-ASC,Clefairy Ogerpon,clefairy-ogerpon,"clefairy, ogerpon",3,0.11,7,12,1,36.67,0.0,0.0,0.0,3,0.1139,7,12,1,36.6667,0,0.0,0,0,0,0.0,0.0,2026-05-25 12:38:08
0058,Regional Championship Houston,2026-03-21,regional,,2633,SVI-ASC,Dragapult Blaziken,dragapult-blaziken,"dragapult, blaziken",3,0.11,4,10,3,29.41,0.0,0.0,0.0,3,0.1139,4,10,3,29.4118,0,0.0,0,0,0,0.0,0.0,2026-05-25 12:38:08
0058,Regional Championship Houston,2026-03-21,regional,,2633,SVI-ASC,Mega Abomasnow,mega-abomasnow-ex,abomasnow-mega,3,0.11,1,12,2,11.11,0.0,0.0,0.0,3,0.1139,1,12,2,11.1111,0,0.0,0,0,0,0.0,0.0,2026-05-25 12:38:08
0058,Regional Championship Houston,2026-03-21,regional,,2633,SVI-ASC,Mega Lucario,mega-lucario-ex,lucario-mega,3,0.11,9,9,5,46.38,0.0,0.0,0.0,3,0.1139,9,9,5,46.3768,0,0.0,0,0,0,0.0,0.0,2026-05-25 12:38:08
0058,Regional Championship Houston,2026-03-21,regional,,2633,SVI-ASC,Okidogi,okidogi-ex,okidogi,3,0.11,5,12,3,30.0,0.0,0.0,0.0,3,0.1139,5,12,3,30.0,0,0.0,0,0,0,0.0,0.0,2026-05-25 12:38:08
0058,Regional Championship Houston,2026-03-21,regional,,2633,SVI-ASC,Palafin,palafin-ex,palafin-hero,3,0.11,8,13,1,37.88,0.0,0.0,0.0,3,0.1139,8,13,1,37.8788,0,0.0,0,0,0,0.0,0.0,2026-05-25 12:38:08
0058,Regional Championship Houston,2026-03-21,regional,,2633,SVI-ASC,Pidgeot Control,pidgeot-control,pidgeot,3,0.11,3,10,0,23.08,0.0,0.0,0.0,3,0.1139,3,10,0,23.0769,0,0.0,0,0,0,0.0,0.0,2026-05-25 12:38:08
0058,Regional Championship Houston,2026-03-21,regional,,2633,SVI-ASC,Steven's Metagross,stevens-metagross,metagross,3,0.11,1,12,5,14.81,0.0,0.0,0.0,3,0.1139,1,12,5,14.8148,0,0.0,0,0,0,0.0,0.0,2026-05-25 12:38:08
0058,Regional Championship Houston,2026-03-21,regional,,2633,SVI-ASC,Yanmega,yanmega-ex,yanmega,3,0.11,11,8,6,52.0,0.0,0.0,0.0,3,0.1139,8,6,5,50.8772,1,0.2092,3,2,1,55.5556,0.3333,2026-05-25 12:38:08
0058,Regional Championship Houston,2026-03-21,regional,,2633,SVI-ASC,Archaludon,archaludon-ex,archaludon,2,0.08,2,5,3,30.0,0.0,0.0,0.0,2,0.076,2,5,3,30.0,0,0.0,0,0,0,0.0,0.0,2026-05-25 12:38:08
0058,Regional Championship Houston,2026-03-21,regional,,2633,SVI-ASC,Charizard,charizard-ex,charizard,2,0.08,3,8,2,28.21,0.0,0.0,0.0,2,0.076,3,8,2,28.2051,0,0.0,0,0,0,0.0,0.0,2026-05-25 12:38:08
0058,Regional Championship Houston,2026-03-21,regional,,2633,SVI-ASC,Chien-Pao Baxcalibur,chien-pao-baxcalibur,"chien-pao, baxcalibur",2,0.08,3,9,0,25.0,0.0,0.0,0.0,2,0.076,3,9,0,25.0,0,0.0,0,0,0,0.0,0.0,2026-05-25 12:38:08
0058,Regional Championship Houston,2026-03-21,regional,,2633,SVI-ASC,Dragapult,dragapult-ex,dragapult,2,0.08,3,9,0,25.0,0.0,0.0,0.0,2,0.076,3,9,0,25.0,0,0.0,0,0,0,0.0,0.0,2026-05-25 12:38:08
0058,Regional Championship Houston,2026-03-21,regional,,2633,SVI-ASC,Ethan's Magcargo,ethan-magcargo,"magcargo, ho-oh",2,0.08,6,6,3,46.67,0.0,0.0,0.0,2,0.076,6,6,3,46.6667,0,0.0,0,0,0,0.0,0.0,2026-05-25 12:38:08
0058,Regional Championship Houston,2026-03-21,regional,,2633,SVI-ASC,Iron Thorns Crustle,iron-thorns-crustle,"iron-thorns, crustle",2,0.08,2,3,4,37.04,0.0,0.0,0.0,2,0.076,2,3,4,37.037,0,0.0,0,0,0,0.0,0.0,2026-05-25 12:38:08
0058,Regional Championship Houston,2026-03-21,regional,,2633,SVI-ASC,Mega Gengar,mega-gengar-ex,gengar-mega,2,0.08,2,7,7,27.08,0.0,0.0,0.0,2,0.076,2,7,7,27.0833,0,0.0,0,0,0,0.0,0.0,2026-05-25 12:38:08
0058,Regional Championship Houston,2026-03-21,regional,,2633,SVI-ASC,Poison Latias,poison-mega-latias,"latias-mega, brute-bonnet",2,0.08,4,5,0,44.44,0.0,0.0,0.0,2,0.076,4,5,0,44.4444,0,0.0,0,0,0,0.0,0.0,2026-05-25 12:38:08
0058,Regional Championship Houston,2026-03-21,regional,,2633,SVI-ASC,Raging Bolt,raging-bolt-ex,raging-bolt,2,0.08,2,8,3,23.08,0.0,0.0,0.0,2,0.076,2,8,3,23.0769,0,0.0,0,0,0,0.0,0.0,2026-05-25 12:38:08
0058,Regional Championship Houston,2026-03-21,regional,,2633,SVI-ASC,Roaring Moon,roaring-moon-ex,roaring-moon,2,0.08,8,5,3,56.25,0.0,0.0,0.0,2,0.076,8,5,3,56.25,0,0.0,0,0,0,0.0,0.0,2026-05-25 12:38:08
0058,Regional Championship Houston,2026-03-21,regional,,2633,SVI-ASC,Toxtricity,toxtricity-pfl,toxtricity,2,0.08,4,9,1,30.95,0.0,0.0,0.0,2,0.076,4,9,1,30.9524,0,0.0,0,0,0,0.0,0.0,2026-05-25 12:38:08
0058,Regional Championship Houston,2026-03-21,regional,,2633,SVI-ASC,Tsareena,tsareena-ex,tsareena,2,0.08,0,5,1,5.56,0.0,0.0,0.0,2,0.076,0,5,1,5.5556,0,0.0,0,0,0,0.0,0.0,2026-05-25 12:38:08
0058,Regional Championship Houston,2026-03-21,regional,,2633,SVI-ASC,Blaziken Zoroark,blaziken-zoroark,"blaziken, zoroark",1,0.04,3,4,1,41.67,0.0,0.0,0.0,1,0.038,3,4,1,41.6667,0,0.0,0,0,0,0.0,0.0,2026-05-25 12:38:08
0058,Regional Championship Houston,2026-03-21,regional,,2633,SVI-ASC,Charizard Dragapult,charizard-dragapult,"charizard, dragapult",1,0.04,4,4,0,50.0,0.0,0.0,0.0,1,0.038,4,4,0,50.0,0,0.0,0,0,0,0.0,0.0,2026-05-25 12:38:08
0058,Regional Championship Houston,2026-03-21,regional,,2633,SVI-ASC,Dragapult Froslass,dragapult-froslass,"dragapult, froslass",1,0.04,5,3,0,62.5,0.0,0.0,0.0,1,0.038,5,3,0,62.5,0,0.0,0,0,0,0.0,0.0,2026-05-25 12:38:08
0058,Regional Championship Houston,2026-03-21,regional,,2633,SVI-ASC,Farigiraf Milotic,farigiraf-milotic,"farigiraf, milotic",1,0.04,1,6,1,16.67,0.0,0.0,0.0,1,0.038,1,6,1,16.6667,0,0.0,0,0,0,0.0,0.0,2026-05-25 12:38:08
0058,Regional Championship Houston,2026-03-21,regional,,2633,SVI-ASC,Future Box,future-box,"miraidon, iron-crown",1,0.04,0,3,0,0.0,0.0,0.0,0.0,1,0.038,0,3,0,0.0,0,0.0,0,0,0,0.0,0.0,2026-05-25 12:38:08
0058,Regional Championship Houston,2026-03-21,regional,,2633,SVI-ASC,Glimmora,glimmora-ex,glimmora,1,0.04,3,5,0,37.5,0.0,0.0,0.0,1,0.038,3,5,0,37.5,0,0.0,0,0,0,0.0,0.0,2026-05-25 12:38:08
0058,Regional Championship Houston,2026-03-21,regional,,2633,SVI-ASC,Great Tusk Mill,great-tusk-tef,great-tusk,1,0.04,2,4,1,33.33,0.0,0.0,0.0,1,0.038,2,4,1,33.3333,0,0.0,0,0,0,0.0,0.0,2026-05-25 12:38:08
0058,Regional Championship Houston,2026-03-21,regional,,2633,SVI-ASC,Greninja Blaziken,greninja-blaziken,"greninja, blaziken",1,0.04,1,6,0,14.29,0.0,0.0,0.0,1,0.038,1,6,0,14.2857,0,0.0,0,0,0,0.0,0.0,2026-05-25 12:38:08
0058,Regional Championship Houston,2026-03-21,regional,,2633,SVI-ASC,Kangaskhan Forretress,kangaskhan-forretress,"kangaskhan-mega, forretress",1,0.04,4,3,1,54.17,0.0,0.0,0.0,1,0.038,4,3,1,54.1667,0,0.0,0,0,0,0.0,0.0,2026-05-25 12:38:08
0058,Regional Championship Houston,2026-03-21,regional,,2633,SVI-ASC,Mamoswine,mamoswine-ex,mamoswine,1,0.04,4,2,2,58.33,0.0,0.0,0.0,1,0.038,4,2,2,58.3333,0,0.0,0,0,0,0.0,0.0,2026-05-25 12:38:08
0058,Regional Championship Houston,2026-03-21,regional,,2633,SVI-ASC,Mega Camerupt,mega-camerupt-ex,camerupt-mega,1,0.04,1,1,0,50.0,0.0,0.0,0.0,1,0.038,1,1,0,50.0,0,0.0,0,0,0,0.0,0.0,2026-05-25 12:38:08
0058,Regional Championship Houston,2026-03-21,regional,,2633,SVI-ASC,Mega Latias,mega-latias-ex,latias-mega,1,0.04,2,5,0,28.57,0.0,0.0,0.0,1,0.038,2,5,0,28.5714,0,0.0,0,0,0,0.0,0.0,2026-05-25 12:38:08
0058,Regional Championship Houston,2026-03-21,regional,,2633,SVI-ASC,Mega Lopunny,mega-lopunny-ex,lopunny-mega,1,0.04,2,3,3,37.5,0.0,0.0,0.0,1,0.038,2,3,3,37.5,0,0.0,0,0,0,0.0,0.0,2026-05-25 12:38:08
0058,Regional Championship Houston,2026-03-21,regional,,2633,SVI-ASC,Mega Sharpedo,mega-sharpedo-ex,sharpedo-mega,1,0.04,0,3,2,13.33,0.0,0.0,0.0,1,0.038,0,3,2,13.3333,0,0.0,0,0,0,0.0,0.0,2026-05-25 12:38:08
0058,Regional Championship Houston,2026-03-21,regional,,2633,SVI-ASC,Okidogi,okidogi-twm,okidogi,1,0.04,10,3,1,73.81,0.0,0.0,0.0,1,0.038,6,1,1,79.1667,1,0.2092,4,2,0,66.6667,1.0,2026-05-25 12:38:08
0058,Regional Championship Houston,2026-03-21,regional,,2633,SVI-ASC,Raging Bolt Bellibolt,reging-bolt-bellibolt,"raging-bolt, bellibolt",1,0.04,0,3,0,0.0,0.0,0.0,0.0,1,0.038,0,3,0,0.0,0,0.0,0,0,0,0.0,0.0,2026-05-25 12:38:08
0058,Regional Championship Houston,2026-03-21,regional,,2633,SVI-ASC,Toedscruel Ogerpon,toedscruel-ex,"toedscruel, ogerpon",1,0.04,4,3,1,54.17,0.0,0.0,0.0,1,0.038,4,3,1,54.1667,0,0.0,0,0,0,0.0,0.0,2026-05-25 12:38:08
0058,Regional Championship Houston,2026-03-21,regional,,2633,SVI-ASC,Wugtrio Mill,wugtrio-svi,wugtrio,1,0.04,0,4,1,6.67,0.0,0.0,0.0,1,0.038,0,4,1,6.6667,0,0.0,0,0,0,0.0,0.0,2026-05-25 12:38:08
0058,Regional Championship Houston,2026-03-21,regional,,2633,SVI-ASC,Zoroark Crustle,zoroark-crustle,"zoroark, crustle",1,0.04,1,3,0,25.0,0.0,0.0,0.0,1,0.038,1,3,0,25.0,0,0.0,0,0,0,0.0,0.0,2026-05-25 12:38:08
0059,Special Event Seville,2026-03-28,regional,,1336,SVI-ASC,Dragapult Dusknoir,dragapult-dusknoir,"dragapult, dusknoir",214,16.02,675,772,244,44.73,0.0,0.0,0.0,214,16.018,618,694,228,45.0649,30,12.3457,57,78,16,41.2804,0.1402,2026-05-25 12:38:08
0059,Special Event Seville,2026-03-28,regional,,1336,SVI-ASC,Gholdengo Lunatone,gholdengo-lunatone,"gholdengo, lunatone",131,9.81,521,425,183,51.55,0.0,0.0,0.0,131,9.8054,454,372,151,51.6206,30,12.3457,67,53,32,51.0965,0.229,2026-05-25 12:38:08
0059,Special Event Seville,2026-03-28,regional,,1336,SVI-ASC,N's Zoroark,n-zoroark,zoroark,107,8.01,385,381,137,47.69,0.0,0.0,0.0,107,8.009,348,337,115,48.2917,21,8.642,37,44,22,43.0421,0.1963,2026-05-25 12:38:08
0059,Special Event Seville,2026-03-28,regional,,1336,SVI-ASC,Gardevoir,gardevoir-ex-sv,gardevoir,98,7.34,338,307,141,48.98,0.0,0.0,0.0,98,7.3353,295,279,126,48.1429,16,6.5844,43,28,15,55.814,0.1633,2026-05-25 12:38:08
0059,Special Event Seville,2026-03-28,regional,,1336,SVI-ASC,Grimmsnarl Froslass,grimmsnarl-froslass,"grimmsnarl, froslass",92,6.89,403,311,152,52.39,0.0,0.0,0.0,92,6.8862,340,249,125,53.4547,30,12.3457,63,62,27,47.3684,0.3261,2026-05-25 12:38:08
0059,Special Event Seville,2026-03-28,regional,,1336,SVI-ASC,Raging Bolt Ogerpon,raging-bolt-ogerpon,"raging-bolt, ogerpon",62,4.64,219,220,80,47.33,0.0,0.0,0.0,62,4.6407,192,196,71,46.9862,12,4.9383,27,24,9,50.0,0.1935,2026-05-25 12:38:08
0059,Special Event Seville,2026-03-28,regional,,1336,SVI-ASC,Mega Absol Box,mega-absol-box,"absol-mega, kangaskhan-mega",57,4.27,191,195,90,46.43,0.0,0.0,0.0,57,4.2665,169,173,69,46.7153,13,5.3498,22,22,21,44.6154,0.2281,2026-05-25 12:38:08
0059,Special Event Seville,2026-03-28,regional,,1336,SVI-ASC,Alakazam Dudunsparce,alakazam-dudunsparce,"alakazam, dudunsparce",39,2.92,119,130,53,45.25,0.0,0.0,0.0,39,2.9192,113,118,50,46.1447,5,2.0576,6,12,3,33.3333,0.1282,2026-05-25 12:38:08
0059,Special Event Seville,2026-03-28,regional,,1336,SVI-ASC,Lucario Hariyama,lucario-hariyama,"lucario-mega, hariyama",38,2.84,109,134,30,43.59,0.0,0.0,0.0,38,2.8443,106,128,29,43.9797,2,0.823,3,6,1,33.3333,0.0526,2026-05-25 12:38:08
0059,Special Event Seville,2026-03-28,regional,,1336,SVI-ASC,Charizard Noctowl,charizard-noctowl,"charizard, noctowl",37,2.77,139,130,52,48.7,0.0,0.0,0.0,37,2.7695,120,114,47,48.28,8,3.2922,19,16,5,51.6667,0.2162,2026-05-25 12:38:08
0059,Special Event Seville,2026-03-28,regional,,1336,SVI-ASC,Charizard Pidgeot,charizard-pidgeot,"charizard, pidgeot",33,2.47,112,119,46,45.97,0.0,0.0,0.0,33,2.4701,92,103,44,44.6304,7,2.8807,20,16,2,54.386,0.2121,2026-05-25 12:38:08
0059,Special Event Seville,2026-03-28,regional,,1336,SVI-ASC,Joltik Box,joltik-box,"joltik, pikachu",33,2.47,132,117,36,50.53,0.0,0.0,0.0,33,2.4701,115,99,31,51.1565,8,3.2922,17,18,5,46.6667,0.2424,2026-05-25 12:38:08
0059,Special Event Seville,2026-03-28,regional,,1336,SVI-ASC,Tera Box,tera-box,"noctowl, ogerpon-wellspring",33,2.47,123,111,40,49.76,0.0,0.0,0.0,33,2.4701,108,96,33,50.211,7,2.8807,15,15,7,46.8468,0.2121,2026-05-25 12:38:08
0059,Special Event Seville,2026-03-28,regional,,1336,SVI-ASC,Ceruledge,ceruledge-ex,ceruledge,29,2.17,85,100,32,44.09,0.0,0.0,0.0,29,2.1707,79,92,30,44.2786,4,1.6461,6,8,2,41.6667,0.1379,2026-05-25 12:38:08
0059,Special Event Seville,2026-03-28,regional,,1336,SVI-ASC,Froslass Munkidori,froslass-munkidori,"froslass, munkidori",27,2.02,117,77,44,55.32,0.0,0.0,0.0,27,2.021,96,61,41,55.3872,8,3.2922,21,16,3,55.0,0.2963,2026-05-25 12:38:08
0059,Special Event Seville,2026-03-28,regional,,1336,SVI-ASC,Dragapult Charizard,dragapult-charizard,"dragapult, charizard",23,1.72,57,79,42,39.89,0.0,0.0,0.0,23,1.7216,56,75,42,40.4624,1,0.4115,1,4,0,20.0,0.0435,2026-05-25 12:38:08
0059,Special Event Seville,2026-03-28,regional,,1336,SVI-ASC,Crustle,crustle-dri,crustle,22,1.65,112,81,30,54.71,0.0,0.0,0.0,22,1.6467,91,61,23,56.381,9,3.7037,21,20,7,48.6111,0.4091,2026-05-25 12:38:08
0059,Special Event Seville,2026-03-28,regional,,1336,SVI-ASC,Flareon Noctowl,flareon-noctowl,"flareon, noctowl",19,1.42,61,68,22,45.25,0.0,0.0,0.0,19,1.4222,55,62,19,45.098,3,1.2346,6,6,3,46.6667,0.1579,2026-05-25 12:38:08
0059,Special Event Seville,2026-03-28,regional,,1336,SVI-ASC,Gardevoir Jellicent,gardevoir-jellicent,"gardevoir, jellicent",19,1.42,55,50,29,48.26,0.0,0.0,0.0,19,1.4222,50,46,23,48.4594,3,1.2346,5,4,6,46.6667,0.1579,2026-05-25 12:38:08
0059,Special Event Seville,2026-03-28,regional,,1336,SVI-ASC,Kangaskhan Bouffalant,kangaskhan-bouffalant,"kangaskhan-mega, bouffalant",16,1.2,57,56,20,47.87,0.0,0.0,0.0,16,1.1976,51,47,20,48.8701,3,1.2346,6,9,0,40.0,0.1875,2026-05-25 12:38:08
0059,Special Event Seville,2026-03-28,regional,,1336,SVI-ASC,Mega Venusaur,mega-venusaur-ex,venusaur-mega,15,1.12,42,55,20,41.6,0.0,0.0,0.0,15,1.1228,36,53,18,39.2523,2,0.823,6,2,2,66.6667,0.1333,2026-05-25 12:38:08
0059,Special Event Seville,2026-03-28,regional,,1336,SVI-ASC,Festival Lead,festival-lead,"dipplin, thwackey",14,1.05,64,50,18,53.03,0.0,0.0,0.0,14,1.0479,52,40,16,53.0864,4,1.6461,12,10,2,52.7778,0.2857,2026-05-25 12:38:08
0059,Special Event Seville,2026-03-28,regional,,1336,SVI-ASC,Cynthia's Garchomp,cynthia-garchomp-ex,garchomp,13,0.97,30,46,14,38.52,0.0,0.0,0.0,13,0.9731,30,46,14,38.5185,0,0.0,0,0,0,0.0,0.0,2026-05-25 12:38:08
0059,Special Event Seville,2026-03-28,regional,,1336,SVI-ASC,Rocket's Mewtwo,rocket-mewtwo-ex,"mewtwo, spidops",13,0.97,38,43,11,45.29,0.0,0.0,0.0,13,0.9731,34,40,8,44.7154,2,0.823,4,3,3,50.0,0.1538,2026-05-25 12:38:08
0059,Special Event Seville,2026-03-28,regional,,1336,SVI-ASC,Slowking,slowking-scr,slowking,13,0.97,41,47,18,44.34,0.0,0.0,0.0,13,0.9731,35,39,17,44.6886,3,1.2346,6,8,1,42.2222,0.2308,2026-05-25 12:38:08
0059,Special Event Seville,2026-03-28,regional,,1336,SVI-ASC,Greninja,greninja-ex,greninja,12,0.9,34,41,3,44.87,0.0,0.0,0.0,12,0.8982,28,38,2,42.1569,2,0.823,6,3,1,63.3333,0.1667,2026-05-25 12:38:08
0059,Special Event Seville,2026-03-28,regional,,1336,SVI-ASC,Rocket's Honchkrow,rockets-honchkrow,"honchkrow, porygon2",12,0.9,34,46,18,40.82,0.0,0.0,0.0,12,0.8982,31,37,15,43.3735,3,1.2346,3,9,3,26.6667,0.25,2026-05-25 12:38:08
0059,Special Event Seville,2026-03-28,regional,,1336,SVI-ASC,Ogerpon Meganium,ogerpon-meganium,"ogerpon, meganium",11,0.82,26,39,10,39.11,0.0,0.0,0.0,11,0.8234,26,39,10,39.1111,0,0.0,0,0,0,0.0,0.0,2026-05-25 12:38:08
0059,Special Event Seville,2026-03-28,regional,,1336,SVI-ASC,Sharpedo Toxtricity,sharpedo-toxtricity,"sharpedo-mega, toxtricity",9,0.67,33,34,7,47.75,0.0,0.0,0.0,9,0.6737,28,30,6,46.875,2,0.823,5,4,1,53.3333,0.2222,2026-05-25 12:38:08
0059,Special Event Seville,2026-03-28,regional,,1336,SVI-ASC,Other,other,substitute,8,0.6,10,27,3,27.5,0.0,0.0,0.0,8,0.5988,10,27,3,27.5,0,0.0,0,0,0,0.0,0.0,2026-05-25 12:38:08
0059,Special Event Seville,2026-03-28,regional,,1336,SVI-ASC,Lopunny Dusknoir,lopunny-dusknoir,"lopunny-mega, dusknoir",7,0.52,19,24,5,43.06,0.0,0.0,0.0,7,0.524,19,24,5,43.0556,0,0.0,0,0,0,0.0,0.0,2026-05-25 12:38:08
0059,Special Event Seville,2026-03-28,regional,,1336,SVI-ASC,Ethan's Typhlosion,ethan-typhlosion,typhlosion,5,0.37,10,17,7,36.27,0.0,0.0,0.0,5,0.3743,10,17,7,36.2745,0,0.0,0,0,0,0.0,0.0,2026-05-25 12:38:08
0059,Special Event Seville,2026-03-28,regional,,1336,SVI-ASC,Ho-Oh Armarouge,ho-oh-armarouge,"ho-oh, armarouge",5,0.37,24,17,4,56.3,0.0,0.0,0.0,5,0.3743,22,15,3,57.5,1,0.4115,2,2,1,46.6667,0.2,2026-05-25 12:38:08
0059,Special Event Seville,2026-03-28,regional,,1336,SVI-ASC,Okidogi,okidogi-twm,okidogi,5,0.37,16,18,5,45.3,0.0,0.0,0.0,5,0.3743,15,16,3,47.0588,1,0.4115,1,2,2,33.3333,0.2,2026-05-25 12:38:08
0059,Special Event Seville,2026-03-28,regional,,1336,SVI-ASC,Dragapult,dragapult-ex,dragapult,4,0.3,9,15,4,36.9,0.0,0.0,0.0,4,0.2994,9,15,4,36.9048,0,0.0,0,0,0,0.0,0.0,2026-05-25 12:38:08
0059,Special Event Seville,2026-03-28,regional,,1336,SVI-ASC,Ethan's Magcargo,ethan-magcargo,"magcargo, ho-oh",4,0.3,5,15,4,26.39,0.0,0.0,0.0,4,0.2994,5,15,4,26.3889,0,0.0,0,0,0,0.0,0.0,2026-05-25 12:38:08
0059,Special Event Seville,2026-03-28,regional,,1336,SVI-ASC,Mega Dragonite,mega-dragonite-ex,dragonite-mega,4,0.3,7,16,3,30.77,0.0,0.0,0.0,4,0.2994,7,16,3,30.7692,0,0.0,0,0,0,0.0,0.0,2026-05-25 12:38:08
0059,Special Event Seville,2026-03-28,regional,,1336,SVI-ASC,Pidgeot Control,pidgeot-control,pidgeot,4,0.3,6,15,2,28.99,0.0,0.0,0.0,4,0.2994,6,15,2,28.9855,0,0.0,0,0,0,0.0,0.0,2026-05-25 12:38:08
0059,Special Event Seville,2026-03-28,regional,,1336,SVI-ASC,Gholdengo,gholdengo-ex,gholdengo,3,0.22,9,13,2,40.28,0.0,0.0,0.0,3,0.2246,9,13,2,40.2778,0,0.0,0,0,0,0.0,0.0,2026-05-25 12:38:08
0059,Special Event Seville,2026-03-28,regional,,1336,SVI-ASC,Iron Hands Magneton,iron-hands-magneton,"iron-hands, magneton",3,0.22,6,10,1,37.25,0.0,0.0,0.0,3,0.2246,6,10,1,37.2549,0,0.0,0,0,0,0.0,0.0,2026-05-25 12:38:08
0059,Special Event Seville,2026-03-28,regional,,1336,SVI-ASC,Marnie's Grimmsnarl,marnie-grimmsnarl-ex,grimmsnarl,3,0.22,9,13,2,40.28,0.0,0.0,0.0,3,0.2246,9,13,2,40.2778,0,0.0,0,0,0,0.0,0.0,2026-05-25 12:38:08
0059,Special Event Seville,2026-03-28,regional,,1336,SVI-ASC,Mega Abomasnow,mega-abomasnow-ex,abomasnow-mega,3,0.22,7,8,1,45.83,0.0,0.0,0.0,3,0.2246,7,8,1,45.8333,0,0.0,0,0,0,0.0,0.0,2026-05-25 12:38:08
0059,Special Event Seville,2026-03-28,regional,,1336,SVI-ASC,Mega Lucario,mega-lucario-ex,lucario-mega,3,0.22,8,13,1,37.88,0.0,0.0,0.0,3,0.2246,8,13,1,37.8788,0,0.0,0,0,0,0.0,0.0,2026-05-25 12:38:08
0059,Special Event Seville,2026-03-28,regional,,1336,SVI-ASC,Toxtricity Box,toxtricity-box,"toxtricity, absol-mega",3,0.22,4,14,5,24.64,0.0,0.0,0.0,3,0.2246,4,14,5,24.6377,0,0.0,0,0,0,0.0,0.0,2026-05-25 12:38:08
0059,Special Event Seville,2026-03-28,regional,,1336,SVI-ASC,Charizard,charizard-ex,charizard,2,0.15,3,11,1,22.22,0.0,0.0,0.0,2,0.1497,3,11,1,22.2222,0,0.0,0,0,0,0.0,0.0,2026-05-25 12:38:08
0059,Special Event Seville,2026-03-28,regional,,1336,SVI-ASC,Chien-Pao Baxcalibur,chien-pao-baxcalibur,"chien-pao, baxcalibur",2,0.15,1,8,0,11.11,0.0,0.0,0.0,2,0.1497,1,8,0,11.1111,0,0.0,0,0,0,0.0,0.0,2026-05-25 12:38:08
0059,Special Event Seville,2026-03-28,regional,,1336,SVI-ASC,Dragapult Froslass,dragapult-froslass,"dragapult, froslass",2,0.15,4,9,3,31.25,0.0,0.0,0.0,2,0.1497,4,9,3,31.25,0,0.0,0,0,0,0.0,0.0,2026-05-25 12:38:08
0059,Special Event Seville,2026-03-28,regional,,1336,SVI-ASC,Feraligatr,feraligatr-tef,feraligatr,2,0.15,3,11,0,21.43,0.0,0.0,0.0,2,0.1497,3,11,0,21.4286,0,0.0,0,0,0,0.0,0.0,2026-05-25 12:38:08
0059,Special Event Seville,2026-03-28,regional,,1336,SVI-ASC,Iono's Bellibolt,iono-bellibolt,"bellibolt, voltorb",2,0.15,1,6,2,18.52,0.0,0.0,0.0,2,0.1497,1,6,2,18.5185,0,0.0,0,0,0,0.0,0.0,2026-05-25 12:38:08
0059,Special Event Seville,2026-03-28,regional,,1336,SVI-ASC,Roaring Moon,roaring-moon-ex,roaring-moon,2,0.15,8,8,0,50.0,0.0,0.0,0.0,2,0.1497,8,8,0,50.0,0,0.0,0,0,0,0.0,0.0,2026-05-25 12:38:08
0059,Special Event Seville,2026-03-28,regional,,1336,SVI-ASC,Ursaluna Lunatone,ursaluna-lunatone,"ursaluna-bloodmoon, lunatone",2,0.15,18,5,3,73.08,0.0,0.0,0.0,2,0.1497,12,2,2,79.1667,2,0.823,6,3,1,63.3333,1.0,2026-05-25 12:38:08
0059,Special Event Seville,2026-03-28,regional,,1336,SVI-ASC,Alakazam,alakazam-ex,alakazam,1,0.07,2,4,1,33.33,0.0,0.0,0.0,1,0.0749,2,4,1,33.3333,0,0.0,0,0,0,0.0,0.0,2026-05-25 12:38:08
0059,Special Event Seville,2026-03-28,regional,,1336,SVI-ASC,Alakazam,alakazam-meg,alakazam,1,0.07,2,5,1,29.17,0.0,0.0,0.0,1,0.0749,2,5,1,29.1667,0,0.0,0,0,0,0.0,0.0,2026-05-25 12:38:08
0059,Special Event Seville,2026-03-28,regional,,1336,SVI-ASC,Archaludon,archaludon-ex,archaludon,1,0.07,4,3,1,54.17,0.0,0.0,0.0,1,0.0749,4,3,1,54.1667,0,0.0,0,0,0,0.0,0.0,2026-05-25 12:38:08
0059,Special Event Seville,2026-03-28,regional,,1336,SVI-ASC,Conkeldurr,conkeldurr-twm,conkeldurr,1,0.07,3,3,2,45.83,0.0,0.0,0.0,1,0.0749,3,3,2,45.8333,0,0.0,0,0,0,0.0,0.0,2026-05-25 12:38:08
0059,Special Event Seville,2026-03-28,regional,,1336,SVI-ASC,Dragapult Blaziken,dragapult-blaziken,"dragapult, blaziken",1,0.07,3,3,2,45.83,0.0,0.0,0.0,1,0.0749,3,3,2,45.8333,0,0.0,0,0,0,0.0,0.0,2026-05-25 12:38:08
0059,Special Event Seville,2026-03-28,regional,,1336,SVI-ASC,Hydrapple Ogerpon,hydrapple-ogerpon,"hydrapple, ogerpon",1,0.07,0,1,0,0.0,0.0,0.0,0.0,1,0.0749,0,1,0,0.0,0,0.0,0,0,0,0.0,0.0,2026-05-25 12:38:08
0059,Special Event Seville,2026-03-28,regional,,1336,SVI-ASC,Kangaskhan Forretress,kangaskhan-forretress,"kangaskhan-mega, forretress",1,0.07,1,3,4,29.17,0.0,0.0,0.0,1,0.0749,1,3,4,29.1667,0,0.0,0,0,0,0.0,0.0,2026-05-25 12:38:08
0059,Special Event Seville,2026-03-28,regional,,1336,SVI-ASC,Manectric Eelektrik,manectric-eelektrik,"manectric-mega, eelektrik",1,0.07,0,4,0,0.0,0.0,0.0,0.0,1,0.0749,0,4,0,0.0,0,0.0,0,0,0,0.0,0.0,2026-05-25 12:38:08
0059,Special Event Seville,2026-03-28,regional,,1336,SVI-ASC,Mega Gengar,mega-gengar-ex,gengar-mega,1,0.07,0,3,1,8.33,0.0,0.0,0.0,1,0.0749,0,3,1,8.3333,0,0.0,0,0,0,0.0,0.0,2026-05-25 12:38:08
0059,Special Event Seville,2026-03-28,regional,,1336,SVI-ASC,Mega Lopunny,mega-lopunny-ex,lopunny-mega,1,0.07,7,2,4,64.1,0.0,0.0,0.0,1,0.0749,5,2,1,66.6667,1,0.4115,2,0,3,60.0,1.0,2026-05-25 12:38:08
0059,Special Event Seville,2026-03-28,regional,,1336,SVI-ASC,Meowscarada,meowscarada-ex,meowscarada,1,0.07,1,2,2,33.33,0.0,0.0,0.0,1,0.0749,1,2,2,33.3333,0,0.0,0,0,0,0.0,0.0,2026-05-25 12:38:08
0059,Special Event Seville,2026-03-28,regional,,1336,SVI-ASC,Okidogi,okidogi-ex,okidogi,1,0.07,2,3,3,37.5,0.0,0.0,0.0,1,0.0749,2,3,3,37.5,0,0.0,0,0,0,0.0,0.0,2026-05-25 12:38:08
0059,Special Event Seville,2026-03-28,regional,,1336,SVI-ASC,Rocket's Nidoking,rocket-nidoking-ex,nidoking,1,0.07,2,5,1,29.17,0.0,0.0,0.0,1,0.0749,2,5,1,29.1667,0,0.0,0,0,0,0.0,0.0,2026-05-25 12:38:08
0059,Special Event Seville,2026-03-28,regional,,1336,SVI-ASC,Rocket's Spidops,rocket-spidops,spidops,1,0.07,2,3,2,38.1,0.0,0.0,0.0,1,0.0749,2,3,2,38.0952,0,0.0,0,0,0,0.0,0.0,2026-05-25 12:38:08
0059,Special Event Seville,2026-03-28,regional,,1336,SVI-ASC,Toxtricity,toxtricity-pfl,toxtricity,1,0.07,0,1,0,0.0,0.0,0.0,0.0,1,0.0749,0,1,0,0.0,0,0.0,0,0,0,0.0,0.0,2026-05-25 12:38:08
0059,Special Event Seville,2026-03-28,regional,,1336,SVI-ASC,Tsareena,tsareena-ex,tsareena,1,0.07,0,1,0,0.0,0.0,0.0,0.0,1,0.0749,0,1,0,0.0,0,0.0,0,0,0,0.0,0.0,2026-05-25 12:38:08
0059,Special Event Seville,2026-03-28,regional,,1336,SVI-ASC,Wugtrio Mill,wugtrio-svi,wugtrio,1,0.07,2,4,2,33.33,0.0,0.0,0.0,1,0.0749,2,4,2,33.3333,0,0.0,0,0,0,0.0,0.0,2026-05-25 12:38:08
0060,Regional Championship Orlando,2026-04-04,regional,,2734,SVI-ASC,Dragapult Dusknoir,dragapult-dusknoir,"dragapult, dusknoir",405,14.81,1341,1359,420,47.47,0.0,0.0,0.0,405,14.8135,1164,1177,374,47.4647,70,14.4928,177,182,46,47.4897,0.1728,2026-05-25 12:38:08
0060,Regional Championship Orlando,2026-04-04,regional,,2734,SVI-ASC,N's Zoroark,n-zoroark,zoroark,249,9.11,852,818,275,48.52,0.0,0.0,0.0,249,9.1075,717,708,247,47.807,48,9.9379,135,110,28,52.8694,0.1928,2026-05-25 12:38:08
0060,Regional Championship Orlando,2026-04-04,regional,,2734,SVI-ASC,Gholdengo Lunatone,gholdengo-lunatone,"gholdengo, lunatone",233,8.52,782,755,277,48.2,0.0,0.0,0.0,233,8.5223,679,639,241,48.7064,44,9.1097,103,116,36,45.098,0.1888,2026-05-25 12:38:08
0060,Regional Championship Orlando,2026-04-04,regional,,2734,SVI-ASC,Gardevoir,gardevoir-ex-sv,gardevoir,226,8.27,889,737,307,51.28,0.0,0.0,0.0,226,8.2663,736,596,259,51.6866,57,11.8012,153,141,48,49.4152,0.2522,2026-05-25 12:38:08
0060,Regional Championship Orlando,2026-04-04,regional,,2734,SVI-ASC,Grimmsnarl Froslass,grimmsnarl-froslass,"grimmsnarl, froslass",195,7.13,811,613,282,53.05,0.0,0.0,0.0,195,7.1324,657,495,232,53.0588,53,10.9731,154,118,50,53.0021,0.2718,2026-05-25 12:38:08
0060,Regional Championship Orlando,2026-04-04,regional,,2734,SVI-ASC,Mega Absol Box,mega-absol-box,"absol-mega, kangaskhan-mega",157,5.74,549,531,189,48.23,0.0,0.0,0.0,157,5.7425,464,456,161,47.8878,31,6.4182,85,75,28,50.1773,0.1975,2026-05-25 12:38:08
0060,Regional Championship Orlando,2026-04-04,regional,,2734,SVI-ASC,Froslass Munkidori,froslass-munkidori,"froslass, munkidori",106,3.88,459,333,174,53.52,0.0,0.0,0.0,106,3.8771,370,247,142,54.9846,36,7.4534,89,86,32,48.1481,0.3396,2026-05-25 12:38:08
0060,Regional Championship Orlando,2026-04-04,regional,,2734,SVI-ASC,Raging Bolt Ogerpon,raging-bolt-ogerpon,"raging-bolt, ogerpon",102,3.73,340,354,100,47.02,0.0,0.0,0.0,102,3.7308,285,305,87,46.3811,20,4.1408,55,49,13,50.7123,0.1961,2026-05-25 12:38:08
0060,Regional Championship Orlando,2026-04-04,regional,,2734,SVI-ASC,Joltik Box,joltik-box,"joltik, pikachu",99,3.62,351,330,82,49.58,0.0,0.0,0.0,99,3.6211,321,302,76,49.547,11,2.2774,30,28,6,50.0,0.1111,2026-05-25 12:38:08
0060,Regional Championship Orlando,2026-04-04,regional,,2734,SVI-ASC,Charizard Noctowl,charizard-noctowl,"charizard, noctowl",75,2.74,249,259,85,46.77,0.0,0.0,0.0,75,2.7432,219,221,77,47.3243,13,2.6915,30,38,8,42.9825,0.1733,2026-05-25 12:38:08
0060,Regional Championship Orlando,2026-04-04,regional,,2734,SVI-ASC,Ceruledge,ceruledge-ex,ceruledge,70,2.56,198,223,59,45.35,0.0,0.0,0.0,70,2.5604,192,213,57,45.671,3,0.6211,6,10,2,37.037,0.0429,2026-05-25 12:38:08
0060,Regional Championship Orlando,2026-04-04,regional,,2734,SVI-ASC,Crustle,crustle-dri,crustle,66,2.41,277,232,69,51.9,0.0,0.0,0.0,66,2.414,243,189,53,53.7457,16,3.3126,34,43,16,42.2939,0.2424,2026-05-25 12:38:08
0060,Regional Championship Orlando,2026-04-04,regional,,2734,SVI-ASC,Charizard Pidgeot,charizard-pidgeot,"charizard, pidgeot",64,2.34,194,215,79,45.15,0.0,0.0,0.0,64,2.3409,170,187,69,45.3052,11,2.2774,24,28,10,44.086,0.1719,2026-05-25 12:38:08
0060,Regional Championship Orlando,2026-04-04,regional,,2734,SVI-ASC,Alakazam Dudunsparce,alakazam-dudunsparce,"alakazam, dudunsparce",63,2.3,179,211,69,44.01,0.0,0.0,0.0,63,2.3043,166,191,63,44.5238,7,1.4493,13,20,6,38.4615,0.1111,2026-05-25 12:38:08
0060,Regional Championship Orlando,2026-04-04,regional,,2734,SVI-ASC,Festival Lead,festival-lead,"dipplin, thwackey",49,1.79,162,167,33,47.79,0.0,0.0,0.0,49,1.7922,148,144,28,49.1667,7,1.4493,14,23,5,37.3016,0.1429,2026-05-25 12:38:08
0060,Regional Championship Orlando,2026-04-04,regional,,2734,SVI-ASC,Lucario Hariyama,lucario-hariyama,"lucario-mega, hariyama",43,1.57,108,155,39,40.07,0.0,0.0,0.0,43,1.5728,107,151,38,40.4279,1,0.207,1,4,1,22.2222,0.0233,2026-05-25 12:38:08
0060,Regional Championship Orlando,2026-04-04,regional,,2734,SVI-ASC,Dragapult Charizard,dragapult-charizard,"dragapult, charizard",42,1.54,116,142,54,42.95,0.0,0.0,0.0,42,1.5362,98,133,45,40.942,6,1.2422,18,9,9,58.3333,0.1429,2026-05-25 12:38:08
0060,Regional Championship Orlando,2026-04-04,regional,,2734,SVI-ASC,Mega Venusaur,mega-venusaur-ex,venusaur-mega,40,1.46,75,137,40,35.05,0.0,0.0,0.0,40,1.4631,70,131,39,34.5833,2,0.4141,5,6,1,44.4444,0.05,2026-05-25 12:38:08
0060,Regional Championship Orlando,2026-04-04,regional,,2734,SVI-ASC,Kangaskhan Bouffalant,kangaskhan-bouffalant,"kangaskhan-mega, bouffalant",32,1.17,100,105,42,46.15,0.0,0.0,0.0,32,1.1704,86,92,37,45.7364,6,1.2422,14,13,5,48.9583,0.1875,2026-05-25 12:38:08
0060,Regional Championship Orlando,2026-04-04,regional,,2734,SVI-ASC,Other,other,substitute,29,1.06,60,99,17,37.31,0.0,0.0,0.0,29,1.0607,58,96,16,37.2549,1,0.207,2,3,1,38.8889,0.0345,2026-05-25 12:38:08
0060,Regional Championship Orlando,2026-04-04,regional,,2734,SVI-ASC,Tera Box,tera-box,"noctowl, ogerpon-wellspring",27,0.99,92,93,29,47.51,0.0,0.0,0.0,27,0.9876,79,79,28,47.491,5,1.0352,13,14,1,47.619,0.1852,2026-05-25 12:38:08
0060,Regional Championship Orlando,2026-04-04,regional,,2734,SVI-ASC,Flareon Noctowl,flareon-noctowl,"flareon, noctowl",26,0.95,86,92,32,46.03,0.0,0.0,0.0,26,0.951,77,76,30,47.541,5,1.0352,9,16,2,35.8025,0.1923,2026-05-25 12:38:08
0060,Regional Championship Orlando,2026-04-04,regional,,2734,SVI-ASC,Ogerpon Meganium,ogerpon-meganium,"ogerpon, meganium",23,0.84,67,76,30,44.51,0.0,0.0,0.0,23,0.8413,61,67,27,45.1613,3,0.6211,6,9,3,38.8889,0.1304,2026-05-25 12:38:08
0060,Regional Championship Orlando,2026-04-04,regional,,2734,SVI-ASC,Rocket's Honchkrow,rockets-honchkrow,"honchkrow, porygon2",23,0.84,57,75,27,41.51,0.0,0.0,0.0,23,0.8413,51,69,27,40.8163,2,0.4141,6,6,0,50.0,0.087,2026-05-25 12:38:08
0060,Regional Championship Orlando,2026-04-04,regional,,2734,SVI-ASC,Cynthia's Garchomp,cynthia-garchomp-ex,garchomp,19,0.69,37,62,24,36.59,0.0,0.0,0.0,19,0.695,37,62,24,36.5854,0,0.0,0,0,0,0.0,0.0,2026-05-25 12:38:08
0060,Regional Championship Orlando,2026-04-04,regional,,2734,SVI-ASC,Rocket's Mewtwo,rocket-mewtwo-ex,"mewtwo, spidops",19,0.69,40,65,16,37.47,0.0,0.0,0.0,19,0.695,38,62,15,37.3913,1,0.207,2,3,1,38.8889,0.0526,2026-05-25 12:38:08
0060,Regional Championship Orlando,2026-04-04,regional,,2734,SVI-ASC,Gardevoir Jellicent,gardevoir-jellicent,"gardevoir, jellicent",16,0.59,64,52,24,51.43,0.0,0.0,0.0,16,0.5852,49,35,20,53.5256,6,1.2422,15,17,4,45.3704,0.375,2026-05-25 12:38:08
0060,Regional Championship Orlando,2026-04-04,regional,,2734,SVI-ASC,Greninja,greninja-ex,greninja,16,0.59,42,57,15,41.23,0.0,0.0,0.0,16,0.5852,41,54,13,41.9753,1,0.207,1,3,2,27.7778,0.0625,2026-05-25 12:38:08
0060,Regional Championship Orlando,2026-04-04,regional,,2734,SVI-ASC,Slowking,slowking-scr,slowking,13,0.48,37,45,9,43.96,0.0,0.0,0.0,13,0.4755,34,42,9,43.5294,1,0.207,3,3,0,50.0,0.0769,2026-05-25 12:38:08
0060,Regional Championship Orlando,2026-04-04,regional,,2734,SVI-ASC,Gholdengo,gholdengo-ex,gholdengo,12,0.44,32,42,6,42.5,0.0,0.0,0.0,12,0.4389,32,37,5,45.4955,1,0.207,0,5,1,5.5556,0.0833,2026-05-25 12:38:08
0060,Regional Championship Orlando,2026-04-04,regional,,2734,SVI-ASC,Lopunny Dusknoir,lopunny-dusknoir,"lopunny-mega, dusknoir",11,0.4,27,32,5,44.79,0.0,0.0,0.0,11,0.4023,24,30,4,43.6782,1,0.207,3,2,1,55.5556,0.0909,2026-05-25 12:38:08
0060,Regional Championship Orlando,2026-04-04,regional,,2734,SVI-ASC,Sharpedo Toxtricity,sharpedo-toxtricity,"sharpedo-mega, toxtricity",10,0.37,27,31,4,45.7,0.0,0.0,0.0,10,0.3658,18,28,4,38.6667,2,0.4141,9,3,0,75.0,0.2,2026-05-25 12:38:08
0060,Regional Championship Orlando,2026-04-04,regional,,2734,SVI-ASC,Dragapult,dragapult-ex,dragapult,8,0.29,16,26,5,37.59,0.0,0.0,0.0,8,0.2926,16,26,5,37.5887,0,0.0,0,0,0,0.0,0.0,2026-05-25 12:38:08
0060,Regional Championship Orlando,2026-04-04,regional,,2734,SVI-ASC,Ethan's Typhlosion,ethan-typhlosion,typhlosion,8,0.29,18,30,6,37.04,0.0,0.0,0.0,8,0.2926,18,30,6,37.037,0,0.0,0,0,0,0.0,0.0,2026-05-25 12:38:08
0060,Regional Championship Orlando,2026-04-04,regional,,2734,SVI-ASC,Dragapult Blaziken,dragapult-blaziken,"dragapult, blaziken",6,0.22,9,20,7,31.48,0.0,0.0,0.0,6,0.2195,9,20,7,31.4815,0,0.0,0,0,0,0.0,0.0,2026-05-25 12:38:08
0060,Regional Championship Orlando,2026-04-04,regional,,2734,SVI-ASC,Ho-Oh Armarouge,ho-oh-armarouge,"ho-oh, armarouge",6,0.22,24,21,4,51.7,0.0,0.0,0.0,6,0.2195,21,18,4,51.938,1,0.207,3,3,0,50.0,0.1667,2026-05-25 12:38:08
0060,Regional Championship Orlando,2026-04-04,regional,,2734,SVI-ASC,Iron Hands Magneton,iron-hands-magneton,"iron-hands, magneton",6,0.22,22,27,4,44.03,0.0,0.0,0.0,6,0.2195,20,20,4,48.4848,2,0.4141,2,7,0,22.2222,0.3333,2026-05-25 12:38:08
0060,Regional Championship Orlando,2026-04-04,regional,,2734,SVI-ASC,Mega Lucario,mega-lucario-ex,lucario-mega,6,0.22,17,22,6,42.22,0.0,0.0,0.0,6,0.2195,14,20,5,40.1709,1,0.207,3,2,1,55.5556,0.1667,2026-05-25 12:38:08
0060,Regional Championship Orlando,2026-04-04,regional,,2734,SVI-ASC,Rocket's Spidops,rocket-spidops,spidops,6,0.22,20,20,7,47.52,0.0,0.0,0.0,6,0.2195,18,17,6,48.7805,1,0.207,2,3,1,38.8889,0.1667,2026-05-25 12:38:08
0060,Regional Championship Orlando,2026-04-04,regional,,2734,SVI-ASC,Ursaluna Lunatone,ursaluna-lunatone,"ursaluna-bloodmoon, lunatone",6,0.22,28,23,10,51.37,0.0,0.0,0.0,6,0.2195,24,13,6,60.4651,3,0.6211,4,10,4,29.6296,0.5,2026-05-25 12:38:08
0060,Regional Championship Orlando,2026-04-04,regional,,2734,SVI-ASC,Gholdengo Joltik Box,gholdengo-joltik-box,"gholdengo, joltik",5,0.18,14,15,3,46.88,0.0,0.0,0.0,5,0.1829,14,15,3,46.875,0,0.0,0,0,0,0.0,0.0,2026-05-25 12:38:08
0060,Regional Championship Orlando,2026-04-04,regional,,2734,SVI-ASC,Hydrapple Ogerpon,hydrapple-ogerpon,"hydrapple, ogerpon",5,0.18,6,19,4,25.29,0.0,0.0,0.0,5,0.1829,6,19,4,25.2874,0,0.0,0,0,0,0.0,0.0,2026-05-25 12:38:08
0060,Regional Championship Orlando,2026-04-04,regional,,2734,SVI-ASC,Roaring Moon,roaring-moon-ex,roaring-moon,5,0.18,21,16,1,56.14,0.0,0.0,0.0,5,0.1829,21,16,1,56.1404,0,0.0,0,0,0,0.0,0.0,2026-05-25 12:38:08
0060,Regional Championship Orlando,2026-04-04,regional,,2734,SVI-ASC,Archaludon,archaludon-ex,archaludon,4,0.15,15,14,3,50.0,0.0,0.0,0.0,4,0.1463,15,14,3,50.0,0,0.0,0,0,0,0.0,0.0,2026-05-25 12:38:08
0060,Regional Championship Orlando,2026-04-04,regional,,2734,SVI-ASC,Charizard,charizard-ex,charizard,4,0.15,7,14,4,33.33,0.0,0.0,0.0,4,0.1463,7,14,4,33.3333,0,0.0,0,0,0,0.0,0.0,2026-05-25 12:38:08
0060,Regional Championship Orlando,2026-04-04,regional,,2734,SVI-ASC,Dragonite Eelektrik,dragonite-eelektrik,"dragonite-mega, eelektrik",4,0.15,2,15,3,15.0,0.0,0.0,0.0,4,0.1463,2,15,3,15.0,0,0.0,0,0,0,0.0,0.0,2026-05-25 12:38:08
0060,Regional Championship Orlando,2026-04-04,regional,,2734,SVI-ASC,Flareon,flareon-ex,flareon,4,0.15,6,16,3,28.0,0.0,0.0,0.0,4,0.1463,6,16,3,28.0,0,0.0,0,0,0,0.0,0.0,2026-05-25 12:38:08
0060,Regional Championship Orlando,2026-04-04,regional,,2734,SVI-ASC,Iono's Bellibolt,iono-bellibolt,"bellibolt, voltorb",4,0.15,9,22,0,29.03,0.0,0.0,0.0,4,0.1463,9,22,0,29.0323,0,0.0,0,0,0,0.0,0.0,2026-05-25 12:38:08
0060,Regional Championship Orlando,2026-04-04,regional,,2734,SVI-ASC,Mega Lopunny,mega-lopunny-ex,lopunny-mega,4,0.15,8,14,6,35.71,0.0,0.0,0.0,4,0.1463,8,14,6,35.7143,0,0.0,0,0,0,0.0,0.0,2026-05-25 12:38:08
0060,Regional Championship Orlando,2026-04-04,regional,,2734,SVI-ASC,Pidgeot Control,pidgeot-control,pidgeot,4,0.15,13,15,5,44.44,0.0,0.0,0.0,4,0.1463,11,12,4,45.679,1,0.207,2,3,1,38.8889,0.25,2026-05-25 12:38:08
0060,Regional Championship Orlando,2026-04-04,regional,,2734,SVI-ASC,Wugtrio Mill,wugtrio-svi,wugtrio,4,0.15,5,12,6,30.43,0.0,0.0,0.0,4,0.1463,5,12,6,30.4348,0,0.0,0,0,0,0.0,0.0,2026-05-25 12:38:08
0060,Regional Championship Orlando,2026-04-04,regional,,2734,SVI-ASC,Yanmega,yanmega-ex,yanmega,4,0.15,10,19,3,34.38,0.0,0.0,0.0,4,0.1463,10,19,3,34.375,0,0.0,0,0,0,0.0,0.0,2026-05-25 12:38:08
0060,Regional Championship Orlando,2026-04-04,regional,,2734,SVI-ASC,Dragapult Froslass,dragapult-froslass,"dragapult, froslass",3,0.11,5,11,3,31.58,0.0,0.0,0.0,3,0.1097,5,11,3,31.5789,0,0.0,0,0,0,0.0,0.0,2026-05-25 12:38:08
0060,Regional Championship Orlando,2026-04-04,regional,,2734,SVI-ASC,Manectric Eelektrik,manectric-eelektrik,"manectric-mega, eelektrik",3,0.11,3,13,5,22.22,0.0,0.0,0.0,3,0.1097,3,13,5,22.2222,0,0.0,0,0,0,0.0,0.0,2026-05-25 12:38:08
0060,Regional Championship Orlando,2026-04-04,regional,,2734,SVI-ASC,Mega Dragonite,mega-dragonite-ex,dragonite-mega,3,0.11,3,10,5,25.93,0.0,0.0,0.0,3,0.1097,3,10,5,25.9259,0,0.0,0,0,0,0.0,0.0,2026-05-25 12:38:08
0060,Regional Championship Orlando,2026-04-04,regional,,2734,SVI-ASC,Mega Gengar,mega-gengar-ex,gengar-mega,3,0.11,2,7,2,24.24,0.0,0.0,0.0,3,0.1097,2,7,2,24.2424,0,0.0,0,0,0,0.0,0.0,2026-05-25 12:38:08
0060,Regional Championship Orlando,2026-04-04,regional,,2734,SVI-ASC,Mega Kangaskhan,mega-kangaskhan-ex,kangaskhan-mega,3,0.11,4,11,2,27.45,0.0,0.0,0.0,3,0.1097,4,11,2,27.451,0,0.0,0,0,0,0.0,0.0,2026-05-25 12:38:08
0060,Regional Championship Orlando,2026-04-04,regional,,2734,SVI-ASC,Raging Bolt Bellibolt,reging-bolt-bellibolt,"raging-bolt, bellibolt",3,0.11,6,7,2,44.44,0.0,0.0,0.0,3,0.1097,6,7,2,44.4444,0,0.0,0,0,0,0.0,0.0,2026-05-25 12:38:08
0060,Regional Championship Orlando,2026-04-04,regional,,2734,SVI-ASC,Steven's Metagross,stevens-metagross,metagross,3,0.11,1,11,1,10.26,0.0,0.0,0.0,3,0.1097,1,11,1,10.2564,0,0.0,0,0,0,0.0,0.0,2026-05-25 12:38:08
0060,Regional Championship Orlando,2026-04-04,regional,,2734,SVI-ASC,Toedscruel Ogerpon,toedscruel-ex,"toedscruel, ogerpon",3,0.11,8,11,2,41.27,0.0,0.0,0.0,3,0.1097,8,11,2,41.2698,0,0.0,0,0,0,0.0,0.0,2026-05-25 12:38:08
0060,Regional Championship Orlando,2026-04-04,regional,,2734,SVI-ASC,Alakazam,alakazam-meg,alakazam,2,0.07,5,7,1,41.03,0.0,0.0,0.0,2,0.0732,5,7,1,41.0256,0,0.0,0,0,0,0.0,0.0,2026-05-25 12:38:08
0060,Regional Championship Orlando,2026-04-04,regional,,2734,SVI-ASC,Conkeldurr,conkeldurr-twm,conkeldurr,2,0.07,8,7,5,48.33,0.0,0.0,0.0,2,0.0732,6,4,4,52.381,1,0.207,2,3,1,38.8889,0.5,2026-05-25 12:38:08
0060,Regional Championship Orlando,2026-04-04,regional,,2734,SVI-ASC,Gholdengo Dudunsparce,gholdengo-dudunsparce,"gholdengo, dudunsparce",2,0.07,2,5,2,29.63,0.0,0.0,0.0,2,0.0732,2,5,2,29.6296,0,0.0,0,0,0,0.0,0.0,2026-05-25 12:38:08
0060,Regional Championship Orlando,2026-04-04,regional,,2734,SVI-ASC,Great Tusk Mill,great-tusk-tef,great-tusk,2,0.07,7,7,2,47.92,0.0,0.0,0.0,2,0.0732,7,7,2,47.9167,0,0.0,0,0,0,0.0,0.0,2026-05-25 12:38:08
0060,Regional Championship Orlando,2026-04-04,regional,,2734,SVI-ASC,Hydreigon,hydreigon-ex,hydreigon,2,0.07,3,7,0,30.0,0.0,0.0,0.0,2,0.0732,3,7,0,30.0,0,0.0,0,0,0,0.0,0.0,2026-05-25 12:38:08
0060,Regional Championship Orlando,2026-04-04,regional,,2734,SVI-ASC,Mega Charizard X,mega-charizard-x-ex,charizard-mega-x,2,0.07,3,6,0,33.33,0.0,0.0,0.0,2,0.0732,3,6,0,33.3333,0,0.0,0,0,0,0.0,0.0,2026-05-25 12:38:08
0060,Regional Championship Orlando,2026-04-04,regional,,2734,SVI-ASC,Mega Latias,mega-latias-ex,latias-mega,2,0.07,1,7,2,16.67,0.0,0.0,0.0,2,0.0732,1,7,2,16.6667,0,0.0,0,0,0,0.0,0.0,2026-05-25 12:38:08
0060,Regional Championship Orlando,2026-04-04,regional,,2734,SVI-ASC,Mega Manectric,mega-manectric-ex-meg,manectric-mega,2,0.07,4,12,0,25.0,0.0,0.0,0.0,2,0.0732,4,12,0,25.0,0,0.0,0,0,0,0.0,0.0,2026-05-25 12:38:08
0060,Regional Championship Orlando,2026-04-04,regional,,2734,SVI-ASC,Okidogi,okidogi-ex,okidogi,2,0.07,2,9,0,18.18,0.0,0.0,0.0,2,0.0732,2,9,0,18.1818,0,0.0,0,0,0,0.0,0.0,2026-05-25 12:38:08
0060,Regional Championship Orlando,2026-04-04,regional,,2734,SVI-ASC,Okidogi,okidogi-twm,okidogi,2,0.07,10,9,3,50.0,0.0,0.0,0.0,2,0.0732,9,5,2,60.4167,1,0.207,1,4,1,22.2222,0.5,2026-05-25 12:38:08
0060,Regional Championship Orlando,2026-04-04,regional,,2734,SVI-ASC,United Wings,united-wings,"murkrow, flamigo",2,0.07,3,6,0,33.33,0.0,0.0,0.0,2,0.0732,3,6,0,33.3333,0,0.0,0,0,0,0.0,0.0,2026-05-25 12:38:08
0060,Regional Championship Orlando,2026-04-04,regional,,2734,SVI-ASC,Blaziken,blaziken-ex-jtg,blaziken,1,0.04,1,5,2,20.83,0.0,0.0,0.0,1,0.0366,1,5,2,20.8333,0,0.0,0,0,0,0.0,0.0,2026-05-25 12:38:08
0060,Regional Championship Orlando,2026-04-04,regional,,2734,SVI-ASC,Blissey,blissey-ex,blissey,1,0.04,0,4,2,11.11,0.0,0.0,0.0,1,0.0366,0,4,2,11.1111,0,0.0,0,0,0,0.0,0.0,2026-05-25 12:38:08
0060,Regional Championship Orlando,2026-04-04,regional,,2734,SVI-ASC,Charizard Greninja,charizard-greninja,"charizard, greninja",1,0.04,3,3,2,45.83,0.0,0.0,0.0,1,0.0366,3,3,2,45.8333,0,0.0,0,0,0,0.0,0.0,2026-05-25 12:38:08
0060,Regional Championship Orlando,2026-04-04,regional,,2734,SVI-ASC,Chien-Pao Baxcalibur,chien-pao-baxcalibur,"chien-pao, baxcalibur",1,0.04,0,7,1,4.17,0.0,0.0,0.0,1,0.0366,0,7,1,4.1667,0,0.0,0,0,0,0.0,0.0,2026-05-25 12:38:08
0060,Regional Championship Orlando,2026-04-04,regional,,2734,SVI-ASC,Clefairy Ogerpon,clefairy-ogerpon,"clefairy, ogerpon",1,0.04,3,3,2,45.83,0.0,0.0,0.0,1,0.0366,3,3,2,45.8333,0,0.0,0,0,0,0.0,0.0,2026-05-25 12:38:08
0060,Regional Championship Orlando,2026-04-04,regional,,2734,SVI-ASC,Espathra Xatu,espathra-xatu,"espathra, xatu",1,0.04,6,7,1,45.24,0.0,0.0,0.0,1,0.0366,5,2,1,66.6667,1,0.207,1,5,0,16.6667,1.0,2026-05-25 12:38:08
0060,Regional Championship Orlando,2026-04-04,regional,,2734,SVI-ASC,Ethan's Magcargo,ethan-magcargo,"magcargo, ho-oh",1,0.04,3,3,1,47.62,0.0,0.0,0.0,1,0.0366,3,3,1,47.619,0,0.0,0,0,0,0.0,0.0,2026-05-25 12:38:08
0060,Regional Championship Orlando,2026-04-04,regional,,2734,SVI-ASC,Feraligatr,feraligatr-tef,feraligatr,1,0.04,2,3,1,38.89,0.0,0.0,0.0,1,0.0366,2,3,1,38.8889,0,0.0,0,0,0,0.0,0.0,2026-05-25 12:38:08
0060,Regional Championship Orlando,2026-04-04,regional,,2734,SVI-ASC,Future Box,future-box,"miraidon, iron-crown",1,0.04,2,4,2,33.33,0.0,0.0,0.0,1,0.0366,2,4,2,33.3333,0,0.0,0,0,0,0.0,0.0,2026-05-25 12:38:08
0060,Regional Championship Orlando,2026-04-04,regional,,2734,SVI-ASC,Gouging Fire,gouging-fire-ex,gouging-fire,1,0.04,0,1,0,0.0,0.0,0.0,0.0,1,0.0366,0,1,0,0.0,0,0.0,0,0,0,0.0,0.0,2026-05-25 12:38:08
0060,Regional Championship Orlando,2026-04-04,regional,,2734,SVI-ASC,Greninja Froslass,greninja-froslass,"greninja, froslass",1,0.04,1,6,1,16.67,0.0,0.0,0.0,1,0.0366,1,6,1,16.6667,0,0.0,0,0,0,0.0,0.0,2026-05-25 12:38:08
0060,Regional Championship Orlando,2026-04-04,regional,,2734,SVI-ASC,Heatran Metang,heatran-metang,"heatran, metang",1,0.04,1,4,1,22.22,0.0,0.0,0.0,1,0.0366,1,4,1,22.2222,0,0.0,0,0,0,0.0,0.0,2026-05-25 12:38:08
0060,Regional Championship Orlando,2026-04-04,regional,,2734,SVI-ASC,Iron Thorns Crustle,iron-thorns-crustle,"iron-thorns, crustle",1,0.04,4,3,1,54.17,0.0,0.0,0.0,1,0.0366,4,3,1,54.1667,0,0.0,0,0,0,0.0,0.0,2026-05-25 12:38:08
0060,Regional Championship Orlando,2026-04-04,regional,,2734,SVI-ASC,Magnezone,magnezone-ex,magnezone,1,0.04,0,3,0,0.0,0.0,0.0,0.0,1,0.0366,0,3,0,0.0,0,0.0,0,0,0,0.0,0.0,2026-05-25 12:38:08
0060,Regional Championship Orlando,2026-04-04,regional,,2734,SVI-ASC,Marnie's Grimmsnarl,marnie-grimmsnarl-ex,grimmsnarl,1,0.04,3,5,0,37.5,0.0,0.0,0.0,1,0.0366,3,5,0,37.5,0,0.0,0,0,0,0.0,0.0,2026-05-25 12:38:08
0060,Regional Championship Orlando,2026-04-04,regional,,2734,SVI-ASC,Mega Abomasnow,mega-abomasnow-ex,abomasnow-mega,1,0.04,1,3,0,25.0,0.0,0.0,0.0,1,0.0366,1,3,0,25.0,0,0.0,0,0,0,0.0,0.0,2026-05-25 12:38:08
0060,Regional Championship Orlando,2026-04-04,regional,,2734,SVI-ASC,Mega Diancie,mega-diancie-ex,diancie-mega,1,0.04,0,5,1,5.56,0.0,0.0,0.0,1,0.0366,0,5,1,5.5556,0,0.0,0,0,0,0.0,0.0,2026-05-25 12:38:08
0060,Regional Championship Orlando,2026-04-04,regional,,2734,SVI-ASC,Mega Froslass,mega-froslass-ex,froslass-mega,1,0.04,0,4,0,0.0,0.0,0.0,0.0,1,0.0366,0,4,0,0.0,0,0.0,0,0,0,0.0,0.0,2026-05-25 12:38:08
0060,Regional Championship Orlando,2026-04-04,regional,,2734,SVI-ASC,Palafin,palafin-ex,palafin-hero,1,0.04,3,3,2,45.83,0.0,0.0,0.0,1,0.0366,3,3,2,45.8333,0,0.0,0,0,0,0.0,0.0,2026-05-25 12:38:08
0060,Regional Championship Orlando,2026-04-04,regional,,2734,SVI-ASC,Poison Archaludon,poison-archaludon,"archaludon, brute-bonnet",1,0.04,1,3,2,27.78,0.0,0.0,0.0,1,0.0366,1,3,2,27.7778,0,0.0,0,0,0,0.0,0.0,2026-05-25 12:38:08
0060,Regional Championship Orlando,2026-04-04,regional,,2734,SVI-ASC,Seaking Festival Lead,seaking-pre,"seaking, thwackey",1,0.04,0,2,0,0.0,0.0,0.0,0.0,1,0.0366,0,2,0,0.0,0,0.0,0,0,0,0.0,0.0,2026-05-25 12:38:08
0060,Regional Championship Orlando,2026-04-04,regional,,2734,SVI-ASC,Sinistcha Ogerpon,sinistcha-ogerpon,"sinistcha, ogerpon",1,0.04,2,3,0,40.0,0.0,0.0,0.0,1,0.0366,2,3,0,40.0,0,0.0,0,0,0,0.0,0.0,2026-05-25 12:38:08
0060,Regional Championship Orlando,2026-04-04,regional,,2734,SVI-ASC,Tinkaton,tinkaton-ex,tinkaton,1,0.04,1,3,0,25.0,0.0,0.0,0.0,1,0.0366,1,3,0,25.0,0,0.0,0,0,0,0.0,0.0,2026-05-25 12:38:08
0060,Regional Championship Orlando,2026-04-04,regional,,2734,SVI-ASC,Tyranitar,tyranitar-jtg,tyranitar,1,0.04,1,3,0,25.0,0.0,0.0,0.0,1,0.0366,1,3,0,25.0,0,0.0,0,0,0,0.0,0.0,2026-05-25 12:38:08
0060,Regional Championship Orlando,2026-04-04,regional,,2734,SVI-ASC,Venomoth Froslass,venomoth-froslass,"venomoth, froslass",1,0.04,1,3,1,26.67,0.0,0.0,0.0,1,0.0366,1,3,1,26.6667,0,0.0,0,0,0,0.0,0.0,2026-05-25 12:38:08
0061,Regional Championship Querétaro,2026-04-04,regional,,1434,SVI-ASC,Dragapult Dusknoir,dragapult-dusknoir,"dragapult, dusknoir",250,17.43,841,882,371,46.07,0.0,0.0,0.0,250,17.4338,755,794,340,45.9679,41,17.0124,86,88,31,46.9919,0.164,2026-05-25 12:38:08
0061,Regional Championship Querétaro,2026-04-04,regional,,1434,SVI-ASC,Gholdengo Lunatone,gholdengo-lunatone,"gholdengo, lunatone",126,8.79,462,406,234,49.0,0.0,0.0,0.0,126,8.7866,410,343,203,49.9651,29,12.0332,52,63,31,42.6941,0.2302,2026-05-25 12:38:08
0061,Regional Championship Querétaro,2026-04-04,regional,,1434,SVI-ASC,N's Zoroark,n-zoroark,zoroark,126,8.79,406,430,204,45.58,0.0,0.0,0.0,126,8.7866,369,392,189,45.4737,18,7.4689,37,38,15,46.6667,0.1429,2026-05-25 12:38:08
0061,Regional Championship Querétaro,2026-04-04,regional,,1434,SVI-ASC,Grimmsnarl Froslass,grimmsnarl-froslass,"grimmsnarl, froslass",111,7.74,454,335,218,52.3,0.0,0.0,0.0,111,7.7406,374,276,191,52.0412,31,12.8631,80,59,27,53.6145,0.2793,2026-05-25 12:38:08
0061,Regional Championship Querétaro,2026-04-04,regional,,1434,SVI-ASC,Gardevoir,gardevoir-ex-sv,gardevoir,107,7.46,346,368,176,45.47,0.0,0.0,0.0,107,7.4616,318,336,159,45.6335,15,6.2241,28,32,17,43.7229,0.1402,2026-05-25 12:38:08
0061,Regional Championship Querétaro,2026-04-04,regional,,1434,SVI-ASC,Raging Bolt Ogerpon,raging-bolt-ogerpon,"raging-bolt, ogerpon",85,5.93,285,290,115,46.86,0.0,0.0,0.0,85,5.9275,260,265,105,46.8254,12,4.9793,25,25,10,47.2222,0.1412,2026-05-25 12:38:08
0061,Regional Championship Querétaro,2026-04-04,regional,,1434,SVI-ASC,Mega Absol Box,mega-absol-box,"absol-mega, kangaskhan-mega",72,5.02,246,263,108,45.71,0.0,0.0,0.0,72,5.0209,219,238,91,45.4988,13,5.3942,27,25,17,47.343,0.1806,2026-05-25 12:38:08
0061,Regional Championship Querétaro,2026-04-04,regional,,1434,SVI-ASC,Charizard Noctowl,charizard-noctowl,"charizard, noctowl",51,3.56,174,171,87,46.99,0.0,0.0,0.0,51,3.5565,157,152,83,47.1088,8,3.3195,17,19,4,45.8333,0.1569,2026-05-25 12:38:08
0061,Regional Championship Querétaro,2026-04-04,regional,,1434,SVI-ASC,Dragapult Charizard,dragapult-charizard,"dragapult, charizard",47,3.28,137,165,72,43.05,0.0,0.0,0.0,47,3.2775,133,154,67,43.8795,4,1.6598,4,11,5,28.3333,0.0851,2026-05-25 12:38:08
0061,Regional Championship Querétaro,2026-04-04,regional,,1434,SVI-ASC,Ceruledge,ceruledge-ex,ceruledge,41,2.86,122,139,64,44.1,0.0,0.0,0.0,41,2.8591,118,130,62,44.7312,3,1.2448,4,9,2,31.1111,0.0732,2026-05-25 12:38:08
0061,Regional Championship Querétaro,2026-04-04,regional,,1434,SVI-ASC,Froslass Munkidori,froslass-munkidori,"froslass, munkidori",40,2.79,151,116,87,50.85,0.0,0.0,0.0,40,2.7894,126,100,76,50.1104,10,4.1494,25,16,11,55.1282,0.25,2026-05-25 12:38:08
0061,Regional Championship Querétaro,2026-04-04,regional,,1434,SVI-ASC,Alakazam Dudunsparce,alakazam-dudunsparce,"alakazam, dudunsparce",37,2.58,109,141,51,41.86,0.0,0.0,0.0,37,2.5802,103,129,44,42.6329,5,2.0747,6,12,7,33.3333,0.1351,2026-05-25 12:38:08
0061,Regional Championship Querétaro,2026-04-04,regional,,1434,SVI-ASC,Joltik Box,joltik-box,"joltik, pikachu",32,2.23,163,112,46,55.56,0.0,0.0,0.0,32,2.2315,130,83,38,56.8393,14,5.8091,33,29,8,50.9524,0.4375,2026-05-25 12:38:08
0061,Regional Championship Querétaro,2026-04-04,regional,,1434,SVI-ASC,Charizard Pidgeot,charizard-pidgeot,"charizard, pidgeot",27,1.88,70,95,43,40.54,0.0,0.0,0.0,27,1.8828,70,93,40,41.0509,1,0.4149,0,2,3,20.0,0.037,2026-05-25 12:38:08
0061,Regional Championship Querétaro,2026-04-04,regional,,1434,SVI-ASC,Festival Lead,festival-lead,"dipplin, thwackey",26,1.81,111,97,25,51.22,0.0,0.0,0.0,26,1.8131,99,80,24,52.7094,6,2.4896,12,17,1,41.1111,0.2308,2026-05-25 12:38:08
0061,Regional Championship Querétaro,2026-04-04,regional,,1434,SVI-ASC,Gardevoir Jellicent,gardevoir-jellicent,"gardevoir, jellicent",20,1.39,53,70,32,41.08,0.0,0.0,0.0,20,1.3947,51,68,31,40.8889,1,0.4149,2,2,1,46.6667,0.05,2026-05-25 12:38:08
0061,Regional Championship Querétaro,2026-04-04,regional,,1434,SVI-ASC,Crustle,crustle-dri,crustle,19,1.32,90,56,37,55.92,0.0,0.0,0.0,19,1.325,72,47,32,54.7461,6,2.4896,18,9,5,61.4583,0.3158,2026-05-25 12:38:08
0061,Regional Championship Querétaro,2026-04-04,regional,,1434,SVI-ASC,Flareon Noctowl,flareon-noctowl,"flareon, noctowl",18,1.26,52,65,30,42.18,0.0,0.0,0.0,18,1.2552,46,63,28,40.3893,2,0.8299,6,2,2,66.6667,0.1111,2026-05-25 12:38:08
0061,Regional Championship Querétaro,2026-04-04,regional,,1434,SVI-ASC,Tera Box,tera-box,"noctowl, ogerpon-wellspring",16,1.12,61,61,20,47.65,0.0,0.0,0.0,16,1.1158,53,52,17,48.0874,4,1.6598,8,9,3,45.0,0.25,2026-05-25 12:38:08
0061,Regional Championship Querétaro,2026-04-04,regional,,1434,SVI-ASC,Lucario Hariyama,lucario-hariyama,"lucario-mega, hariyama",15,1.05,44,47,26,45.01,0.0,0.0,0.0,15,1.046,40,43,24,44.8598,2,0.8299,4,4,2,46.6667,0.1333,2026-05-25 12:38:08
0061,Regional Championship Querétaro,2026-04-04,regional,,1434,SVI-ASC,Cynthia's Garchomp,cynthia-garchomp-ex,garchomp,14,0.98,44,42,17,48.22,0.0,0.0,0.0,14,0.9763,41,40,17,47.619,1,0.4149,3,2,0,60.0,0.0714,2026-05-25 12:38:08
0061,Regional Championship Querétaro,2026-04-04,regional,,1434,SVI-ASC,Mega Venusaur,mega-venusaur-ex,venusaur-mega,14,0.98,35,43,21,42.42,0.0,0.0,0.0,14,0.9763,35,43,21,42.4242,0,0.0,0,0,0,0.0,0.0,2026-05-25 12:38:08
0061,Regional Championship Querétaro,2026-04-04,regional,,1434,SVI-ASC,Rocket's Mewtwo,rocket-mewtwo-ex,"mewtwo, spidops",13,0.91,30,51,15,36.46,0.0,0.0,0.0,13,0.9066,30,51,15,36.4583,0,0.0,0,0,0,0.0,0.0,2026-05-25 12:38:08
0061,Regional Championship Querétaro,2026-04-04,regional,,1434,SVI-ASC,Rocket's Honchkrow,rockets-honchkrow,"honchkrow, porygon2",8,0.56,27,30,7,45.83,0.0,0.0,0.0,8,0.5579,25,27,7,46.3277,1,0.4149,2,3,0,40.0,0.125,2026-05-25 12:38:08
0061,Regional Championship Querétaro,2026-04-04,regional,,1434,SVI-ASC,Greninja,greninja-ex,greninja,7,0.49,17,29,5,36.6,0.0,0.0,0.0,7,0.4881,17,29,5,36.6013,0,0.0,0,0,0,0.0,0.0,2026-05-25 12:38:08
0061,Regional Championship Querétaro,2026-04-04,regional,,1434,SVI-ASC,Kangaskhan Bouffalant,kangaskhan-bouffalant,"kangaskhan-mega, bouffalant",7,0.49,31,17,18,56.06,0.0,0.0,0.0,7,0.4881,26,16,14,54.7619,2,0.8299,5,1,4,63.3333,0.2857,2026-05-25 12:38:08
0061,Regional Championship Querétaro,2026-04-04,regional,,1434,SVI-ASC,Slowking,slowking-scr,slowking,7,0.49,28,27,10,48.21,0.0,0.0,0.0,7,0.4881,24,23,8,48.4848,2,0.8299,4,4,2,46.6667,0.2857,2026-05-25 12:38:08
0061,Regional Championship Querétaro,2026-04-04,regional,,1434,SVI-ASC,Gholdengo,gholdengo-ex,gholdengo,6,0.42,21,20,8,48.3,0.0,0.0,0.0,6,0.4184,20,17,7,50.7576,1,0.4149,1,3,1,26.6667,0.1667,2026-05-25 12:38:08
0061,Regional Championship Querétaro,2026-04-04,regional,,1434,SVI-ASC,Mega Lucario,mega-lucario-ex,lucario-mega,6,0.42,14,26,5,34.81,0.0,0.0,0.0,6,0.4184,14,26,5,34.8148,0,0.0,0,0,0,0.0,0.0,2026-05-25 12:38:08
0061,Regional Championship Querétaro,2026-04-04,regional,,1434,SVI-ASC,Alakazam,alakazam-meg,alakazam,4,0.28,6,17,6,27.59,0.0,0.0,0.0,4,0.2789,6,17,6,27.5862,0,0.0,0,0,0,0.0,0.0,2026-05-25 12:38:08
0061,Regional Championship Querétaro,2026-04-04,regional,,1434,SVI-ASC,Dragapult,dragapult-ex,dragapult,4,0.28,11,9,12,46.88,0.0,0.0,0.0,4,0.2789,11,9,12,46.875,0,0.0,0,0,0,0.0,0.0,2026-05-25 12:38:08
0061,Regional Championship Querétaro,2026-04-04,regional,,1434,SVI-ASC,Gholdengo Joltik Box,gholdengo-joltik-box,"gholdengo, joltik",4,0.28,18,12,7,54.95,0.0,0.0,0.0,4,0.2789,15,10,7,54.1667,1,0.4149,3,2,0,60.0,0.25,2026-05-25 12:38:08
0061,Regional Championship Querétaro,2026-04-04,regional,,1434,SVI-ASC,Hydrapple Ogerpon,hydrapple-ogerpon,"hydrapple, ogerpon",4,0.28,7,16,5,30.95,0.0,0.0,0.0,4,0.2789,7,16,5,30.9524,0,0.0,0,0,0,0.0,0.0,2026-05-25 12:38:08
0061,Regional Championship Querétaro,2026-04-04,regional,,1434,SVI-ASC,Manectric Eelektrik,manectric-eelektrik,"manectric-mega, eelektrik",4,0.28,11,12,4,45.68,0.0,0.0,0.0,4,0.2789,11,12,4,45.679,0,0.0,0,0,0,0.0,0.0,2026-05-25 12:38:08
0061,Regional Championship Querétaro,2026-04-04,regional,,1434,SVI-ASC,Ogerpon Meganium,ogerpon-meganium,"ogerpon, meganium",4,0.28,10,15,5,38.89,0.0,0.0,0.0,4,0.2789,10,15,5,38.8889,0,0.0,0,0,0,0.0,0.0,2026-05-25 12:38:08
0061,Regional Championship Querétaro,2026-04-04,regional,,1434,SVI-ASC,Other,other,substitute,4,0.28,6,16,4,28.21,0.0,0.0,0.0,4,0.2789,6,16,4,28.2051,0,0.0,0,0,0,0.0,0.0,2026-05-25 12:38:08
0061,Regional Championship Querétaro,2026-04-04,regional,,1434,SVI-ASC,Ethan's Typhlosion,ethan-typhlosion,typhlosion,3,0.21,12,10,7,49.43,0.0,0.0,0.0,3,0.2092,9,9,6,45.8333,1,0.4149,3,1,1,66.6667,0.3333,2026-05-25 12:38:08
0061,Regional Championship Querétaro,2026-04-04,regional,,1434,SVI-ASC,Ho-Oh Armarouge,ho-oh-armarouge,"ho-oh, armarouge",3,0.21,8,8,9,44.0,0.0,0.0,0.0,3,0.2092,5,8,7,36.6667,1,0.4149,3,0,2,73.3333,0.3333,2026-05-25 12:38:08
0061,Regional Championship Querétaro,2026-04-04,regional,,1434,SVI-ASC,Lopunny Dusknoir,lopunny-dusknoir,"lopunny-mega, dusknoir",3,0.21,5,13,4,28.79,0.0,0.0,0.0,3,0.2092,5,13,4,28.7879,0,0.0,0,0,0,0.0,0.0,2026-05-25 12:38:08
0061,Regional Championship Querétaro,2026-04-04,regional,,1434,SVI-ASC,Mega Charizard X,mega-charizard-x-ex,charizard-mega-x,3,0.21,4,12,3,26.32,0.0,0.0,0.0,3,0.2092,4,12,3,26.3158,0,0.0,0,0,0,0.0,0.0,2026-05-25 12:38:08
0061,Regional Championship Querétaro,2026-04-04,regional,,1434,SVI-ASC,Sharpedo Toxtricity,sharpedo-toxtricity,"sharpedo-mega, toxtricity",3,0.21,7,13,4,34.72,0.0,0.0,0.0,3,0.2092,7,13,4,34.7222,0,0.0,0,0,0,0.0,0.0,2026-05-25 12:38:08
0061,Regional Championship Querétaro,2026-04-04,regional,,1434,SVI-ASC,Ursaluna Lunatone,ursaluna-lunatone,"ursaluna-bloodmoon, lunatone",3,0.21,17,8,9,58.82,0.0,0.0,0.0,3,0.2092,13,5,6,62.5,2,0.8299,4,3,3,50.0,0.6667,2026-05-25 12:38:08
0061,Regional Championship Querétaro,2026-04-04,regional,,1434,SVI-ASC,Archaludon,archaludon-ex,archaludon,2,0.14,10,7,4,53.97,0.0,0.0,0.0,2,0.1395,8,5,3,56.25,1,0.4149,2,2,1,46.6667,0.5,2026-05-25 12:38:08
0061,Regional Championship Querétaro,2026-04-04,regional,,1434,SVI-ASC,Charizard,charizard-ex,charizard,2,0.14,6,7,3,43.75,0.0,0.0,0.0,2,0.1395,6,7,3,43.75,0,0.0,0,0,0,0.0,0.0,2026-05-25 12:38:08
0061,Regional Championship Querétaro,2026-04-04,regional,,1434,SVI-ASC,Dragapult Blaziken,dragapult-blaziken,"dragapult, blaziken",2,0.14,9,7,2,53.7,0.0,0.0,0.0,2,0.1395,9,5,2,60.4167,1,0.4149,0,2,0,0.0,0.5,2026-05-25 12:38:08
0061,Regional Championship Querétaro,2026-04-04,regional,,1434,SVI-ASC,Hop's Zacian,hop-zacian,"zacian-crowned, snorlax",2,0.14,5,11,0,31.25,0.0,0.0,0.0,2,0.1395,5,11,0,31.25,0,0.0,0,0,0,0.0,0.0,2026-05-25 12:38:08
0061,Regional Championship Querétaro,2026-04-04,regional,,1434,SVI-ASC,Hop's Trevenant,hops-trevenant,trevenant,2,0.14,4,8,2,33.33,0.0,0.0,0.0,2,0.1395,4,8,2,33.3333,0,0.0,0,0,0,0.0,0.0,2026-05-25 12:38:08
0061,Regional Championship Querétaro,2026-04-04,regional,,1434,SVI-ASC,Marnie's Grimmsnarl,marnie-grimmsnarl-ex,grimmsnarl,2,0.14,6,9,1,39.58,0.0,0.0,0.0,2,0.1395,6,9,1,39.5833,0,0.0,0,0,0,0.0,0.0,2026-05-25 12:38:08
0061,Regional Championship Querétaro,2026-04-04,regional,,1434,SVI-ASC,Palafin,palafin-ex,palafin-hero,2,0.14,6,8,2,41.67,0.0,0.0,0.0,2,0.1395,6,8,2,41.6667,0,0.0,0,0,0,0.0,0.0,2026-05-25 12:38:08
0061,Regional Championship Querétaro,2026-04-04,regional,,1434,SVI-ASC,Archaludon Dudunsparce,archaludon-dudunsparce,"archaludon, dudunsparce",1,0.07,1,4,3,25.0,0.0,0.0,0.0,1,0.0697,1,4,3,25.0,0,0.0,0,0,0,0.0,0.0,2026-05-25 12:38:08
0061,Regional Championship Querétaro,2026-04-04,regional,,1434,SVI-ASC,Azumarill,azumarill-ssp,azumarill,1,0.07,3,5,0,37.5,0.0,0.0,0.0,1,0.0697,3,5,0,37.5,0,0.0,0,0,0,0.0,0.0,2026-05-25 12:38:08
0061,Regional Championship Querétaro,2026-04-04,regional,,1434,SVI-ASC,Charizard Dusknoir,charizard-dusknoir,"charizard, dusknoir",1,0.07,1,4,1,22.22,0.0,0.0,0.0,1,0.0697,1,4,1,22.2222,0,0.0,0,0,0,0.0,0.0,2026-05-25 12:38:08
0061,Regional Championship Querétaro,2026-04-04,regional,,1434,SVI-ASC,Chien-Pao Baxcalibur,chien-pao-baxcalibur,"chien-pao, baxcalibur",1,0.07,1,4,1,22.22,0.0,0.0,0.0,1,0.0697,1,4,1,22.2222,0,0.0,0,0,0,0.0,0.0,2026-05-25 12:38:08
0061,Regional Championship Querétaro,2026-04-04,regional,,1434,SVI-ASC,Conkeldurr,conkeldurr-twm,conkeldurr,1,0.07,3,4,1,41.67,0.0,0.0,0.0,1,0.0697,3,4,1,41.6667,0,0.0,0,0,0,0.0,0.0,2026-05-25 12:38:08
0061,Regional Championship Querétaro,2026-04-04,regional,,1434,SVI-ASC,Copperajah,copperajah-ex,copperajah,1,0.07,4,1,3,62.5,0.0,0.0,0.0,1,0.0697,4,1,3,62.5,0,0.0,0,0,0,0.0,0.0,2026-05-25 12:38:08
0061,Regional Championship Querétaro,2026-04-04,regional,,1434,SVI-ASC,Dragapult Froslass,dragapult-froslass,"dragapult, froslass",1,0.07,4,3,1,54.17,0.0,0.0,0.0,1,0.0697,4,3,1,54.1667,0,0.0,0,0,0,0.0,0.0,2026-05-25 12:38:08
0061,Regional Championship Querétaro,2026-04-04,regional,,1434,SVI-ASC,Flareon,flareon-ex,flareon,1,0.07,3,4,1,41.67,0.0,0.0,0.0,1,0.0697,3,4,1,41.6667,0,0.0,0,0,0,0.0,0.0,2026-05-25 12:38:08
0061,Regional Championship Querétaro,2026-04-04,regional,,1434,SVI-ASC,Great Tusk Mill,great-tusk-tef,great-tusk,1,0.07,1,4,1,22.22,0.0,0.0,0.0,1,0.0697,1,4,1,22.2222,0,0.0,0,0,0,0.0,0.0,2026-05-25 12:38:08
0061,Regional Championship Querétaro,2026-04-04,regional,,1434,SVI-ASC,Greninja Blaziken,greninja-blaziken,"greninja, blaziken",1,0.07,4,3,1,54.17,0.0,0.0,0.0,1,0.0697,4,3,1,54.1667,0,0.0,0,0,0,0.0,0.0,2026-05-25 12:38:08
0061,Regional Championship Querétaro,2026-04-04,regional,,1434,SVI-ASC,Hydrapple,hydrapple-ex,hydrapple,1,0.07,1,4,2,23.81,0.0,0.0,0.0,1,0.0697,1,4,2,23.8095,0,0.0,0,0,0,0.0,0.0,2026-05-25 12:38:08
0061,Regional Championship Querétaro,2026-04-04,regional,,1434,SVI-ASC,Hydreigon,hydreigon-ex,hydreigon,1,0.07,3,4,1,41.67,0.0,0.0,0.0,1,0.0697,3,4,1,41.6667,0,0.0,0,0,0,0.0,0.0,2026-05-25 12:38:08
0061,Regional Championship Querétaro,2026-04-04,regional,,1434,SVI-ASC,Iron Hands Magneton,iron-hands-magneton,"iron-hands, magneton",1,0.07,1,4,1,22.22,0.0,0.0,0.0,1,0.0697,1,4,1,22.2222,0,0.0,0,0,0,0.0,0.0,2026-05-25 12:38:08
0061,Regional Championship Querétaro,2026-04-04,regional,,1434,SVI-ASC,Kangaskhan Forretress,kangaskhan-forretress,"kangaskhan-mega, forretress",1,0.07,3,4,1,41.67,0.0,0.0,0.0,1,0.0697,3,4,1,41.6667,0,0.0,0,0,0,0.0,0.0,2026-05-25 12:38:08
0061,Regional Championship Querétaro,2026-04-04,regional,,1434,SVI-ASC,Mega Froslass,mega-froslass-ex,froslass-mega,1,0.07,6,6,1,48.72,0.0,0.0,0.0,1,0.0697,5,2,1,66.6667,1,0.4149,1,4,0,20.0,1.0,2026-05-25 12:38:08
0061,Regional Championship Querétaro,2026-04-04,regional,,1434,SVI-ASC,Mega Gengar,mega-gengar-ex,gengar-mega,1,0.07,1,5,2,20.83,0.0,0.0,0.0,1,0.0697,1,5,2,20.8333,0,0.0,0,0,0,0.0,0.0,2026-05-25 12:38:08
0061,Regional Championship Querétaro,2026-04-04,regional,,1434,SVI-ASC,Mega Lopunny,mega-lopunny-ex,lopunny-mega,1,0.07,0,4,1,6.67,0.0,0.0,0.0,1,0.0697,0,4,1,6.6667,0,0.0,0,0,0,0.0,0.0,2026-05-25 12:38:08
0061,Regional Championship Querétaro,2026-04-04,regional,,1434,SVI-ASC,Okidogi,okidogi-ex,okidogi,1,0.07,3,3,2,45.83,0.0,0.0,0.0,1,0.0697,3,3,2,45.8333,0,0.0,0,0,0,0.0,0.0,2026-05-25 12:38:08
0061,Regional Championship Querétaro,2026-04-04,regional,,1434,SVI-ASC,Pidgeot Control,pidgeot-control,pidgeot,1,0.07,4,3,1,54.17,0.0,0.0,0.0,1,0.0697,4,3,1,54.1667,0,0.0,0,0,0,0.0,0.0,2026-05-25 12:38:08
0061,Regional Championship Querétaro,2026-04-04,regional,,1434,SVI-ASC,Poison Archaludon,poison-archaludon,"archaludon, brute-bonnet",1,0.07,4,3,1,54.17,0.0,0.0,0.0,1,0.0697,4,3,1,54.1667,0,0.0,0,0,0,0.0,0.0,2026-05-25 12:38:08
0061,Regional Championship Querétaro,2026-04-04,regional,,1434,SVI-ASC,Poison Latias,poison-mega-latias,"latias-mega, brute-bonnet",1,0.07,2,5,1,29.17,0.0,0.0,0.0,1,0.0697,2,5,1,29.1667,0,0.0,0,0,0,0.0,0.0,2026-05-25 12:38:08
0061,Regional Championship Querétaro,2026-04-04,regional,,1434,SVI-ASC,Roaring Moon Dudunsparce,roaring-moon-dudunsparce,"roaring-moon, dudunsparce",1,0.07,7,3,3,61.54,0.0,0.0,0.0,1,0.0697,5,2,1,66.6667,1,0.4149,2,1,2,53.3333,1.0,2026-05-25 12:38:08
0061,Regional Championship Querétaro,2026-04-04,regional,,1434,SVI-ASC,Roaring Moon,roaring-moon-ex,roaring-moon,1,0.07,3,5,0,37.5,0.0,0.0,0.0,1,0.0697,3,5,0,37.5,0,0.0,0,0,0,0.0,0.0,2026-05-25 12:38:08
0061,Regional Championship Querétaro,2026-04-04,regional,,1434,SVI-ASC,Steven's Metagross,stevens-metagross,metagross,1,0.07,1,5,2,20.83,0.0,0.0,0.0,1,0.0697,1,5,2,20.8333,0,0.0,0,0,0,0.0,0.0,2026-05-25 12:38:08
0061,Regional Championship Querétaro,2026-04-04,regional,,1434,SVI-ASC,Toxtricity Box,toxtricity-box,"toxtricity, absol-mega",1,0.07,0,6,2,8.33,0.0,0.0,0.0,1,0.0697,0,6,2,8.3333,0,0.0,0,0,0,0.0,0.0,2026-05-25 12:38:08
0061,Regional Championship Querétaro,2026-04-04,regional,,1434,SVI-ASC,Toxtricity,toxtricity-pfl,toxtricity,1,0.07,1,3,2,27.78,0.0,0.0,0.0,1,0.0697,1,3,2,27.7778,0,0.0,0,0,0,0.0,0.0,2026-05-25 12:38:08
0056,Special Event San Juan,2026-03-07,regional,,345,SVI-ASC,Dragapult Dusknoir,dragapult-dusknoir,"dragapult, dusknoir",65,18.84,236,221,75,49.06,0.0,0.0,0.0,65,18.8406,214,198,68,49.3056,15,23.8095,22,23,7,46.7949,0.2308,2026-05-25 12:38:08
0056,Special Event San Juan,2026-03-07,regional,,345,SVI-ASC,Gholdengo Lunatone,gholdengo-lunatone,"gholdengo, lunatone",38,11.01,131,121,46,49.11,0.0,0.0,0.0,38,11.0145,121,109,45,49.4545,7,11.1111,10,12,1,44.9275,0.1842,2026-05-25 12:38:08
0056,Special Event San Juan,2026-03-07,regional,,345,SVI-ASC,N's Zoroark,n-zoroark,zoroark,33,9.57,107,108,43,47.03,0.0,0.0,0.0,33,9.5652,100,101,40,47.0263,5,7.9365,7,7,3,47.0588,0.1515,2026-05-25 12:38:08
0056,Special Event San Juan,2026-03-07,regional,,345,SVI-ASC,Raging Bolt Ogerpon,raging-bolt-ogerpon,"raging-bolt, ogerpon",27,7.83,82,93,30,44.88,0.0,0.0,0.0,27,7.8261,80,86,27,46.114,4,6.3492,2,7,3,25.0,0.1481,2026-05-25 12:38:08
0056,Special Event San Juan,2026-03-07,regional,,345,SVI-ASC,Grimmsnarl Froslass,grimmsnarl-froslass,"grimmsnarl, froslass",24,6.96,89,67,42,52.02,0.0,0.0,0.0,24,6.9565,81,60,38,52.3277,6,9.5238,8,7,4,49.1228,0.25,2026-05-25 12:38:08
0056,Special Event San Juan,2026-03-07,regional,,345,SVI-ASC,Gardevoir,gardevoir-ex-sv,gardevoir,19,5.51,60,64,22,46.12,0.0,0.0,0.0,19,5.5072,59,59,22,47.381,2,3.1746,1,5,0,16.6667,0.1053,2026-05-25 12:38:08
0056,Special Event San Juan,2026-03-07,regional,,345,SVI-ASC,Mega Absol Box,mega-absol-box,"absol-mega, kangaskhan-mega",17,4.93,53,53,28,46.52,0.0,0.0,0.0,17,4.9275,46,47,25,46.0452,5,7.9365,7,6,3,50.0,0.2941,2026-05-25 12:38:08
0056,Special Event San Juan,2026-03-07,regional,,345,SVI-ASC,Joltik Box,joltik-box,"joltik, pikachu",16,4.64,59,54,15,50.0,0.0,0.0,0.0,16,4.6377,57,53,15,49.6,1,1.5873,2,1,0,66.6667,0.0625,2026-05-25 12:38:08
0056,Special Event San Juan,2026-03-07,regional,,345,SVI-ASC,Charizard Noctowl,charizard-noctowl,"charizard, noctowl",13,3.77,48,38,16,52.29,0.0,0.0,0.0,13,3.7681,44,36,15,51.5789,2,3.1746,4,2,1,61.9048,0.1538,2026-05-25 12:38:08
0056,Special Event San Juan,2026-03-07,regional,,345,SVI-ASC,Dragapult Charizard,dragapult-charizard,"dragapult, charizard",12,3.48,45,41,13,49.83,0.0,0.0,0.0,12,3.4783,41,38,11,49.6296,3,4.7619,4,3,2,51.8519,0.25,2026-05-25 12:38:08
0056,Special Event San Juan,2026-03-07,regional,,345,SVI-ASC,Alakazam Dudunsparce,alakazam-dudunsparce,"alakazam, dudunsparce",10,2.9,22,29,14,41.03,0.0,0.0,0.0,10,2.8986,20,28,14,39.7849,1,1.5873,2,1,0,66.6667,0.1,2026-05-25 12:38:08
0056,Special Event San Juan,2026-03-07,regional,,345,SVI-ASC,Froslass Munkidori,froslass-munkidori,"froslass, munkidori",8,2.32,44,24,10,60.68,0.0,0.0,0.0,8,2.3188,37,19,8,61.9792,3,4.7619,7,5,2,54.7619,0.375,2026-05-25 12:38:08
0056,Special Event San Juan,2026-03-07,regional,,345,SVI-ASC,Charizard Pidgeot,charizard-pidgeot,"charizard, pidgeot",6,1.74,15,21,6,40.48,0.0,0.0,0.0,6,1.7391,15,21,6,40.4762,0,0.0,0,0,0,0.0,0.0,2026-05-25 12:38:08
0056,Special Event San Juan,2026-03-07,regional,,345,SVI-ASC,Tera Box,tera-box,"noctowl, ogerpon-wellspring",6,1.74,20,23,2,45.93,0.0,0.0,0.0,6,1.7391,20,23,2,45.9259,0,0.0,0,0,0,0.0,0.0,2026-05-25 12:38:08
0056,Special Event San Juan,2026-03-07,regional,,345,SVI-ASC,Crustle,crustle-dri,crustle,5,1.45,24,14,9,57.45,0.0,0.0,0.0,5,1.4493,21,10,7,61.4035,3,4.7619,3,4,2,40.7407,0.6,2026-05-25 12:38:08
0056,Special Event San Juan,2026-03-07,regional,,345,SVI-ASC,Gardevoir Jellicent,gardevoir-jellicent,"gardevoir, jellicent",5,1.45,8,21,2,27.96,0.0,0.0,0.0,5,1.4493,8,21,2,27.957,0,0.0,0,0,0,0.0,0.0,2026-05-25 12:38:08
0056,Special Event San Juan,2026-03-07,regional,,345,SVI-ASC,Ceruledge,ceruledge-ex,ceruledge,4,1.16,29,8,9,69.57,0.0,0.0,0.0,4,1.1594,17,7,8,61.4583,2,3.1746,12,1,1,88.0952,0.5,2026-05-25 12:38:08
0056,Special Event San Juan,2026-03-07,regional,,345,SVI-ASC,Kangaskhan Bouffalant,kangaskhan-bouffalant,"kangaskhan-mega, bouffalant",4,1.16,19,15,4,53.51,0.0,0.0,0.0,4,1.1594,17,12,3,56.25,2,3.1746,2,3,1,38.8889,0.5,2026-05-25 12:38:08
0056,Special Event San Juan,2026-03-07,regional,,345,SVI-ASC,Other,other,substitute,4,1.16,5,12,3,30.0,0.0,0.0,0.0,4,1.1594,5,12,3,30.0,0,0.0,0,0,0,0.0,0.0,2026-05-25 12:38:08
0056,Special Event San Juan,2026-03-07,regional,,345,SVI-ASC,Lucario Hariyama,lucario-hariyama,"lucario-mega, hariyama",3,0.87,6,11,4,34.92,0.0,0.0,0.0,3,0.8696,6,11,4,34.9206,0,0.0,0,0,0,0.0,0.0,2026-05-25 12:38:08
0056,Special Event San Juan,2026-03-07,regional,,345,SVI-ASC,Ogerpon Meganium,ogerpon-meganium,"ogerpon, meganium",3,0.87,11,12,4,45.68,0.0,0.0,0.0,3,0.8696,10,10,4,47.2222,1,1.5873,1,2,0,33.3333,0.3333,2026-05-25 12:38:08
0056,Special Event San Juan,2026-03-07,regional,,345,SVI-ASC,Dragapult Froslass,dragapult-froslass,"dragapult, froslass",2,0.58,6,8,1,42.22,0.0,0.0,0.0,2,0.5797,6,8,1,42.2222,0,0.0,0,0,0,0.0,0.0,2026-05-25 12:38:08
0056,Special Event San Juan,2026-03-07,regional,,345,SVI-ASC,Gholdengo Joltik Box,gholdengo-joltik-box,"gholdengo, joltik",2,0.58,7,8,0,46.67,0.0,0.0,0.0,2,0.5797,7,8,0,46.6667,0,0.0,0,0,0,0.0,0.0,2026-05-25 12:38:08
0056,Special Event San Juan,2026-03-07,regional,,345,SVI-ASC,Hop's Zacian,hop-zacian,"zacian-crowned, snorlax",2,0.58,4,7,3,35.71,0.0,0.0,0.0,2,0.5797,4,7,3,35.7143,0,0.0,0,0,0,0.0,0.0,2026-05-25 12:38:08
0056,Special Event San Juan,2026-03-07,regional,,345,SVI-ASC,Rocket's Mewtwo,rocket-mewtwo-ex,"mewtwo, spidops",2,0.58,3,9,0,25.0,0.0,0.0,0.0,2,0.5797,3,9,0,25.0,0,0.0,0,0,0,0.0,0.0,2026-05-25 12:38:08
0056,Special Event San Juan,2026-03-07,regional,,345,SVI-ASC,Cynthia's Garchomp,cynthia-garchomp-ex,garchomp,1,0.29,2,5,0,28.57,0.0,0.0,0.0,1,0.2899,2,5,0,28.5714,0,0.0,0,0,0,0.0,0.0,2026-05-25 12:38:08
0056,Special Event San Juan,2026-03-07,regional,,345,SVI-ASC,Dragapult,dragapult-ex,dragapult,1,0.29,2,4,0,33.33,0.0,0.0,0.0,1,0.2899,2,4,0,33.3333,0,0.0,0,0,0,0.0,0.0,2026-05-25 12:38:08
0056,Special Event San Juan,2026-03-07,regional,,345,SVI-ASC,Espathra Xatu,espathra-xatu,"espathra, xatu",1,0.29,5,3,0,62.5,0.0,0.0,0.0,1,0.2899,5,3,0,62.5,0,0.0,0,0,0,0.0,0.0,2026-05-25 12:38:08
0056,Special Event San Juan,2026-03-07,regional,,345,SVI-ASC,Flareon Noctowl,flareon-noctowl,"flareon, noctowl",1,0.29,0,4,0,0.0,0.0,0.0,0.0,1,0.2899,0,4,0,0.0,0,0.0,0,0,0,0.0,0.0,2026-05-25 12:38:08
0056,Special Event San Juan,2026-03-07,regional,,345,SVI-ASC,Greninja,greninja-ex,greninja,1,0.29,2,5,1,29.17,0.0,0.0,0.0,1,0.2899,2,5,1,29.1667,0,0.0,0,0,0,0.0,0.0,2026-05-25 12:38:08
0056,Special Event San Juan,2026-03-07,regional,,345,SVI-ASC,Ho-Oh Armarouge,ho-oh-armarouge,"ho-oh, armarouge",1,0.29,7,2,2,69.7,0.0,0.0,0.0,1,0.2899,5,1,2,70.8333,1,1.5873,2,1,0,66.6667,1.0,2026-05-25 12:38:08
0056,Special Event San Juan,2026-03-07,regional,,345,SVI-ASC,Hydrapple Ogerpon,hydrapple-ogerpon,"hydrapple, ogerpon",1,0.29,3,3,2,45.83,0.0,0.0,0.0,1,0.2899,3,3,2,45.8333,0,0.0,0,0,0,0.0,0.0,2026-05-25 12:38:08
0056,Special Event San Juan,2026-03-07,regional,,345,SVI-ASC,Hydreigon,hydreigon-ex,hydreigon,1,0.29,1,3,1,26.67,0.0,0.0,0.0,1,0.2899,1,3,1,26.6667,0,0.0,0,0,0,0.0,0.0,2026-05-25 12:38:08
0056,Special Event San Juan,2026-03-07,regional,,345,SVI-ASC,Iron Hands Magneton,iron-hands-magneton,"iron-hands, magneton",1,0.29,3,5,0,37.5,0.0,0.0,0.0,1,0.2899,3,5,0,37.5,0,0.0,0,0,0,0.0,0.0,2026-05-25 12:38:08
0056,Special Event San Juan,2026-03-07,regional,,345,SVI-ASC,Lopunny Dusknoir,lopunny-dusknoir,"lopunny-mega, dusknoir",1,0.29,1,4,0,20.0,0.0,0.0,0.0,1,0.2899,1,4,0,20.0,0,0.0,0,0,0,0.0,0.0,2026-05-25 12:38:08
0056,Special Event San Juan,2026-03-07,regional,,345,SVI-ASC,Manectric Eelektrik,manectric-eelektrik,"manectric-mega, eelektrik",1,0.29,0,1,0,0.0,0.0,0.0,0.0,1,0.2899,0,1,0,0.0,0,0.0,0,0,0,0.0,0.0,2026-05-25 12:38:08
0056,Special Event San Juan,2026-03-07,regional,,345,SVI-ASC,Mega Abomasnow,mega-abomasnow-ex,abomasnow-mega,1,0.29,0,4,0,0.0,0.0,0.0,0.0,1,0.2899,0,4,0,0.0,0,0.0,0,0,0,0.0,0.0,2026-05-25 12:38:08
0056,Special Event San Juan,2026-03-07,regional,,345,SVI-ASC,Mega Manectric,mega-manectric-ex-meg,manectric-mega,1,0.29,1,3,0,25.0,0.0,0.0,0.0,1,0.2899,1,3,0,25.0,0,0.0,0,0,0,0.0,0.0,2026-05-25 12:38:08
0056,Special Event San Juan,2026-03-07,regional,,345,SVI-ASC,Rocket's Honchkrow,rockets-honchkrow,"honchkrow, porygon2",1,0.29,2,4,2,33.33,0.0,0.0,0.0,1,0.2899,2,4,2,33.3333,0,0.0,0,0,0,0.0,0.0,2026-05-25 12:38:08
0056,Special Event San Juan,2026-03-07,regional,,345,SVI-ASC,Ursaluna Lunatone,ursaluna-lunatone,"ursaluna-bloodmoon, lunatone",1,0.29,5,3,0,62.5,0.0,0.0,0.0,1,0.2899,5,3,0,62.5,0,0.0,0,0,0,0.0,0.0,2026-05-25 12:38:08
