tournament_id,tournament_name,tournament_date,tournament_type,country,total_players,meta,deck_name,deck_slug,pokemon,player_count,share_pct,wins,losses,ties,win_pct,top8_conv_rate,top16_conv_rate,top32_conv_rate,day1_players,day1_share_pct,day1_wins,day1_losses,day1_ties,day1_win_pct,day2_players,day2_share_pct,day2_wins,day2_losses,day2_ties,day2_win_pct,day1_to_day2_conv,top1_count,top4_count,top8_count,scraped_at
0018,Regional Championship Mérida,2025-02-08,regional,,1149,BRS-PRE,Dragapult Dusknoir,dragapult-dusknoir,"dragapult, dusknoir",218,18.97,738,727,349,47.1,0.0,0.0,0.0,218,18.973,687,671,322,47.2817,32,17.3913,51,56,27,44.7761,0.1468,,,,2026-05-25 12:38:08
0018,Regional Championship Mérida,2025-02-08,regional,,1149,BRS-PRE,Gardevoir,gardevoir-ex-sv,gardevoir,155,13.49,542,495,256,48.52,0.0,0.0,0.0,155,13.49,489,443,227,48.7202,33,17.9348,53,52,29,46.7662,0.2129,,,,2026-05-25 12:38:08
0018,Regional Championship Mérida,2025-02-08,regional,,1149,BRS-PRE,Lugia Archeops,lugia-archeops,"lugia, archeops",112,9.75,449,371,162,51.22,0.0,0.0,0.0,112,9.7476,400,316,138,52.2248,32,17.3913,49,55,24,44.5312,0.2857,,,,2026-05-25 12:38:08
0018,Regional Championship Mérida,2025-02-08,regional,,1149,BRS-PRE,Charizard Pidgeot,charizard-pidgeot,"charizard, pidgeot",92,8.01,199,320,129,37.35,0.0,0.0,0.0,92,8.007,194,314,124,37.2363,4,2.1739,5,6,5,41.6667,0.0435,,,,2026-05-25 12:38:08
0018,Regional Championship Mérida,2025-02-08,regional,,1149,BRS-PRE,Raging Bolt Ogerpon,raging-bolt-ogerpon,"raging-bolt, ogerpon",81,7.05,280,253,160,48.1,0.0,0.0,0.0,81,7.0496,254,230,145,48.0657,16,8.6957,26,23,15,48.4375,0.1975,,,,2026-05-25 12:38:08
0018,Regional Championship Mérida,2025-02-08,regional,,1149,BRS-PRE,Miraidon,miraidon-ex,miraidon,66,5.74,280,214,89,53.12,0.0,0.0,0.0,66,5.7441,232,178,77,52.909,21,11.413,48,36,12,54.1667,0.3182,,,,2026-05-25 12:38:08
0018,Regional Championship Mérida,2025-02-08,regional,,1149,BRS-PRE,Ceruledge,ceruledge-ex,ceruledge,48,4.18,165,147,81,48.85,0.0,0.0,0.0,48,4.1775,156,140,77,48.7042,5,2.7174,9,7,4,51.6667,0.1042,,,,2026-05-25 12:38:08
0018,Regional Championship Mérida,2025-02-08,regional,,1149,BRS-PRE,Archaludon,archaludon-ex,archaludon,42,3.66,157,134,75,49.73,0.0,0.0,0.0,42,3.6554,144,119,67,50.404,9,4.8913,13,15,8,43.5185,0.2143,,,,2026-05-25 12:38:08
0018,Regional Championship Mérida,2025-02-08,regional,,1149,BRS-PRE,Regidrago,regidrago-vstar,regidrago,34,2.96,95,110,53,43.67,0.0,0.0,0.0,34,2.9591,92,103,51,44.3089,3,1.6304,3,7,2,30.5556,0.0882,,,,2026-05-25 12:38:08
0018,Regional Championship Mérida,2025-02-08,regional,,1149,BRS-PRE,Dragapult Charizard,dragapult-charizard,"dragapult, charizard",32,2.79,94,100,58,44.97,0.0,0.0,0.0,32,2.785,89,92,55,45.4802,4,2.1739,5,8,3,37.5,0.125,,,,2026-05-25 12:38:08
0018,Regional Championship Mérida,2025-02-08,regional,,1149,BRS-PRE,Gholdengo,gholdengo-ex,gholdengo,25,2.18,87,83,35,48.13,0.0,0.0,0.0,25,2.1758,81,80,32,47.4957,3,1.6304,6,3,3,58.3333,0.12,,,,2026-05-25 12:38:08
0018,Regional Championship Mérida,2025-02-08,regional,,1149,BRS-PRE,Ancient Box,ancient-box,"roaring-moon, flutter-mane",24,2.09,51,73,49,38.92,0.0,0.0,0.0,24,2.0888,50,72,47,38.856,1,0.5435,1,1,2,41.6667,0.0417,,,,2026-05-25 12:38:08
0018,Regional Championship Mérida,2025-02-08,regional,,1149,BRS-PRE,Archaludon Dialga,archaludon-dialga,"archaludon, dialga-origin",24,2.09,55,74,43,40.31,0.0,0.0,0.0,24,2.0888,54,71,43,40.6746,1,0.5435,1,3,0,25.0,0.0417,,,,2026-05-25 12:38:08
0018,Regional Championship Mérida,2025-02-08,regional,,1149,BRS-PRE,Poison Terapagos,poison-terapagos,"terapagos, brute-bonnet",24,2.09,81,71,33,49.73,0.0,0.0,0.0,24,2.0888,74,65,27,50.0,4,2.1739,7,6,6,47.3684,0.1667,,,,2026-05-25 12:38:08
0018,Regional Championship Mérida,2025-02-08,regional,,1149,BRS-PRE,Palkia Noctowl,palkia-noctowl,"palkia-origin, noctowl",18,1.57,45,57,34,41.42,0.0,0.0,0.0,18,1.5666,45,57,34,41.4216,0,0.0,0,0,0,0.0,0.0,,,,2026-05-25 12:38:08
0018,Regional Championship Mérida,2025-02-08,regional,,1149,BRS-PRE,Roaring Moon,roaring-moon-ex,roaring-moon,16,1.39,39,60,26,38.13,0.0,0.0,0.0,16,1.3925,39,60,26,38.1333,0,0.0,0,0,0,0.0,0.0,,,,2026-05-25 12:38:08
0018,Regional Championship Mérida,2025-02-08,regional,,1149,BRS-PRE,Dragapult Iron Thorns,dragapult-iron-thorns,"dragapult, iron-thorns",14,1.22,35,45,21,41.58,0.0,0.0,0.0,14,1.2185,35,45,21,41.5842,0,0.0,0,0,0,0.0,0.0,,,,2026-05-25 12:38:08
0018,Regional Championship Mérida,2025-02-08,regional,,1149,BRS-PRE,Snorlax Stall,snorlax-stall,snorlax,14,1.22,61,46,17,53.76,0.0,0.0,0.0,14,1.2185,54,36,14,56.4103,5,2.7174,7,10,3,40.0,0.3571,,,,2026-05-25 12:38:08
0018,Regional Championship Mérida,2025-02-08,regional,,1149,BRS-PRE,Lost Zone Box,lost-zone-box,"comfey, cramorant",12,1.04,33,41,22,42.01,0.0,0.0,0.0,12,1.0444,31,39,22,41.6667,1,0.5435,2,2,0,50.0,0.0833,,,,2026-05-25 12:38:08
0018,Regional Championship Mérida,2025-02-08,regional,,1149,BRS-PRE,Palkia Dusknoir,palkia-dusknoir,"palkia-origin, dusknoir",12,1.04,33,52,9,38.3,0.0,0.0,0.0,12,1.0444,32,49,9,38.8889,1,0.5435,1,3,0,25.0,0.0833,,,,2026-05-25 12:38:08
0018,Regional Championship Mérida,2025-02-08,regional,,1149,BRS-PRE,Terapagos Noctowl,terapagos-noctowl,"terapagos, noctowl",12,1.04,35,42,19,43.06,0.0,0.0,0.0,12,1.0444,33,37,18,44.3182,2,1.087,2,5,1,29.1667,0.1667,,,,2026-05-25 12:38:08
0018,Regional Championship Mérida,2025-02-08,regional,,1149,BRS-PRE,Other,other,substitute,9,0.78,16,30,11,34.5,0.0,0.0,0.0,9,0.7833,16,30,11,34.5029,0,0.0,0,0,0,0.0,0.0,,,,2026-05-25 12:38:08
0018,Regional Championship Mérida,2025-02-08,regional,,1149,BRS-PRE,Gouging Fire,gouging-fire-ex,gouging-fire,5,0.44,23,15,10,54.86,0.0,0.0,0.0,5,0.4352,17,14,9,50.0,1,0.5435,6,1,1,79.1667,0.2,,,,2026-05-25 12:38:08
0018,Regional Championship Mérida,2025-02-08,regional,,1149,BRS-PRE,Dragapult,dragapult-ex,dragapult,4,0.35,13,14,5,45.83,0.0,0.0,0.0,4,0.3481,12,13,3,46.4286,1,0.5435,1,1,2,41.6667,0.25,,,,2026-05-25 12:38:08
0018,Regional Championship Mérida,2025-02-08,regional,,1149,BRS-PRE,Hydreigon,hydreigon-ex,hydreigon,4,0.35,8,18,5,31.18,0.0,0.0,0.0,4,0.3481,8,18,5,31.1828,0,0.0,0,0,0,0.0,0.0,,,,2026-05-25 12:38:08
0018,Regional Championship Mérida,2025-02-08,regional,,1149,BRS-PRE,Iron Thorns,iron-thorns-ex,iron-thorns,4,0.35,12,15,4,43.01,0.0,0.0,0.0,4,0.3481,8,14,4,35.8974,1,0.5435,4,1,0,80.0,0.25,,,,2026-05-25 12:38:08
0018,Regional Championship Mérida,2025-02-08,regional,,1149,BRS-PRE,Charizard Noctowl,charizard-noctowl,"charizard, noctowl",3,0.26,9,9,3,47.62,0.0,0.0,0.0,3,0.2611,9,9,3,47.619,0,0.0,0,0,0,0.0,0.0,,,,2026-05-25 12:38:08
0018,Regional Championship Mérida,2025-02-08,regional,,1149,BRS-PRE,Froslass Munkidori,froslass-munkidori,"froslass, munkidori",3,0.26,6,11,4,34.92,0.0,0.0,0.0,3,0.2611,6,11,4,34.9206,0,0.0,0,0,0,0.0,0.0,,,,2026-05-25 12:38:08
0018,Regional Championship Mérida,2025-02-08,regional,,1149,BRS-PRE,Gholdengo Dragapult,gholdengo-dragapult,"gholdengo, dragapult",3,0.26,13,7,8,55.95,0.0,0.0,0.0,3,0.2611,12,5,7,59.7222,1,0.5435,1,2,1,33.3333,0.3333,,,,2026-05-25 12:38:08
0018,Regional Championship Mérida,2025-02-08,regional,,1149,BRS-PRE,Giratina LZ Box,giratina-lz-box,"giratina-origin, comfey",3,0.26,7,11,6,37.5,0.0,0.0,0.0,3,0.2611,7,11,6,37.5,0,0.0,0,0,0,0.0,0.0,,,,2026-05-25 12:38:08
0018,Regional Championship Mérida,2025-02-08,regional,,1149,BRS-PRE,Okidogi,okidogi-ex,okidogi,3,0.26,6,14,4,30.56,0.0,0.0,0.0,3,0.2611,6,14,4,30.5556,0,0.0,0,0,0,0.0,0.0,,,,2026-05-25 12:38:08
0018,Regional Championship Mérida,2025-02-08,regional,,1149,BRS-PRE,Banette Gardevoir,banette-gardevoir,"banette, gardevoir",2,0.17,6,10,0,37.5,0.0,0.0,0.0,2,0.1741,6,10,0,37.5,0,0.0,0,0,0,0.0,0.0,,,,2026-05-25 12:38:08
0018,Regional Championship Mérida,2025-02-08,regional,,1149,BRS-PRE,Charizard,charizard-ex,charizard,2,0.17,2,8,2,22.22,0.0,0.0,0.0,2,0.1741,2,8,2,22.2222,0,0.0,0,0,0,0.0,0.0,,,,2026-05-25 12:38:08
0018,Regional Championship Mérida,2025-02-08,regional,,1149,BRS-PRE,Chien-Pao Baxcalibur,chien-pao-baxcalibur,"chien-pao, baxcalibur",2,0.17,7,9,0,43.75,0.0,0.0,0.0,2,0.1741,7,9,0,43.75,0,0.0,0,0,0,0.0,0.0,,,,2026-05-25 12:38:08
0018,Regional Championship Mérida,2025-02-08,regional,,1149,BRS-PRE,Cinderace,cinderace-ex,cinderace,2,0.17,3,10,2,24.44,0.0,0.0,0.0,2,0.1741,3,10,2,24.4444,0,0.0,0,0,0,0.0,0.0,,,,2026-05-25 12:38:08
0018,Regional Championship Mérida,2025-02-08,regional,,1149,BRS-PRE,Dialga Metang,dialga-metang,"dialga-origin, metang",2,0.17,7,8,0,46.67,0.0,0.0,0.0,2,0.1741,7,8,0,46.6667,0,0.0,0,0,0,0.0,0.0,,,,2026-05-25 12:38:08
0018,Regional Championship Mérida,2025-02-08,regional,,1149,BRS-PRE,Greninja Froslass,greninja-froslass,"greninja, froslass",2,0.17,1,9,0,10.0,0.0,0.0,0.0,2,0.1741,1,9,0,10.0,0,0.0,0,0,0,0.0,0.0,,,,2026-05-25 12:38:08
0018,Regional Championship Mérida,2025-02-08,regional,,1149,BRS-PRE,Klawf,klawf-par,"klawf, brute-bonnet",2,0.17,6,8,2,41.67,0.0,0.0,0.0,2,0.1741,6,8,2,41.6667,0,0.0,0,0,0,0.0,0.0,,,,2026-05-25 12:38:08
0018,Regional Championship Mérida,2025-02-08,regional,,1149,BRS-PRE,Palkia,palkia-vstar,palkia-origin,2,0.17,2,5,0,28.57,0.0,0.0,0.0,2,0.1741,2,5,0,28.5714,0,0.0,0,0,0,0.0,0.0,,,,2026-05-25 12:38:08
0018,Regional Championship Mérida,2025-02-08,regional,,1149,BRS-PRE,Pidgeot Control,pidgeot-control,pidgeot,2,0.17,16,4,4,72.22,0.0,0.0,0.0,2,0.1741,11,2,3,75.0,2,1.087,5,2,1,66.6667,1.0,,,,2026-05-25 12:38:08
0018,Regional Championship Mérida,2025-02-08,regional,,1149,BRS-PRE,Pikachu Regis,pikachu-regigigas,"regigigas, pikachu",2,0.17,7,7,2,47.92,0.0,0.0,0.0,2,0.1741,7,7,2,47.9167,0,0.0,0,0,0,0.0,0.0,,,,2026-05-25 12:38:08
0018,Regional Championship Mérida,2025-02-08,regional,,1149,BRS-PRE,Tinkaton,tinkaton-ex,tinkaton,2,0.17,3,11,2,22.92,0.0,0.0,0.0,2,0.1741,3,11,2,22.9167,0,0.0,0,0,0,0.0,0.0,,,,2026-05-25 12:38:08
0018,Regional Championship Mérida,2025-02-08,regional,,1149,BRS-PRE,Alolan Exeggutor ex,alolan-exeggutor-ex,exeggutor-alola,1,0.09,2,3,3,37.5,0.0,0.0,0.0,1,0.087,2,3,3,37.5,0,0.0,0,0,0,0.0,0.0,,,,2026-05-25 12:38:08
0018,Regional Championship Mérida,2025-02-08,regional,,1149,BRS-PRE,Arceus Giratina,arceus-giratina,"arceus, giratina-origin",1,0.09,0,1,0,0.0,0.0,0.0,0.0,1,0.087,0,1,0,0.0,0,0.0,0,0,0,0.0,0.0,,,,2026-05-25 12:38:08
0018,Regional Championship Mérida,2025-02-08,regional,,1149,BRS-PRE,Dragapult LZ Box,dragapult-lz-box,"dragapult, comfey",1,0.09,2,3,3,37.5,0.0,0.0,0.0,1,0.087,2,3,3,37.5,0,0.0,0,0,0,0.0,0.0,,,,2026-05-25 12:38:08
0018,Regional Championship Mérida,2025-02-08,regional,,1149,BRS-PRE,Espathra Xatu,espathra-xatu,"espathra, xatu",1,0.09,2,3,3,37.5,0.0,0.0,0.0,1,0.087,2,3,3,37.5,0,0.0,0,0,0,0.0,0.0,,,,2026-05-25 12:38:08
0018,Regional Championship Mérida,2025-02-08,regional,,1149,BRS-PRE,Hydrapple Ogerpon,hydrapple-ogerpon,"hydrapple, ogerpon",1,0.09,1,5,2,20.83,0.0,0.0,0.0,1,0.087,1,5,2,20.8333,0,0.0,0,0,0,0.0,0.0,,,,2026-05-25 12:38:08
0018,Regional Championship Mérida,2025-02-08,regional,,1149,BRS-PRE,Future Hands,iron-hands-ex,"iron-hands, iron-crown",1,0.09,7,3,2,63.89,0.0,0.0,0.0,1,0.087,5,2,1,66.6667,1,0.5435,2,1,1,58.3333,1.0,,,,2026-05-25 12:38:08
0018,Regional Championship Mérida,2025-02-08,regional,,1149,BRS-PRE,Milotic,milotic-ex,milotic,1,0.09,2,3,2,38.1,0.0,0.0,0.0,1,0.087,2,3,2,38.0952,0,0.0,0,0,0,0.0,0.0,,,,2026-05-25 12:38:08
0018,Regional Championship Mérida,2025-02-08,regional,,1149,BRS-PRE,Mimikyu Ogerpon,mimikyu-ogerpon,"mimikyu, ogerpon-cornerstone",1,0.09,2,4,0,33.33,0.0,0.0,0.0,1,0.087,2,4,0,33.3333,0,0.0,0,0,0,0.0,0.0,,,,2026-05-25 12:38:08
0018,Regional Championship Mérida,2025-02-08,regional,,1149,BRS-PRE,Miraidon Regieleki,miraidon-regieleki,"miraidon, regieleki",1,0.09,4,4,0,50.0,0.0,0.0,0.0,1,0.087,4,4,0,50.0,0,0.0,0,0,0,0.0,0.0,,,,2026-05-25 12:38:08
0018,Regional Championship Mérida,2025-02-08,regional,,1149,BRS-PRE,Palafin,palafin-ex,palafin-hero,1,0.09,2,5,1,29.17,0.0,0.0,0.0,1,0.087,2,5,1,29.1667,0,0.0,0,0,0,0.0,0.0,,,,2026-05-25 12:38:08
0018,Regional Championship Mérida,2025-02-08,regional,,1149,BRS-PRE,Regis,regigigas-asr,regigigas,1,0.09,2,4,2,33.33,0.0,0.0,0.0,1,0.087,2,4,2,33.3333,0,0.0,0,0,0,0.0,0.0,,,,2026-05-25 12:38:08
0020,International Championship London,2025-02-21,regional,,3354,BRS-PRE,Dragapult Dusknoir,dragapult-dusknoir,"dragapult, dusknoir",492,14.67,1613,1820,575,45.03,0.0,0.0,0.0,492,14.6691,1541,1735,552,45.0627,44,12.2222,72,85,23,44.2593,0.0894,,,,2026-05-25 12:38:08
0020,International Championship London,2025-02-21,regional,,3354,BRS-PRE,Gardevoir,gardevoir-ex-sv,gardevoir,409,12.19,1561,1358,644,49.84,0.0,0.0,0.0,409,12.1944,1458,1275,594,49.7746,59,16.3889,103,83,50,50.7062,0.1443,,,,2026-05-25 12:38:08
0020,International Championship London,2025-02-21,regional,,3354,BRS-PRE,Miraidon,miraidon-ex,miraidon,327,9.75,1278,1186,242,50.21,0.0,0.0,0.0,327,9.7496,1212,1108,228,50.5495,40,11.1111,66,78,14,44.7257,0.1223,,,,2026-05-25 12:38:08
0020,International Championship London,2025-02-21,regional,,3354,BRS-PRE,Archaludon,archaludon-ex,archaludon,318,9.48,1192,1046,456,49.89,0.0,0.0,0.0,318,9.4812,1143,983,424,50.366,36,10.0,49,63,32,41.4352,0.1132,,,,2026-05-25 12:38:08
0020,International Championship London,2025-02-21,regional,,3354,BRS-PRE,Lugia Archeops,lugia-archeops,"lugia, archeops",274,8.17,926,1000,297,46.11,0.0,0.0,0.0,274,8.1694,901,964,286,46.3195,18,5.0,25,36,11,39.8148,0.0657,,,,2026-05-25 12:38:08
0020,International Championship London,2025-02-21,regional,,3354,BRS-PRE,Poison Terapagos,poison-terapagos,"terapagos, brute-bonnet",137,4.08,594,464,152,53.28,0.0,0.0,0.0,137,4.0847,550,436,145,52.903,19,5.2778,44,28,7,58.6498,0.1387,,,,2026-05-25 12:38:08
0020,International Championship London,2025-02-21,regional,,3354,BRS-PRE,Raging Bolt Ogerpon,raging-bolt-ogerpon,"raging-bolt, ogerpon",127,3.79,382,440,169,44.23,0.0,0.0,0.0,127,3.7865,372,423,164,44.4908,8,2.2222,10,17,5,36.4583,0.063,,,,2026-05-25 12:38:08
0020,International Championship London,2025-02-21,regional,,3354,BRS-PRE,Gholdengo,gholdengo-ex,gholdengo,123,3.67,559,426,174,53.24,0.0,0.0,0.0,123,3.6673,499,381,157,53.1662,30,8.3333,60,45,17,53.8251,0.2439,,,,2026-05-25 12:38:08
0020,International Championship London,2025-02-21,regional,,3354,BRS-PRE,Ceruledge,ceruledge-ex,ceruledge,113,3.37,346,417,142,43.46,0.0,0.0,0.0,113,3.3691,343,410,140,43.6357,3,0.8333,3,7,2,30.5556,0.0265,,,,2026-05-25 12:38:08
0020,International Championship London,2025-02-21,regional,,3354,BRS-PRE,Charizard Pidgeot,charizard-pidgeot,"charizard, pidgeot",99,2.95,323,372,121,44.53,0.0,0.0,0.0,99,2.9517,304,361,115,43.8889,9,2.5,19,11,6,58.3333,0.0909,,,,2026-05-25 12:38:08
0020,International Championship London,2025-02-21,regional,,3354,BRS-PRE,Lost Zone Box,lost-zone-box,"comfey, cramorant",98,2.92,393,301,143,52.65,0.0,0.0,0.0,98,2.9219,364,276,129,52.9259,17,4.7222,29,25,14,49.5098,0.1735,,,,2026-05-25 12:38:08
0020,International Championship London,2025-02-21,regional,,3354,BRS-PRE,Dragapult Charizard,dragapult-charizard,"dragapult, charizard",86,2.56,280,315,129,44.61,0.0,0.0,0.0,86,2.5641,272,305,123,44.7143,6,1.6667,8,10,6,41.6667,0.0698,,,,2026-05-25 12:38:08
0020,International Championship London,2025-02-21,regional,,3354,BRS-PRE,Snorlax Stall,snorlax-stall,snorlax,77,2.3,319,258,89,52.35,0.0,0.0,0.0,77,2.2958,287,236,81,51.9868,15,4.1667,32,22,8,55.914,0.1948,,,,2026-05-25 12:38:08
0020,International Championship London,2025-02-21,regional,,3354,BRS-PRE,Archaludon Dialga,archaludon-dialga,"archaludon, dialga-origin",75,2.24,267,278,88,46.81,0.0,0.0,0.0,75,2.2361,253,265,85,46.6556,7,1.9444,14,13,3,50.0,0.0933,,,,2026-05-25 12:38:08
0020,International Championship London,2025-02-21,regional,,3354,BRS-PRE,Ancient Box,ancient-box,"roaring-moon, flutter-mane",57,1.7,170,178,90,45.66,0.0,0.0,0.0,57,1.6995,167,176,87,45.5814,2,0.5556,3,2,3,50.0,0.0351,,,,2026-05-25 12:38:08
0020,International Championship London,2025-02-21,regional,,3354,BRS-PRE,Regidrago,regidrago-vstar,regidrago,51,1.52,177,185,65,46.53,0.0,0.0,0.0,51,1.5206,166,170,63,46.8672,7,1.9444,11,15,2,41.6667,0.1373,,,,2026-05-25 12:38:08
0020,International Championship London,2025-02-21,regional,,3354,BRS-PRE,Gouging Fire,gouging-fire-ex,gouging-fire,46,1.37,179,150,73,50.58,0.0,0.0,0.0,46,1.3715,171,135,68,51.7825,7,1.9444,8,15,5,34.5238,0.1522,,,,2026-05-25 12:38:08
0020,International Championship London,2025-02-21,regional,,3354,BRS-PRE,Dragapult,dragapult-ex,dragapult,37,1.1,198,111,63,58.87,0.0,0.0,0.0,37,1.1032,169,94,52,59.1534,14,3.8889,29,17,11,57.3099,0.3784,,,,2026-05-25 12:38:08
0020,International Championship London,2025-02-21,regional,,3354,BRS-PRE,Other,other,substitute,36,1.07,75,158,25,32.3,0.0,0.0,0.0,36,1.0733,73,154,24,32.2709,2,0.5556,2,4,1,33.3333,0.0556,,,,2026-05-25 12:38:08
0020,International Championship London,2025-02-21,regional,,3354,BRS-PRE,Dragapult Iron Thorns,dragapult-iron-thorns,"dragapult, iron-thorns",30,0.89,106,107,40,47.17,0.0,0.0,0.0,30,0.8945,102,105,38,46.8027,2,0.5556,4,2,2,58.3333,0.0667,,,,2026-05-25 12:38:08
0020,International Championship London,2025-02-21,regional,,3354,BRS-PRE,Pidgeot Control,pidgeot-control,pidgeot,29,0.86,101,93,43,48.66,0.0,0.0,0.0,29,0.8646,97,87,41,49.1852,3,0.8333,4,6,2,38.8889,0.1034,,,,2026-05-25 12:38:08
0020,International Championship London,2025-02-21,regional,,3354,BRS-PRE,Iron Thorns,iron-thorns-ex,iron-thorns,24,0.72,86,88,26,47.33,0.0,0.0,0.0,24,0.7156,83,84,21,47.8723,3,0.8333,3,4,5,38.8889,0.125,,,,2026-05-25 12:38:08
0020,International Championship London,2025-02-21,regional,,3354,BRS-PRE,Roaring Moon,roaring-moon-ex,roaring-moon,22,0.66,62,77,31,42.55,0.0,0.0,0.0,22,0.6559,62,77,31,42.549,0,0.0,0,0,0,0.0,0.0,,,,2026-05-25 12:38:08
0020,International Championship London,2025-02-21,regional,,3354,BRS-PRE,Terapagos Noctowl,terapagos-noctowl,"terapagos, noctowl",20,0.6,61,75,19,43.44,0.0,0.0,0.0,20,0.5963,58,71,18,43.5374,2,0.5556,3,4,1,41.6667,0.1,,,,2026-05-25 12:38:08
0020,International Championship London,2025-02-21,regional,,3354,BRS-PRE,Palkia Dusknoir,palkia-dusknoir,"palkia-origin, dusknoir",18,0.54,71,69,20,48.54,0.0,0.0,0.0,18,0.5367,68,65,19,48.9035,2,0.5556,3,4,1,41.6667,0.1111,,,,2026-05-25 12:38:08
0020,International Championship London,2025-02-21,regional,,3354,BRS-PRE,Palkia Noctowl,palkia-noctowl,"palkia-origin, noctowl",18,0.54,57,72,22,42.6,0.0,0.0,0.0,18,0.5367,56,66,21,44.0559,2,0.5556,1,6,1,16.6667,0.1111,,,,2026-05-25 12:38:08
0020,International Championship London,2025-02-21,regional,,3354,BRS-PRE,Hydreigon,hydreigon-ex,hydreigon,14,0.42,31,62,11,33.33,0.0,0.0,0.0,14,0.4174,28,61,11,31.6667,1,0.2778,3,1,0,75.0,0.0714,,,,2026-05-25 12:38:08
0020,International Championship London,2025-02-21,regional,,3354,BRS-PRE,Charizard,charizard-ex,charizard,11,0.33,28,42,10,39.17,0.0,0.0,0.0,11,0.328,28,42,10,39.1667,0,0.0,0,0,0,0.0,0.0,,,,2026-05-25 12:38:08
0020,International Championship London,2025-02-21,regional,,3354,BRS-PRE,Giratina LZ Box,giratina-lz-box,"giratina-origin, comfey",11,0.33,29,42,15,39.53,0.0,0.0,0.0,11,0.328,29,42,15,39.5349,0,0.0,0,0,0,0.0,0.0,,,,2026-05-25 12:38:08
0020,International Championship London,2025-02-21,regional,,3354,BRS-PRE,Dialga Metang,dialga-metang,"dialga-origin, metang",10,0.3,25,35,13,40.18,0.0,0.0,0.0,10,0.2982,25,35,13,40.1826,0,0.0,0,0,0,0.0,0.0,,,,2026-05-25 12:38:08
0020,International Championship London,2025-02-21,regional,,3354,BRS-PRE,Flareon Noctowl,flareon-noctowl,"flareon, noctowl",10,0.3,13,41,10,25.52,0.0,0.0,0.0,10,0.2982,13,41,10,25.5208,0,0.0,0,0,0,0.0,0.0,,,,2026-05-25 12:38:08
0020,International Championship London,2025-02-21,regional,,3354,BRS-PRE,Slowking,slowking-scr,slowking,10,0.3,20,50,6,28.95,0.0,0.0,0.0,10,0.2982,20,50,6,28.9474,0,0.0,0,0,0,0.0,0.0,,,,2026-05-25 12:38:08
0020,International Championship London,2025-02-21,regional,,3354,BRS-PRE,Arceus Armarouge,arceus-armarouge,"arceus, armarouge",9,0.27,31,34,4,46.86,0.0,0.0,0.0,9,0.2683,31,34,4,46.8599,0,0.0,0,0,0,0.0,0.0,,,,2026-05-25 12:38:08
0020,International Championship London,2025-02-21,regional,,3354,BRS-PRE,Charizard Noctowl,charizard-noctowl,"charizard, noctowl",8,0.24,15,29,6,34.0,0.0,0.0,0.0,8,0.2385,15,29,6,34.0,0,0.0,0,0,0,0.0,0.0,,,,2026-05-25 12:38:08
0020,International Championship London,2025-02-21,regional,,3354,BRS-PRE,Feraligatr,feraligatr-tef,feraligatr,8,0.24,13,29,3,31.11,0.0,0.0,0.0,8,0.2385,13,29,3,31.1111,0,0.0,0,0,0,0.0,0.0,,,,2026-05-25 12:38:08
0020,International Championship London,2025-02-21,regional,,3354,BRS-PRE,Gholdengo Dragapult,gholdengo-dragapult,"gholdengo, dragapult",8,0.24,28,28,11,47.26,0.0,0.0,0.0,8,0.2385,28,28,11,47.2637,0,0.0,0,0,0,0.0,0.0,,,,2026-05-25 12:38:08
0020,International Championship London,2025-02-21,regional,,3354,BRS-PRE,Chien-Pao Baxcalibur,chien-pao-baxcalibur,"chien-pao, baxcalibur",6,0.18,12,26,6,31.82,0.0,0.0,0.0,6,0.1789,12,26,6,31.8182,0,0.0,0,0,0,0.0,0.0,,,,2026-05-25 12:38:08
0020,International Championship London,2025-02-21,regional,,3354,BRS-PRE,Conkeldurr,conkeldurr-twm,conkeldurr,6,0.18,13,22,9,36.36,0.0,0.0,0.0,6,0.1789,13,22,9,36.3636,0,0.0,0,0,0,0.0,0.0,,,,2026-05-25 12:38:08
0020,International Championship London,2025-02-21,regional,,3354,BRS-PRE,Pikachu Regis,pikachu-regigigas,"regigigas, pikachu",6,0.18,15,20,10,40.74,0.0,0.0,0.0,6,0.1789,15,20,10,40.7407,0,0.0,0,0,0,0.0,0.0,,,,2026-05-25 12:38:08
0020,International Championship London,2025-02-21,regional,,3354,BRS-PRE,Froslass Munkidori,froslass-munkidori,"froslass, munkidori",5,0.15,14,17,9,42.5,0.0,0.0,0.0,5,0.1491,14,17,9,42.5,0,0.0,0,0,0,0.0,0.0,,,,2026-05-25 12:38:08
0020,International Championship London,2025-02-21,regional,,3354,BRS-PRE,Okidogi,okidogi-ex,okidogi,5,0.15,11,24,6,31.71,0.0,0.0,0.0,5,0.1491,11,24,6,31.7073,0,0.0,0,0,0,0.0,0.0,,,,2026-05-25 12:38:08
0020,International Championship London,2025-02-21,regional,,3354,BRS-PRE,Raging Bolt Entei,raging-bolt-entei,"raging-bolt, entei",5,0.15,14,21,7,38.89,0.0,0.0,0.0,5,0.1491,14,21,7,38.8889,0,0.0,0,0,0,0.0,0.0,,,,2026-05-25 12:38:08
0020,International Championship London,2025-02-21,regional,,3354,BRS-PRE,Greninja,greninja-ex,greninja,4,0.12,11,17,5,38.38,0.0,0.0,0.0,4,0.1193,10,14,5,40.2299,1,0.2778,1,3,0,25.0,0.25,,,,2026-05-25 12:38:08
0020,International Championship London,2025-02-21,regional,,3354,BRS-PRE,Hisuian Zoroark,hisuian-zoroark-vstar,zoroark-hisui,4,0.12,11,14,3,42.86,0.0,0.0,0.0,4,0.1193,11,14,3,42.8571,0,0.0,0,0,0,0.0,0.0,,,,2026-05-25 12:38:08
0020,International Championship London,2025-02-21,regional,,3354,BRS-PRE,Future Hands,iron-hands-ex,"iron-hands, iron-crown",4,0.12,9,15,2,37.18,0.0,0.0,0.0,4,0.1193,9,15,2,37.1795,0,0.0,0,0,0,0.0,0.0,,,,2026-05-25 12:38:08
0020,International Championship London,2025-02-21,regional,,3354,BRS-PRE,Mimikyu Ogerpon,mimikyu-ogerpon,"mimikyu, ogerpon-cornerstone",4,0.12,9,17,1,34.57,0.0,0.0,0.0,4,0.1193,9,17,1,34.5679,0,0.0,0,0,0,0.0,0.0,,,,2026-05-25 12:38:08
0020,International Championship London,2025-02-21,regional,,3354,BRS-PRE,Tsareena,tsareena-ex,tsareena,4,0.12,10,19,5,34.31,0.0,0.0,0.0,4,0.1193,10,19,5,34.3137,0,0.0,0,0,0,0.0,0.0,,,,2026-05-25 12:38:08
0020,International Championship London,2025-02-21,regional,,3354,BRS-PRE,Alakazam,alakazam-ex,alakazam,3,0.09,5,15,4,26.39,0.0,0.0,0.0,3,0.0894,5,15,4,26.3889,0,0.0,0,0,0,0.0,0.0,,,,2026-05-25 12:38:08
0020,International Championship London,2025-02-21,regional,,3354,BRS-PRE,Banette,banette-ex-sv,banette,3,0.09,7,11,1,38.6,0.0,0.0,0.0,3,0.0894,7,11,1,38.5965,0,0.0,0,0,0,0.0,0.0,,,,2026-05-25 12:38:08
0020,International Championship London,2025-02-21,regional,,3354,BRS-PRE,Dipplin,festival-lead,"dipplin, thwackey",3,0.09,6,16,3,28.0,0.0,0.0,0.0,3,0.0894,6,16,3,28.0,0,0.0,0,0,0,0.0,0.0,,,,2026-05-25 12:38:08
0020,International Championship London,2025-02-21,regional,,3354,BRS-PRE,Klawf,klawf-par,"klawf, brute-bonnet",3,0.09,11,12,2,46.67,0.0,0.0,0.0,3,0.0894,11,12,2,46.6667,0,0.0,0,0,0,0.0,0.0,,,,2026-05-25 12:38:08
0020,International Championship London,2025-02-21,regional,,3354,BRS-PRE,United Wings,united-wings,"murkrow, flamigo",3,0.09,4,13,3,25.0,0.0,0.0,0.0,3,0.0894,4,13,3,25.0,0,0.0,0,0,0,0.0,0.0,,,,2026-05-25 12:38:08
0020,International Championship London,2025-02-21,regional,,3354,BRS-PRE,Blissey,blissey-ex,blissey,2,0.06,6,9,2,39.22,0.0,0.0,0.0,2,0.0596,6,9,2,39.2157,0,0.0,0,0,0,0.0,0.0,,,,2026-05-25 12:38:08
0020,International Championship London,2025-02-21,regional,,3354,BRS-PRE,Dragapult Pidgeot,dragapult-pidgeot,"dragapult, pidgeot",2,0.06,8,9,1,46.3,0.0,0.0,0.0,2,0.0596,8,9,1,46.2963,0,0.0,0,0,0,0.0,0.0,,,,2026-05-25 12:38:08
0020,International Championship London,2025-02-21,regional,,3354,BRS-PRE,Espathra,espathra-ex,espathra,2,0.06,2,12,1,15.56,0.0,0.0,0.0,2,0.0596,2,12,1,15.5556,0,0.0,0,0,0,0.0,0.0,,,,2026-05-25 12:38:08
0020,International Championship London,2025-02-21,regional,,3354,BRS-PRE,Giratina,giratina-vstar,giratina-origin,2,0.06,6,7,3,43.75,0.0,0.0,0.0,2,0.0596,6,7,3,43.75,0,0.0,0,0,0,0.0,0.0,,,,2026-05-25 12:38:08
0020,International Championship London,2025-02-21,regional,,3354,BRS-PRE,Hisuian Samurott,hisuian-samurott-vstar,samurott-hisui,2,0.06,6,8,1,42.22,0.0,0.0,0.0,2,0.0596,6,8,1,42.2222,0,0.0,0,0,0,0.0,0.0,,,,2026-05-25 12:38:08
0020,International Championship London,2025-02-21,regional,,3354,BRS-PRE,Hydrapple Ogerpon,hydrapple-ogerpon,"hydrapple, ogerpon",2,0.06,2,13,3,16.67,0.0,0.0,0.0,2,0.0596,2,13,3,16.6667,0,0.0,0,0,0,0.0,0.0,,,,2026-05-25 12:38:08
0020,International Championship London,2025-02-21,regional,,3354,BRS-PRE,Ogerpon Noivern,ogerpon-noivern,"ogerpon-cornerstone, noivern",2,0.06,8,9,0,47.06,0.0,0.0,0.0,2,0.0596,8,9,0,47.0588,0,0.0,0,0,0,0.0,0.0,,,,2026-05-25 12:38:08
0020,International Championship London,2025-02-21,regional,,3354,BRS-PRE,Palkia,palkia-vstar,palkia-origin,2,0.06,9,8,1,51.85,0.0,0.0,0.0,2,0.0596,9,8,1,51.8519,0,0.0,0,0,0,0.0,0.0,,,,2026-05-25 12:38:08
0020,International Championship London,2025-02-21,regional,,3354,BRS-PRE,Snorlax Pidgeot,snorlax-pidgeot,"snorlax, pidgeot",2,0.06,10,7,1,57.41,0.0,0.0,0.0,2,0.0596,10,7,1,57.4074,0,0.0,0,0,0,0.0,0.0,,,,2026-05-25 12:38:08
0020,International Championship London,2025-02-21,regional,,3354,BRS-PRE,Aegislash,aegislash-par,aegislash,1,0.03,0,4,0,0.0,0.0,0.0,0.0,1,0.0298,0,4,0,0.0,0,0.0,0,0,0,0.0,0.0,,,,2026-05-25 12:38:08
0020,International Championship London,2025-02-21,regional,,3354,BRS-PRE,Alolan Exeggutor ex,alolan-exeggutor-ex,exeggutor-alola,1,0.03,1,6,2,18.52,0.0,0.0,0.0,1,0.0298,1,6,2,18.5185,0,0.0,0,0,0,0.0,0.0,,,,2026-05-25 12:38:08
0020,International Championship London,2025-02-21,regional,,3354,BRS-PRE,Arceus Giratina,arceus-giratina,"arceus, giratina-origin",1,0.03,2,4,0,33.33,0.0,0.0,0.0,1,0.0298,2,4,0,33.3333,0,0.0,0,0,0,0.0,0.0,,,,2026-05-25 12:38:08
0020,International Championship London,2025-02-21,regional,,3354,BRS-PRE,Arceus,arceus-vstar,arceus,1,0.03,2,4,0,33.33,0.0,0.0,0.0,1,0.0298,2,4,0,33.3333,0,0.0,0,0,0,0.0,0.0,,,,2026-05-25 12:38:08
0020,International Championship London,2025-02-21,regional,,3354,BRS-PRE,Azumarill,azumarill-ssp,azumarill,1,0.03,1,6,1,16.67,0.0,0.0,0.0,1,0.0298,1,6,1,16.6667,0,0.0,0,0,0,0.0,0.0,,,,2026-05-25 12:38:08
0020,International Championship London,2025-02-21,regional,,3354,BRS-PRE,Banette Gardevoir,banette-gardevoir,"banette, gardevoir",1,0.03,2,3,0,40.0,0.0,0.0,0.0,1,0.0298,2,3,0,40.0,0,0.0,0,0,0,0.0,0.0,,,,2026-05-25 12:38:08
0020,International Championship London,2025-02-21,regional,,3354,BRS-PRE,Cinderace,cinderace-ex,cinderace,1,0.03,1,7,1,14.81,0.0,0.0,0.0,1,0.0298,1,7,1,14.8148,0,0.0,0,0,0,0.0,0.0,,,,2026-05-25 12:38:08
0020,International Championship London,2025-02-21,regional,,3354,BRS-PRE,Clefairy,cleafairy-lor,clefairy,1,0.03,1,3,1,26.67,0.0,0.0,0.0,1,0.0298,1,3,1,26.6667,0,0.0,0,0,0,0.0,0.0,,,,2026-05-25 12:38:08
0020,International Championship London,2025-02-21,regional,,3354,BRS-PRE,Darkrai,dakrai-vstar,darkrai,1,0.03,2,3,1,38.89,0.0,0.0,0.0,1,0.0298,2,3,1,38.8889,0,0.0,0,0,0,0.0,0.0,,,,2026-05-25 12:38:08
0020,International Championship London,2025-02-21,regional,,3354,BRS-PRE,Espathra Xatu,espathra-xatu,"espathra, xatu",1,0.03,3,4,2,40.74,0.0,0.0,0.0,1,0.0298,3,4,2,40.7407,0,0.0,0,0,0,0.0,0.0,,,,2026-05-25 12:38:08
0020,International Championship London,2025-02-21,regional,,3354,BRS-PRE,Goodra LZ Box,goodra-lz-box,"goodra-hisui, comfey",1,0.03,2,6,1,25.93,0.0,0.0,0.0,1,0.0298,2,6,1,25.9259,0,0.0,0,0,0,0.0,0.0,,,,2026-05-25 12:38:08
0020,International Championship London,2025-02-21,regional,,3354,BRS-PRE,Greninja Froslass,greninja-froslass,"greninja, froslass",1,0.03,2,4,3,33.33,0.0,0.0,0.0,1,0.0298,2,4,3,33.3333,0,0.0,0,0,0,0.0,0.0,,,,2026-05-25 12:38:08
0020,International Championship London,2025-02-21,regional,,3354,BRS-PRE,Meowscarada,meowscarada-ex,meowscarada,1,0.03,0,6,0,0.0,0.0,0.0,0.0,1,0.0298,0,6,0,0.0,0,0.0,0,0,0,0.0,0.0,,,,2026-05-25 12:38:08
0020,International Championship London,2025-02-21,regional,,3354,BRS-PRE,Milotic,milotic-ex,milotic,1,0.03,3,4,2,40.74,0.0,0.0,0.0,1,0.0298,3,4,2,40.7407,0,0.0,0,0,0,0.0,0.0,,,,2026-05-25 12:38:08
0020,International Championship London,2025-02-21,regional,,3354,BRS-PRE,Miraidon Regieleki,miraidon-regieleki,"miraidon, regieleki",1,0.03,0,3,0,0.0,0.0,0.0,0.0,1,0.0298,0,3,0,0.0,0,0.0,0,0,0,0.0,0.0,,,,2026-05-25 12:38:08
0020,International Championship London,2025-02-21,regional,,3354,BRS-PRE,Ogerpon,ogerpon-ex,"ogerpon, ogerpon-cornerstone",1,0.03,2,3,4,37.04,0.0,0.0,0.0,1,0.0298,2,3,4,37.037,0,0.0,0,0,0,0.0,0.0,,,,2026-05-25 12:38:08
0020,International Championship London,2025-02-21,regional,,3354,BRS-PRE,Okidogi Garchomp,okidogi-garchomp,"okidogi, garchomp",1,0.03,6,3,0,66.67,0.0,0.0,0.0,1,0.0298,6,3,0,66.6667,0,0.0,0,0,0,0.0,0.0,,,,2026-05-25 12:38:08
0020,International Championship London,2025-02-21,regional,,3354,BRS-PRE,Regis,regigigas-asr,regigigas,1,0.03,3,5,0,37.5,0.0,0.0,0.0,1,0.0298,3,5,0,37.5,0,0.0,0,0,0,0.0,0.0,,,,2026-05-25 12:38:08
0020,International Championship London,2025-02-21,regional,,3354,BRS-PRE,Roaring Moon Dudunsparce,roaring-moon-dudunsparce,"roaring-moon, dudunsparce",1,0.03,1,3,4,29.17,0.0,0.0,0.0,1,0.0298,1,3,4,29.1667,0,0.0,0,0,0,0.0,0.0,,,,2026-05-25 12:38:08
0020,International Championship London,2025-02-21,regional,,3354,BRS-PRE,Scovillain,scovillain-ex,scovillain,1,0.03,3,5,1,37.04,0.0,0.0,0.0,1,0.0298,3,5,1,37.037,0,0.0,0,0,0,0.0,0.0,,,,2026-05-25 12:38:08
0020,International Championship London,2025-02-21,regional,,3354,BRS-PRE,Sinistcha Ogerpon,sinistcha-ogerpon,"sinistcha, ogerpon",1,0.03,3,5,1,37.04,0.0,0.0,0.0,1,0.0298,3,5,1,37.037,0,0.0,0,0,0,0.0,0.0,,,,2026-05-25 12:38:08
0020,International Championship London,2025-02-21,regional,,3354,BRS-PRE,Tera Box,tera-box,"noctowl, ogerpon",1,0.03,7,5,1,56.41,0.0,0.0,0.0,1,0.0298,6,2,1,70.3704,1,0.2778,1,3,0,25.0,1.0,,,,2026-05-25 12:38:08
0020,International Championship London,2025-02-21,regional,,3354,BRS-PRE,Ting-Lu,ting-lu-ex,ting-lu,1,0.03,2,7,0,22.22,0.0,0.0,0.0,1,0.0298,2,7,0,22.2222,0,0.0,0,0,0,0.0,0.0,,,,2026-05-25 12:38:08
0020,International Championship London,2025-02-21,regional,,3354,BRS-PRE,Tinkaton,tinkaton-ex,tinkaton,1,0.03,4,4,1,48.15,0.0,0.0,0.0,1,0.0298,4,4,1,48.1481,0,0.0,0,0,0,0.0,0.0,,,,2026-05-25 12:38:08
0020,International Championship London,2025-02-21,regional,,3354,BRS-PRE,Toedscruel,toedscruel-ex,toedscruel,1,0.03,5,4,0,55.56,0.0,0.0,0.0,1,0.0298,5,4,0,55.5556,0,0.0,0,0,0,0.0,0.0,,,,2026-05-25 12:38:08
0020,International Championship London,2025-02-21,regional,,3354,BRS-PRE,Walking Wake,walking-wake-ex,walking-wake,1,0.03,2,6,1,25.93,0.0,0.0,0.0,1,0.0298,2,6,1,25.9259,0,0.0,0,0,0,0.0,0.0,,,,2026-05-25 12:38:08
0021,Regional Championship Vancouver,2025-03-08,regional,,1313,BRS-PRE,Dragapult Dusknoir,dragapult-dusknoir,"dragapult, dusknoir",154,11.73,441,538,175,43.27,0.0,0.0,0.0,154,11.7289,409,505,161,43.0388,19,8.1197,32,33,14,46.4135,0.1234,,,,2026-05-25 12:38:08
0021,Regional Championship Vancouver,2025-03-08,regional,,1313,BRS-PRE,Gardevoir,gardevoir-ex-sv,gardevoir,132,10.05,462,421,189,48.97,0.0,0.0,0.0,132,10.0533,410,369,169,49.1913,31,13.2479,52,52,20,47.3118,0.2348,,,,2026-05-25 12:38:08
0021,Regional Championship Vancouver,2025-03-08,regional,,1313,BRS-PRE,Lugia Archeops,lugia-archeops,"lugia, archeops",120,9.14,461,388,125,51.61,0.0,0.0,0.0,120,9.1394,414,339,107,52.2868,28,11.9658,47,49,18,46.4912,0.2333,,,,2026-05-25 12:38:08
0021,Regional Championship Vancouver,2025-03-08,regional,,1313,BRS-PRE,Gholdengo,gholdengo-ex,gholdengo,115,8.76,458,370,147,52.0,0.0,0.0,0.0,115,8.7586,409,317,133,52.7745,29,12.3932,49,53,14,46.2644,0.2522,,,,2026-05-25 12:38:08
0021,Regional Championship Vancouver,2025-03-08,regional,,1313,BRS-PRE,Poison Terapagos,poison-terapagos,"terapagos, brute-bonnet",88,6.7,340,277,103,51.99,0.0,0.0,0.0,88,6.7022,306,235,91,53.2173,22,9.4017,34,42,12,43.1818,0.25,,,,2026-05-25 12:38:08
0021,Regional Championship Vancouver,2025-03-08,regional,,1313,BRS-PRE,Miraidon,miraidon-ex,miraidon,86,6.55,282,280,87,47.92,0.0,0.0,0.0,86,6.5499,252,265,81,46.6555,12,5.1282,30,15,6,62.7451,0.1395,,,,2026-05-25 12:38:08
0021,Regional Championship Vancouver,2025-03-08,regional,,1313,BRS-PRE,Archaludon,archaludon-ex,archaludon,73,5.56,206,246,84,43.66,0.0,0.0,0.0,73,5.5598,192,230,80,43.5591,8,3.4188,14,16,4,45.098,0.1096,,,,2026-05-25 12:38:08
0021,Regional Championship Vancouver,2025-03-08,regional,,1313,BRS-PRE,Lost Zone Box,lost-zone-box,"comfey, cramorant",61,4.65,245,190,80,52.75,0.0,0.0,0.0,61,4.6458,215,161,71,53.393,17,7.265,30,29,9,48.5294,0.2787,,,,2026-05-25 12:38:08
0021,Regional Championship Vancouver,2025-03-08,regional,,1313,BRS-PRE,Dragapult,dragapult-ex,dragapult,60,4.57,245,179,95,53.31,0.0,0.0,0.0,60,4.5697,210,147,80,54.1571,20,8.547,35,32,15,48.7805,0.3333,,,,2026-05-25 12:38:08
0021,Regional Championship Vancouver,2025-03-08,regional,,1313,BRS-PRE,Raging Bolt Ogerpon,raging-bolt-ogerpon,"raging-bolt, ogerpon",48,3.66,118,155,60,41.44,0.0,0.0,0.0,48,3.6558,109,146,58,41.0011,5,2.1368,9,9,2,48.3333,0.1042,,,,2026-05-25 12:38:08
0021,Regional Championship Vancouver,2025-03-08,regional,,1313,BRS-PRE,Ceruledge,ceruledge-ex,ceruledge,41,3.12,113,142,53,42.42,0.0,0.0,0.0,41,3.1226,107,137,48,42.1233,4,1.7094,6,5,5,47.9167,0.0976,,,,2026-05-25 12:38:08
0021,Regional Championship Vancouver,2025-03-08,regional,,1313,BRS-PRE,Dragapult Charizard,dragapult-charizard,"dragapult, charizard",40,3.05,116,133,54,44.22,0.0,0.0,0.0,40,3.0465,111,128,52,44.1008,3,1.2821,5,5,2,47.2222,0.075,,,,2026-05-25 12:38:08
0021,Regional Championship Vancouver,2025-03-08,regional,,1313,BRS-PRE,Charizard Pidgeot,charizard-pidgeot,"charizard, pidgeot",39,2.97,98,152,34,38.5,0.0,0.0,0.0,39,2.9703,93,149,34,37.8019,2,0.8547,5,3,0,62.5,0.0513,,,,2026-05-25 12:38:08
0021,Regional Championship Vancouver,2025-03-08,regional,,1313,BRS-PRE,Snorlax Stall,snorlax-stall,snorlax,29,2.21,105,88,37,51.01,0.0,0.0,0.0,29,2.2087,94,75,33,51.9802,7,2.9915,11,13,4,44.0476,0.2414,,,,2026-05-25 12:38:08
0021,Regional Championship Vancouver,2025-03-08,regional,,1313,BRS-PRE,Archaludon Dialga,archaludon-dialga,"archaludon, dialga-origin",28,2.13,92,88,32,48.43,0.0,0.0,0.0,28,2.1325,86,83,31,48.1667,3,1.2821,6,5,1,52.7778,0.1071,,,,2026-05-25 12:38:08
0021,Regional Championship Vancouver,2025-03-08,regional,,1313,BRS-PRE,Regidrago,regidrago-vstar,regidrago,25,1.9,63,82,33,41.57,0.0,0.0,0.0,25,1.904,56,75,26,41.189,5,2.1368,7,7,7,44.4444,0.2,,,,2026-05-25 12:38:08
0021,Regional Championship Vancouver,2025-03-08,regional,,1313,BRS-PRE,Roaring Moon,roaring-moon-ex,roaring-moon,21,1.6,85,66,26,52.92,0.0,0.0,0.0,21,1.5994,74,58,22,52.8139,5,2.1368,11,8,4,53.6232,0.2381,,,,2026-05-25 12:38:08
0021,Regional Championship Vancouver,2025-03-08,regional,,1313,BRS-PRE,Gouging Fire,gouging-fire-ex,gouging-fire,20,1.52,60,66,25,45.25,0.0,0.0,0.0,20,1.5232,57,63,23,45.2214,2,0.8547,3,3,2,45.8333,0.1,,,,2026-05-25 12:38:08
0021,Regional Championship Vancouver,2025-03-08,regional,,1313,BRS-PRE,Other,other,substitute,14,1.07,36,56,10,38.56,0.0,0.0,0.0,14,1.0663,34,55,9,37.7551,1,0.4274,2,1,1,58.3333,0.0714,,,,2026-05-25 12:38:08
0021,Regional Championship Vancouver,2025-03-08,regional,,1313,BRS-PRE,Arceus Armarouge,arceus-armarouge,"arceus, armarouge",9,0.69,32,30,9,49.3,0.0,0.0,0.0,9,0.6855,31,28,8,50.2488,1,0.4274,1,2,1,33.3333,0.1111,,,,2026-05-25 12:38:08
0021,Regional Championship Vancouver,2025-03-08,regional,,1313,BRS-PRE,Gholdengo Dragapult,gholdengo-dragapult,"gholdengo, dragapult",9,0.69,31,35,12,44.87,0.0,0.0,0.0,9,0.6855,29,29,12,47.1429,2,0.8547,2,6,0,25.0,0.2222,,,,2026-05-25 12:38:08
0021,Regional Championship Vancouver,2025-03-08,regional,,1313,BRS-PRE,Ancient Box,ancient-box,"roaring-moon, flutter-mane",8,0.61,30,26,9,50.77,0.0,0.0,0.0,8,0.6093,25,24,8,48.538,2,0.8547,5,2,1,66.6667,0.25,,,,2026-05-25 12:38:08
0021,Regional Championship Vancouver,2025-03-08,regional,,1313,BRS-PRE,Pidgeot Control,pidgeot-control,pidgeot,8,0.61,36,23,13,56.02,0.0,0.0,0.0,8,0.6093,28,18,12,55.1724,3,1.2821,8,5,1,59.5238,0.375,,,,2026-05-25 12:38:08
0021,Regional Championship Vancouver,2025-03-08,regional,,1313,BRS-PRE,Chien-Pao Baxcalibur,chien-pao-baxcalibur,"chien-pao, baxcalibur",6,0.46,15,20,4,41.88,0.0,0.0,0.0,6,0.457,15,20,4,41.8803,0,0.0,0,0,0,0.0,0.0,,,,2026-05-25 12:38:08
0021,Regional Championship Vancouver,2025-03-08,regional,,1313,BRS-PRE,Dragapult Iron Thorns,dragapult-iron-thorns,"dragapult, iron-thorns",6,0.46,15,18,10,42.64,0.0,0.0,0.0,6,0.457,14,16,9,43.5897,1,0.4274,1,2,1,33.3333,0.1667,,,,2026-05-25 12:38:08
0021,Regional Championship Vancouver,2025-03-08,regional,,1313,BRS-PRE,Palkia Noctowl,palkia-noctowl,"palkia-origin, noctowl",6,0.46,13,21,6,37.5,0.0,0.0,0.0,6,0.457,13,21,6,37.5,0,0.0,0,0,0,0.0,0.0,,,,2026-05-25 12:38:08
0021,Regional Championship Vancouver,2025-03-08,regional,,1313,BRS-PRE,Flareon Noctowl,flareon-noctowl,"flareon, noctowl",4,0.3,11,17,3,38.71,0.0,0.0,0.0,4,0.3046,11,17,3,38.7097,0,0.0,0,0,0,0.0,0.0,,,,2026-05-25 12:38:08
0021,Regional Championship Vancouver,2025-03-08,regional,,1313,BRS-PRE,Hydreigon,hydreigon-ex,hydreigon,4,0.3,10,16,2,38.1,0.0,0.0,0.0,4,0.3046,10,16,2,38.0952,0,0.0,0,0,0,0.0,0.0,,,,2026-05-25 12:38:08
0021,Regional Championship Vancouver,2025-03-08,regional,,1313,BRS-PRE,Palkia Dusknoir,palkia-dusknoir,"palkia-origin, dusknoir",4,0.3,12,12,2,48.72,0.0,0.0,0.0,4,0.3046,12,12,2,48.7179,0,0.0,0,0,0,0.0,0.0,,,,2026-05-25 12:38:08
0021,Regional Championship Vancouver,2025-03-08,regional,,1313,BRS-PRE,Slowking,slowking-scr,slowking,4,0.3,4,17,1,19.7,0.0,0.0,0.0,4,0.3046,4,17,1,19.697,0,0.0,0,0,0,0.0,0.0,,,,2026-05-25 12:38:08
0021,Regional Championship Vancouver,2025-03-08,regional,,1313,BRS-PRE,Terapagos Noctowl,terapagos-noctowl,"terapagos, noctowl",4,0.3,18,13,3,55.88,0.0,0.0,0.0,4,0.3046,16,12,2,55.5556,1,0.4274,2,1,1,58.3333,0.25,,,,2026-05-25 12:38:08
0021,Regional Championship Vancouver,2025-03-08,regional,,1313,BRS-PRE,Arceus Vulpix,arceus-vulpix,"arceus, vulpix-alola",2,0.15,2,5,2,29.63,0.0,0.0,0.0,2,0.1523,2,5,2,29.6296,0,0.0,0,0,0,0.0,0.0,,,,2026-05-25 12:38:08
0021,Regional Championship Vancouver,2025-03-08,regional,,1313,BRS-PRE,Blissey,blissey-ex,blissey,2,0.15,0,6,2,8.33,0.0,0.0,0.0,2,0.1523,0,6,2,8.3333,0,0.0,0,0,0,0.0,0.0,,,,2026-05-25 12:38:08
0021,Regional Championship Vancouver,2025-03-08,regional,,1313,BRS-PRE,Feraligatr,feraligatr-tef,feraligatr,2,0.15,5,10,1,33.33,0.0,0.0,0.0,2,0.1523,5,10,1,33.3333,0,0.0,0,0,0,0.0,0.0,,,,2026-05-25 12:38:08
0021,Regional Championship Vancouver,2025-03-08,regional,,1313,BRS-PRE,Dipplin,festival-lead,"dipplin, thwackey",2,0.15,2,8,1,21.21,0.0,0.0,0.0,2,0.1523,2,8,1,21.2121,0,0.0,0,0,0,0.0,0.0,,,,2026-05-25 12:38:08
0021,Regional Championship Vancouver,2025-03-08,regional,,1313,BRS-PRE,Giratina LZ Box,giratina-lz-box,"giratina-origin, comfey",2,0.15,7,7,2,47.92,0.0,0.0,0.0,2,0.1523,7,7,2,47.9167,0,0.0,0,0,0,0.0,0.0,,,,2026-05-25 12:38:08
0021,Regional Championship Vancouver,2025-03-08,regional,,1313,BRS-PRE,Greninja,greninja-ex,greninja,2,0.15,6,7,0,46.15,0.0,0.0,0.0,2,0.1523,6,7,0,46.1538,0,0.0,0,0,0,0.0,0.0,,,,2026-05-25 12:38:08
0021,Regional Championship Vancouver,2025-03-08,regional,,1313,BRS-PRE,Greninja Froslass,greninja-froslass,"greninja, froslass",2,0.15,6,7,3,43.75,0.0,0.0,0.0,2,0.1523,6,7,3,43.75,0,0.0,0,0,0,0.0,0.0,,,,2026-05-25 12:38:08
0021,Regional Championship Vancouver,2025-03-08,regional,,1313,BRS-PRE,Hydrapple Ogerpon,hydrapple-ogerpon,"hydrapple, ogerpon",2,0.15,0,9,2,6.06,0.0,0.0,0.0,2,0.1523,0,9,2,6.0606,0,0.0,0,0,0,0.0,0.0,,,,2026-05-25 12:38:08
0021,Regional Championship Vancouver,2025-03-08,regional,,1313,BRS-PRE,Future Hands,iron-hands-ex,"iron-hands, iron-crown",2,0.15,5,7,0,41.67,0.0,0.0,0.0,2,0.1523,5,7,0,41.6667,0,0.0,0,0,0,0.0,0.0,,,,2026-05-25 12:38:08
0021,Regional Championship Vancouver,2025-03-08,regional,,1313,BRS-PRE,Iron Thorns,iron-thorns-ex,iron-thorns,2,0.15,6,5,3,50.0,0.0,0.0,0.0,2,0.1523,6,5,3,50.0,0,0.0,0,0,0,0.0,0.0,,,,2026-05-25 12:38:08
0021,Regional Championship Vancouver,2025-03-08,regional,,1313,BRS-PRE,Miraidon Regieleki,miraidon-regieleki,"miraidon, regieleki",2,0.15,2,10,0,16.67,0.0,0.0,0.0,2,0.1523,2,10,0,16.6667,0,0.0,0,0,0,0.0,0.0,,,,2026-05-25 12:38:08
0021,Regional Championship Vancouver,2025-03-08,regional,,1313,BRS-PRE,Okidogi,okidogi-ex,okidogi,2,0.15,4,4,1,48.15,0.0,0.0,0.0,2,0.1523,4,4,1,48.1481,0,0.0,0,0,0,0.0,0.0,,,,2026-05-25 12:38:08
0021,Regional Championship Vancouver,2025-03-08,regional,,1313,BRS-PRE,Pikachu Regis,pikachu-regigigas,"regigigas, pikachu",2,0.15,6,7,7,41.67,0.0,0.0,0.0,2,0.1523,6,4,6,50.0,1,0.4274,0,3,1,8.3333,0.5,,,,2026-05-25 12:38:08
0021,Regional Championship Vancouver,2025-03-08,regional,,1313,BRS-PRE,Sinistcha Ogerpon,sinistcha-ogerpon,"sinistcha, ogerpon",2,0.15,1,6,0,14.29,0.0,0.0,0.0,2,0.1523,1,6,0,14.2857,0,0.0,0,0,0,0.0,0.0,,,,2026-05-25 12:38:08
0021,Regional Championship Vancouver,2025-03-08,regional,,1313,BRS-PRE,Tsareena,tsareena-ex,tsareena,2,0.15,1,6,2,18.52,0.0,0.0,0.0,2,0.1523,1,6,2,18.5185,0,0.0,0,0,0,0.0,0.0,,,,2026-05-25 12:38:08
0021,Regional Championship Vancouver,2025-03-08,regional,,1313,BRS-PRE,Aegislash,aegislash-par,aegislash,1,0.08,2,5,0,28.57,0.0,0.0,0.0,1,0.0762,2,5,0,28.5714,0,0.0,0,0,0,0.0,0.0,,,,2026-05-25 12:38:08
0021,Regional Championship Vancouver,2025-03-08,regional,,1313,BRS-PRE,Charizard Noctowl,charizard-noctowl,"charizard, noctowl",1,0.08,1,6,1,16.67,0.0,0.0,0.0,1,0.0762,1,6,1,16.6667,0,0.0,0,0,0,0.0,0.0,,,,2026-05-25 12:38:08
0021,Regional Championship Vancouver,2025-03-08,regional,,1313,BRS-PRE,Conkeldurr,conkeldurr-twm,conkeldurr,1,0.08,4,3,1,54.17,0.0,0.0,0.0,1,0.0762,4,3,1,54.1667,0,0.0,0,0,0,0.0,0.0,,,,2026-05-25 12:38:08
0021,Regional Championship Vancouver,2025-03-08,regional,,1313,BRS-PRE,Flygon,flygon-ex-ssp,flygon,1,0.08,3,3,2,45.83,0.0,0.0,0.0,1,0.0762,3,3,2,45.8333,0,0.0,0,0,0,0.0,0.0,,,,2026-05-25 12:38:08
0021,Regional Championship Vancouver,2025-03-08,regional,,1313,BRS-PRE,Future Box,future-box,"miraidon, iron-crown",1,0.08,1,6,0,14.29,0.0,0.0,0.0,1,0.0762,1,6,0,14.2857,0,0.0,0,0,0,0.0,0.0,,,,2026-05-25 12:38:08
0021,Regional Championship Vancouver,2025-03-08,regional,,1313,BRS-PRE,Goodra LZ Box,goodra-lz-box,"goodra-hisui, comfey",1,0.08,3,5,0,37.5,0.0,0.0,0.0,1,0.0762,3,5,0,37.5,0,0.0,0,0,0,0.0,0.0,,,,2026-05-25 12:38:08
0021,Regional Championship Vancouver,2025-03-08,regional,,1313,BRS-PRE,Great Tusk Mill,great-tusk-tef,great-tusk,1,0.08,1,5,2,20.83,0.0,0.0,0.0,1,0.0762,1,5,2,20.8333,0,0.0,0,0,0,0.0,0.0,,,,2026-05-25 12:38:08
0021,Regional Championship Vancouver,2025-03-08,regional,,1313,BRS-PRE,Hisuian Zoroark,hisuian-zoroark-vstar,zoroark-hisui,1,0.08,1,2,2,33.33,0.0,0.0,0.0,1,0.0762,1,2,2,33.3333,0,0.0,0,0,0,0.0,0.0,,,,2026-05-25 12:38:08
0021,Regional Championship Vancouver,2025-03-08,regional,,1313,BRS-PRE,Milotic,milotic-ex,milotic,1,0.08,3,4,1,41.67,0.0,0.0,0.0,1,0.0762,3,4,1,41.6667,0,0.0,0,0,0,0.0,0.0,,,,2026-05-25 12:38:08
0021,Regional Championship Vancouver,2025-03-08,regional,,1313,BRS-PRE,Mimikyu Ogerpon,mimikyu-ogerpon,"mimikyu, ogerpon-cornerstone",1,0.08,3,4,1,41.67,0.0,0.0,0.0,1,0.0762,3,4,1,41.6667,0,0.0,0,0,0,0.0,0.0,,,,2026-05-25 12:38:08
0021,Regional Championship Vancouver,2025-03-08,regional,,1313,BRS-PRE,Ogerpon Noivern,ogerpon-noivern,"ogerpon-cornerstone, noivern",1,0.08,3,5,0,37.5,0.0,0.0,0.0,1,0.0762,3,5,0,37.5,0,0.0,0,0,0,0.0,0.0,,,,2026-05-25 12:38:08
0021,Regional Championship Vancouver,2025-03-08,regional,,1313,BRS-PRE,Palkia,palkia-vstar,palkia-origin,1,0.08,2,2,1,46.67,0.0,0.0,0.0,1,0.0762,2,2,1,46.6667,0,0.0,0,0,0,0.0,0.0,,,,2026-05-25 12:38:08
0021,Regional Championship Vancouver,2025-03-08,regional,,1313,BRS-PRE,Slaking,slaking-ex,slaking,1,0.08,3,4,1,41.67,0.0,0.0,0.0,1,0.0762,3,4,1,41.6667,0,0.0,0,0,0,0.0,0.0,,,,2026-05-25 12:38:08
0021,Regional Championship Vancouver,2025-03-08,regional,,1313,BRS-PRE,Snorlax Pidgeot,snorlax-pidgeot,"snorlax, pidgeot",1,0.08,4,4,0,50.0,0.0,0.0,0.0,1,0.0762,4,4,0,50.0,0,0.0,0,0,0,0.0,0.0,,,,2026-05-25 12:38:08
0021,Regional Championship Vancouver,2025-03-08,regional,,1313,BRS-PRE,Tinkaton,tinkaton-ex,tinkaton,1,0.08,3,4,1,41.67,0.0,0.0,0.0,1,0.0762,3,4,1,41.6667,0,0.0,0,0,0,0.0,0.0,,,,2026-05-25 12:38:08
0021,Regional Championship Vancouver,2025-03-08,regional,,1313,BRS-PRE,United Wings,united-wings,"murkrow, flamigo",1,0.08,3,4,1,41.67,0.0,0.0,0.0,1,0.0762,3,4,1,41.6667,0,0.0,0,0,0,0.0,0.0,,,,2026-05-25 12:38:08
0021,Regional Championship Vancouver,2025-03-08,regional,,1313,BRS-PRE,Walking Wake,walking-wake-ex,walking-wake,1,0.08,1,5,2,20.83,0.0,0.0,0.0,1,0.0762,1,5,2,20.8333,0,0.0,0,0,0,0.0,0.0,,,,2026-05-25 12:38:08
0022,Regional Championship Fortaleza,2025-03-08,regional,,710,BRS-PRE,Gardevoir,gardevoir-ex-sv,gardevoir,87,12.25,289,273,131,48.0,0.0,0.0,0.0,87,12.2535,260,245,120,48.0,19,15.4472,29,28,11,48.0392,0.2184,,,,2026-05-25 12:38:08
0022,Regional Championship Fortaleza,2025-03-08,regional,,710,BRS-PRE,Dragapult Dusknoir,dragapult-dusknoir,"dragapult, dusknoir",72,10.14,222,240,80,45.88,0.0,0.0,0.0,72,10.1408,211,227,74,46.0286,9,7.3171,11,13,6,43.3333,0.125,,,,2026-05-25 12:38:08
0022,Regional Championship Fortaleza,2025-03-08,regional,,710,BRS-PRE,Raging Bolt Ogerpon,raging-bolt-ogerpon,"raging-bolt, ogerpon",57,8.03,172,192,66,45.12,0.0,0.0,0.0,57,8.0282,165,185,65,44.9799,5,4.065,7,7,1,48.8889,0.0877,,,,2026-05-25 12:38:08
0022,Regional Championship Fortaleza,2025-03-08,regional,,710,BRS-PRE,Gholdengo,gholdengo-ex,gholdengo,54,7.61,228,150,89,55.17,0.0,0.0,0.0,54,7.6056,204,127,76,56.3473,20,16.2602,24,23,13,47.2222,0.3704,,,,2026-05-25 12:38:08
0022,Regional Championship Fortaleza,2025-03-08,regional,,710,BRS-PRE,Charizard Pidgeot,charizard-pidgeot,"charizard, pidgeot",49,6.9,94,169,37,35.44,0.0,0.0,0.0,49,6.9014,93,168,36,35.3535,1,0.813,1,1,1,44.4444,0.0204,,,,2026-05-25 12:38:08
0022,Regional Championship Fortaleza,2025-03-08,regional,,710,BRS-PRE,Archaludon,archaludon-ex,archaludon,43,6.06,142,129,71,48.44,0.0,0.0,0.0,43,6.0563,138,117,66,49.8442,7,5.6911,4,12,5,26.9841,0.1628,,,,2026-05-25 12:38:08
0022,Regional Championship Fortaleza,2025-03-08,regional,,710,BRS-PRE,Poison Terapagos,poison-terapagos,"terapagos, brute-bonnet",40,5.63,154,121,47,52.69,0.0,0.0,0.0,40,5.6338,143,113,44,52.5556,7,5.6911,11,8,3,54.5455,0.175,,,,2026-05-25 12:38:08
0022,Regional Championship Fortaleza,2025-03-08,regional,,710,BRS-PRE,Lugia Archeops,lugia-archeops,"lugia, archeops",35,4.93,137,100,41,54.2,0.0,0.0,0.0,35,4.9296,121,90,40,53.5193,9,7.3171,16,10,1,60.4938,0.2571,,,,2026-05-25 12:38:08
0022,Regional Championship Fortaleza,2025-03-08,regional,,710,BRS-PRE,Dragapult,dragapult-ex,dragapult,32,4.51,133,103,44,52.74,0.0,0.0,0.0,32,4.507,119,90,39,53.2258,9,7.3171,14,13,5,48.9583,0.2813,,,,2026-05-25 12:38:08
0022,Regional Championship Fortaleza,2025-03-08,regional,,710,BRS-PRE,Miraidon,miraidon-ex,miraidon,29,4.08,108,95,31,50.57,0.0,0.0,0.0,29,4.0845,103,85,28,52.0062,6,4.878,5,10,3,33.3333,0.2069,,,,2026-05-25 12:38:08
0022,Regional Championship Fortaleza,2025-03-08,regional,,710,BRS-PRE,Ceruledge,ceruledge-ex,ceruledge,22,3.1,81,72,34,49.38,0.0,0.0,0.0,22,3.0986,70,64,34,48.4127,6,4.878,11,8,0,57.8947,0.2727,,,,2026-05-25 12:38:08
0022,Regional Championship Fortaleza,2025-03-08,regional,,710,BRS-PRE,Lost Zone Box,lost-zone-box,"comfey, cramorant",16,2.25,59,43,23,53.33,0.0,0.0,0.0,16,2.2535,52,38,18,53.7037,5,4.065,7,5,5,50.9804,0.3125,,,,2026-05-25 12:38:08
0022,Regional Championship Fortaleza,2025-03-08,regional,,710,BRS-PRE,Other,other,substitute,15,2.11,25,52,10,32.57,0.0,0.0,0.0,15,2.1127,24,51,9,32.1429,1,0.813,1,1,1,44.4444,0.0667,,,,2026-05-25 12:38:08
0022,Regional Championship Fortaleza,2025-03-08,regional,,710,BRS-PRE,Ancient Box,ancient-box,"roaring-moon, flutter-mane",14,1.97,28,51,16,35.09,0.0,0.0,0.0,14,1.9718,26,50,15,34.0659,1,0.813,2,1,1,58.3333,0.0714,,,,2026-05-25 12:38:08
0022,Regional Championship Fortaleza,2025-03-08,regional,,710,BRS-PRE,Snorlax Stall,snorlax-stall,snorlax,14,1.97,63,41,17,56.75,0.0,0.0,0.0,14,1.9718,56,38,15,55.9633,4,3.252,7,3,2,63.8889,0.2857,,,,2026-05-25 12:38:08
0022,Regional Championship Fortaleza,2025-03-08,regional,,710,BRS-PRE,Dragapult Charizard,dragapult-charizard,"dragapult, charizard",13,1.83,46,42,16,49.36,0.0,0.0,0.0,13,1.831,46,39,16,50.8251,1,0.813,0,3,0,0.0,0.0769,,,,2026-05-25 12:38:08
0022,Regional Championship Fortaleza,2025-03-08,regional,,710,BRS-PRE,Regidrago,regidrago-vstar,regidrago,11,1.55,28,39,15,40.24,0.0,0.0,0.0,11,1.5493,27,37,15,40.5063,1,0.813,1,2,0,33.3333,0.0909,,,,2026-05-25 12:38:08
0022,Regional Championship Fortaleza,2025-03-08,regional,,710,BRS-PRE,Chien-Pao Baxcalibur,chien-pao-baxcalibur,"chien-pao, baxcalibur",10,1.41,20,42,14,32.46,0.0,0.0,0.0,10,1.4085,20,42,14,32.4561,0,0.0,0,0,0,0.0,0.0,,,,2026-05-25 12:38:08
0022,Regional Championship Fortaleza,2025-03-08,regional,,710,BRS-PRE,Palkia Noctowl,palkia-noctowl,"palkia-origin, noctowl",9,1.27,31,31,10,47.69,0.0,0.0,0.0,9,1.2676,29,30,10,46.8599,1,0.813,2,1,0,66.6667,0.1111,,,,2026-05-25 12:38:08
0022,Regional Championship Fortaleza,2025-03-08,regional,,710,BRS-PRE,Iron Thorns,iron-thorns-ex,iron-thorns,8,1.13,36,25,7,56.37,0.0,0.0,0.0,8,1.1268,32,23,7,55.3763,2,1.626,4,2,0,66.6667,0.25,,,,2026-05-25 12:38:08
0022,Regional Championship Fortaleza,2025-03-08,regional,,710,BRS-PRE,Archaludon Dialga,archaludon-dialga,"archaludon, dialga-origin",7,0.99,24,24,11,46.89,0.0,0.0,0.0,7,0.9859,23,24,9,46.4286,1,0.813,1,0,2,55.5556,0.1429,,,,2026-05-25 12:38:08
0022,Regional Championship Fortaleza,2025-03-08,regional,,710,BRS-PRE,Charizard Noctowl,charizard-noctowl,"charizard, noctowl",7,0.99,9,23,10,29.37,0.0,0.0,0.0,7,0.9859,9,23,10,29.3651,0,0.0,0,0,0,0.0,0.0,,,,2026-05-25 12:38:08
0022,Regional Championship Fortaleza,2025-03-08,regional,,710,BRS-PRE,Hydreigon,hydreigon-ex,hydreigon,7,0.99,15,28,7,34.67,0.0,0.0,0.0,7,0.9859,15,28,7,34.6667,0,0.0,0,0,0,0.0,0.0,,,,2026-05-25 12:38:08
0022,Regional Championship Fortaleza,2025-03-08,regional,,710,BRS-PRE,Roaring Moon,roaring-moon-ex,roaring-moon,6,0.85,23,20,4,51.77,0.0,0.0,0.0,6,0.8451,20,19,3,50.0,1,0.813,3,1,1,66.6667,0.1667,,,,2026-05-25 12:38:08
0022,Regional Championship Fortaleza,2025-03-08,regional,,710,BRS-PRE,Terapagos Noctowl,terapagos-noctowl,"terapagos, noctowl",6,0.85,12,24,5,33.33,0.0,0.0,0.0,6,0.8451,12,24,5,33.3333,0,0.0,0,0,0,0.0,0.0,,,,2026-05-25 12:38:08
0022,Regional Championship Fortaleza,2025-03-08,regional,,710,BRS-PRE,Dragapult Iron Thorns,dragapult-iron-thorns,"dragapult, iron-thorns",5,0.7,8,16,5,33.33,0.0,0.0,0.0,5,0.7042,8,16,5,33.3333,0,0.0,0,0,0,0.0,0.0,,,,2026-05-25 12:38:08
0022,Regional Championship Fortaleza,2025-03-08,regional,,710,BRS-PRE,Gouging Fire,gouging-fire-ex,gouging-fire,4,0.56,21,14,4,57.26,0.0,0.0,0.0,4,0.5634,17,11,2,58.8889,3,2.439,4,3,2,51.8519,0.75,,,,2026-05-25 12:38:08
0022,Regional Championship Fortaleza,2025-03-08,regional,,710,BRS-PRE,Dipplin,festival-lead,"dipplin, thwackey",3,0.42,4,10,1,28.89,0.0,0.0,0.0,3,0.4225,4,10,1,28.8889,0,0.0,0,0,0,0.0,0.0,,,,2026-05-25 12:38:08
0022,Regional Championship Fortaleza,2025-03-08,regional,,710,BRS-PRE,Pidgeot Control,pidgeot-control,pidgeot,3,0.42,9,8,6,47.83,0.0,0.0,0.0,3,0.4225,9,7,4,51.6667,1,0.813,0,1,2,22.2222,0.3333,,,,2026-05-25 12:38:08
0022,Regional Championship Fortaleza,2025-03-08,regional,,710,BRS-PRE,Flareon Noctowl,flareon-noctowl,"flareon, noctowl",2,0.28,5,8,2,37.78,0.0,0.0,0.0,2,0.2817,5,8,2,37.7778,0,0.0,0,0,0,0.0,0.0,,,,2026-05-25 12:38:08
0022,Regional Championship Fortaleza,2025-03-08,regional,,710,BRS-PRE,Galvantula,galvantula-ex,galvantula,2,0.28,0,5,4,14.81,0.0,0.0,0.0,2,0.2817,0,5,4,14.8148,0,0.0,0,0,0,0.0,0.0,,,,2026-05-25 12:38:08
0022,Regional Championship Fortaleza,2025-03-08,regional,,710,BRS-PRE,Hydrapple Ogerpon,hydrapple-ogerpon,"hydrapple, ogerpon",2,0.28,3,8,1,27.78,0.0,0.0,0.0,2,0.2817,3,8,1,27.7778,0,0.0,0,0,0,0.0,0.0,,,,2026-05-25 12:38:08
0022,Regional Championship Fortaleza,2025-03-08,regional,,710,BRS-PRE,Palkia Dusknoir,palkia-dusknoir,"palkia-origin, dusknoir",2,0.28,6,8,2,41.67,0.0,0.0,0.0,2,0.2817,6,8,2,41.6667,0,0.0,0,0,0,0.0,0.0,,,,2026-05-25 12:38:08
0022,Regional Championship Fortaleza,2025-03-08,regional,,710,BRS-PRE,Tera Box,tera-box,"noctowl, ogerpon",2,0.28,1,9,1,12.12,0.0,0.0,0.0,2,0.2817,1,9,1,12.1212,0,0.0,0,0,0,0.0,0.0,,,,2026-05-25 12:38:08
0022,Regional Championship Fortaleza,2025-03-08,regional,,710,BRS-PRE,United Wings,united-wings,"murkrow, flamigo",2,0.28,4,8,4,33.33,0.0,0.0,0.0,2,0.2817,4,8,4,33.3333,0,0.0,0,0,0,0.0,0.0,,,,2026-05-25 12:38:08
0022,Regional Championship Fortaleza,2025-03-08,regional,,710,BRS-PRE,Alakazam,alakazam-ex,alakazam,1,0.14,1,5,0,16.67,0.0,0.0,0.0,1,0.1408,1,5,0,16.6667,0,0.0,0,0,0,0.0,0.0,,,,2026-05-25 12:38:08
0022,Regional Championship Fortaleza,2025-03-08,regional,,710,BRS-PRE,Arceus Giratina,arceus-giratina,"arceus, giratina-origin",1,0.14,3,3,2,45.83,0.0,0.0,0.0,1,0.1408,3,3,2,45.8333,0,0.0,0,0,0,0.0,0.0,,,,2026-05-25 12:38:08
0022,Regional Championship Fortaleza,2025-03-08,regional,,710,BRS-PRE,Blissey,blissey-ex,blissey,1,0.14,1,2,0,33.33,0.0,0.0,0.0,1,0.1408,1,2,0,33.3333,0,0.0,0,0,0,0.0,0.0,,,,2026-05-25 12:38:08
0022,Regional Championship Fortaleza,2025-03-08,regional,,710,BRS-PRE,Charizard,charizard-ex,charizard,1,0.14,2,5,1,29.17,0.0,0.0,0.0,1,0.1408,2,5,1,29.1667,0,0.0,0,0,0,0.0,0.0,,,,2026-05-25 12:38:08
0022,Regional Championship Fortaleza,2025-03-08,regional,,710,BRS-PRE,Charizard LZ Box,charizard-lz-box,"charizard, comfey",1,0.14,1,5,1,19.05,0.0,0.0,0.0,1,0.1408,1,5,1,19.0476,0,0.0,0,0,0,0.0,0.0,,,,2026-05-25 12:38:08
0022,Regional Championship Fortaleza,2025-03-08,regional,,710,BRS-PRE,Cinderace,cinderace-ex,cinderace,1,0.14,2,6,0,25.0,0.0,0.0,0.0,1,0.1408,2,6,0,25.0,0,0.0,0,0,0,0.0,0.0,,,,2026-05-25 12:38:08
0022,Regional Championship Fortaleza,2025-03-08,regional,,710,BRS-PRE,Feraligatr,feraligatr-tef,feraligatr,1,0.14,2,5,0,28.57,0.0,0.0,0.0,1,0.1408,2,5,0,28.5714,0,0.0,0,0,0,0.0,0.0,,,,2026-05-25 12:38:08
0022,Regional Championship Fortaleza,2025-03-08,regional,,710,BRS-PRE,Flygon,flygon-ex-ssp,flygon,1,0.14,2,4,2,33.33,0.0,0.0,0.0,1,0.1408,2,4,2,33.3333,0,0.0,0,0,0,0.0,0.0,,,,2026-05-25 12:38:08
0022,Regional Championship Fortaleza,2025-03-08,regional,,710,BRS-PRE,Froslass Munkidori,froslass-munkidori,"froslass, munkidori",1,0.14,0,1,0,0.0,0.0,0.0,0.0,1,0.1408,0,1,0,0.0,0,0.0,0,0,0,0.0,0.0,,,,2026-05-25 12:38:08
0022,Regional Championship Fortaleza,2025-03-08,regional,,710,BRS-PRE,Gholdengo Dragapult,gholdengo-dragapult,"gholdengo, dragapult",1,0.14,5,5,1,48.48,0.0,0.0,0.0,1,0.1408,5,2,1,66.6667,1,0.813,0,3,0,0.0,1.0,,,,2026-05-25 12:38:08
0022,Regional Championship Fortaleza,2025-03-08,regional,,710,BRS-PRE,Giratina,giratina-vstar,giratina-origin,1,0.14,7,3,1,66.67,0.0,0.0,0.0,1,0.1408,5,2,1,66.6667,1,0.813,2,1,0,66.6667,1.0,,,,2026-05-25 12:38:08
0022,Regional Championship Fortaleza,2025-03-08,regional,,710,BRS-PRE,Hisuian Zoroark,hisuian-zoroark-vstar,zoroark-hisui,1,0.14,1,3,0,25.0,0.0,0.0,0.0,1,0.1408,1,3,0,25.0,0,0.0,0,0,0,0.0,0.0,,,,2026-05-25 12:38:08
0022,Regional Championship Fortaleza,2025-03-08,regional,,710,BRS-PRE,Future Hands,iron-hands-ex,"iron-hands, iron-crown",1,0.14,0,3,0,0.0,0.0,0.0,0.0,1,0.1408,0,3,0,0.0,0,0.0,0,0,0,0.0,0.0,,,,2026-05-25 12:38:08
0022,Regional Championship Fortaleza,2025-03-08,regional,,710,BRS-PRE,Lunatone Solrock,lunarock-pgo,"lunatone, solrock",1,0.14,0,3,0,0.0,0.0,0.0,0.0,1,0.1408,0,3,0,0.0,0,0.0,0,0,0,0.0,0.0,,,,2026-05-25 12:38:08
0022,Regional Championship Fortaleza,2025-03-08,regional,,710,BRS-PRE,Lost Box Charizard,lzb-charizard,"comfey, charizard",1,0.14,6,3,2,60.61,0.0,0.0,0.0,1,0.1408,5,2,1,66.6667,1,0.813,1,1,1,44.4444,1.0,,,,2026-05-25 12:38:08
0022,Regional Championship Fortaleza,2025-03-08,regional,,710,BRS-PRE,Miraidon Regieleki,miraidon-regieleki,"miraidon, regieleki",1,0.14,2,4,2,33.33,0.0,0.0,0.0,1,0.1408,2,4,2,33.3333,0,0.0,0,0,0,0.0,0.0,,,,2026-05-25 12:38:08
0022,Regional Championship Fortaleza,2025-03-08,regional,,710,BRS-PRE,Palkia Chien-Pao,palkia-chien-pao,"palkia-origin, chien-pao",1,0.14,0,1,0,0.0,0.0,0.0,0.0,1,0.1408,0,1,0,0.0,0,0.0,0,0,0,0.0,0.0,,,,2026-05-25 12:38:08
0022,Regional Championship Fortaleza,2025-03-08,regional,,710,BRS-PRE,Sinistcha Ogerpon,sinistcha-ogerpon,"sinistcha, ogerpon",1,0.14,3,4,1,41.67,0.0,0.0,0.0,1,0.1408,3,4,1,41.6667,0,0.0,0,0,0,0.0,0.0,,,,2026-05-25 12:38:08
0022,Regional Championship Fortaleza,2025-03-08,regional,,710,BRS-PRE,Tinkaton,tinkaton-ex,tinkaton,1,0.14,0,1,0,0.0,0.0,0.0,0.0,1,0.1408,0,1,0,0.0,0,0.0,0,0,0,0.0,0.0,,,,2026-05-25 12:38:08
0022,Regional Championship Fortaleza,2025-03-08,regional,,710,BRS-PRE,Toedscruel,toedscruel-ex,toedscruel,1,0.14,2,5,1,29.17,0.0,0.0,0.0,1,0.1408,2,5,1,29.1667,0,0.0,0,0,0,0.0,0.0,,,,2026-05-25 12:38:08
0023,Regional Championship Stockholm,2025-03-22,regional,,814,BRS-PRE,Dragapult Dusknoir,dragapult-dusknoir,"dragapult, dusknoir",81,9.95,234,296,93,42.54,0.0,0.0,0.0,81,9.9509,224,285,90,42.404,8,5.5944,10,11,3,45.8333,0.0988,,,,2026-05-25 12:38:08
0023,Regional Championship Stockholm,2025-03-22,regional,,814,BRS-PRE,Gardevoir,gardevoir-ex-sv,gardevoir,72,8.85,283,228,93,51.99,0.0,0.0,0.0,72,8.8452,253,211,78,51.476,19,13.2867,30,17,15,56.4516,0.2639,,,,2026-05-25 12:38:08
0023,Regional Championship Stockholm,2025-03-22,regional,,814,BRS-PRE,Lugia Archeops,lugia-archeops,"lugia, archeops",68,8.35,269,223,73,51.92,0.0,0.0,0.0,68,8.3538,249,193,67,53.3071,18,12.5874,20,30,6,39.2857,0.2647,,,,2026-05-25 12:38:08
0023,Regional Championship Stockholm,2025-03-22,regional,,814,BRS-PRE,Gholdengo,gholdengo-ex,gholdengo,62,7.62,207,211,74,47.09,0.0,0.0,0.0,62,7.6167,198,202,68,47.151,8,5.5944,9,9,6,45.8333,0.129,,,,2026-05-25 12:38:08
0023,Regional Championship Stockholm,2025-03-22,regional,,814,BRS-PRE,Dragapult,dragapult-ex,dragapult,60,7.37,218,202,85,48.78,0.0,0.0,0.0,60,7.371,199,180,76,49.304,15,10.4895,19,22,9,44.0,0.25,,,,2026-05-25 12:38:08
0023,Regional Championship Stockholm,2025-03-22,regional,,814,BRS-PRE,Miraidon,miraidon-ex,miraidon,57,7.0,199,190,52,49.06,0.0,0.0,0.0,57,7.0025,178,173,45,48.7374,15,10.4895,21,17,7,51.8519,0.2632,,,,2026-05-25 12:38:08
0023,Regional Championship Stockholm,2025-03-22,regional,,814,BRS-PRE,Archaludon,archaludon-ex,archaludon,48,5.9,160,155,73,47.51,0.0,0.0,0.0,48,5.8968,150,150,70,46.8468,5,3.4965,10,5,3,61.1111,0.1042,,,,2026-05-25 12:38:08
0023,Regional Championship Stockholm,2025-03-22,regional,,814,BRS-PRE,Poison Terapagos,poison-terapagos,"terapagos, brute-bonnet",44,5.41,172,146,59,50.84,0.0,0.0,0.0,44,5.4054,158,128,53,51.8191,12,8.3916,14,18,6,42.1053,0.2727,,,,2026-05-25 12:38:08
0023,Regional Championship Stockholm,2025-03-22,regional,,814,BRS-PRE,Roaring Moon,roaring-moon-ex,roaring-moon,37,4.55,131,108,49,51.16,0.0,0.0,0.0,37,4.5455,125,103,42,51.4815,6,4.1958,6,5,7,46.2963,0.1622,,,,2026-05-25 12:38:08
0023,Regional Championship Stockholm,2025-03-22,regional,,814,BRS-PRE,Lost Zone Box,lost-zone-box,"comfey, cramorant",33,4.05,114,111,43,47.89,0.0,0.0,0.0,33,4.0541,108,104,41,48.0896,5,3.4965,6,7,2,44.4444,0.1515,,,,2026-05-25 12:38:08
0023,Regional Championship Stockholm,2025-03-22,regional,,814,BRS-PRE,Snorlax Stall,snorlax-stall,snorlax,24,2.95,102,76,32,53.65,0.0,0.0,0.0,24,2.9484,95,66,29,55.0877,6,4.1958,7,10,3,40.0,0.25,,,,2026-05-25 12:38:08
0023,Regional Championship Stockholm,2025-03-22,regional,,814,BRS-PRE,Charizard Pidgeot,charizard-pidgeot,"charizard, pidgeot",22,2.7,75,76,30,46.96,0.0,0.0,0.0,22,2.7027,72,66,28,48.996,5,3.4965,3,10,2,24.4444,0.2273,,,,2026-05-25 12:38:08
0023,Regional Championship Stockholm,2025-03-22,regional,,814,BRS-PRE,Dragapult Charizard,dragapult-charizard,"dragapult, charizard",21,2.58,46,73,30,37.58,0.0,0.0,0.0,21,2.5799,46,73,30,37.5839,0,0.0,0,0,0,0.0,0.0,,,,2026-05-25 12:38:08
0023,Regional Championship Stockholm,2025-03-22,regional,,814,BRS-PRE,Regidrago,regidrago-vstar,regidrago,21,2.58,79,59,24,53.7,0.0,0.0,0.0,21,2.5799,68,53,22,52.6807,6,4.1958,11,6,2,61.4035,0.2857,,,,2026-05-25 12:38:08
0023,Regional Championship Stockholm,2025-03-22,regional,,814,BRS-PRE,Ceruledge,ceruledge-ex,ceruledge,15,1.84,52,49,13,49.42,0.0,0.0,0.0,15,1.8428,47,45,13,48.8889,3,2.0979,5,4,0,55.5556,0.2,,,,2026-05-25 12:38:08
0023,Regional Championship Stockholm,2025-03-22,regional,,814,BRS-PRE,Pidgeot Control,pidgeot-control,pidgeot,14,1.72,59,40,17,55.75,0.0,0.0,0.0,14,1.7199,52,37,14,55.0162,3,2.0979,7,3,3,61.5385,0.2143,,,,2026-05-25 12:38:08
0023,Regional Championship Stockholm,2025-03-22,regional,,814,BRS-PRE,Raging Bolt Ogerpon,raging-bolt-ogerpon,"raging-bolt, ogerpon",14,1.72,29,60,15,32.69,0.0,0.0,0.0,14,1.7199,29,60,15,32.6923,0,0.0,0,0,0,0.0,0.0,,,,2026-05-25 12:38:08
0023,Regional Championship Stockholm,2025-03-22,regional,,814,BRS-PRE,Other,other,substitute,12,1.47,25,52,10,32.57,0.0,0.0,0.0,12,1.4742,25,52,10,32.567,0,0.0,0,0,0,0.0,0.0,,,,2026-05-25 12:38:08
0023,Regional Championship Stockholm,2025-03-22,regional,,814,BRS-PRE,Archaludon Dialga,archaludon-dialga,"archaludon, dialga-origin",10,1.23,31,34,13,45.3,0.0,0.0,0.0,10,1.2285,31,34,13,45.2991,0,0.0,0,0,0,0.0,0.0,,,,2026-05-25 12:38:08
0023,Regional Championship Stockholm,2025-03-22,regional,,814,BRS-PRE,Ancient Box,ancient-box,"roaring-moon, flutter-mane",8,0.98,21,26,16,41.8,0.0,0.0,0.0,8,0.9828,21,26,16,41.7989,0,0.0,0,0,0,0.0,0.0,,,,2026-05-25 12:38:08
0023,Regional Championship Stockholm,2025-03-22,regional,,814,BRS-PRE,Okidogi Garchomp,okidogi-garchomp,"okidogi, garchomp",8,0.98,29,29,8,47.98,0.0,0.0,0.0,8,0.9828,26,27,7,47.2222,2,1.3986,3,2,1,55.5556,0.25,,,,2026-05-25 12:38:08
0023,Regional Championship Stockholm,2025-03-22,regional,,814,BRS-PRE,Gouging Fire,gouging-fire-ex,gouging-fire,6,0.74,17,23,4,41.67,0.0,0.0,0.0,6,0.7371,17,23,4,41.6667,0,0.0,0,0,0,0.0,0.0,,,,2026-05-25 12:38:08
0023,Regional Championship Stockholm,2025-03-22,regional,,814,BRS-PRE,Hydreigon,hydreigon-ex,hydreigon,6,0.74,18,26,7,39.87,0.0,0.0,0.0,6,0.7371,16,25,7,38.1944,1,0.6993,2,1,0,66.6667,0.1667,,,,2026-05-25 12:38:08
0023,Regional Championship Stockholm,2025-03-22,regional,,814,BRS-PRE,Iron Thorns,iron-thorns-ex,iron-thorns,6,0.74,30,18,6,59.26,0.0,0.0,0.0,6,0.7371,26,16,6,58.3333,2,1.3986,4,2,0,66.6667,0.3333,,,,2026-05-25 12:38:08
0023,Regional Championship Stockholm,2025-03-22,regional,,814,BRS-PRE,Dragapult Iron Thorns,dragapult-iron-thorns,"dragapult, iron-thorns",5,0.61,16,16,7,47.01,0.0,0.0,0.0,5,0.6143,14,16,6,44.4444,1,0.6993,2,0,1,77.7778,0.2,,,,2026-05-25 12:38:08
0023,Regional Championship Stockholm,2025-03-22,regional,,814,BRS-PRE,Flareon Noctowl,flareon-noctowl,"flareon, noctowl",4,0.49,7,10,8,38.67,0.0,0.0,0.0,4,0.4914,7,10,8,38.6667,0,0.0,0,0,0,0.0,0.0,,,,2026-05-25 12:38:08
0023,Regional Championship Stockholm,2025-03-22,regional,,814,BRS-PRE,Palkia Noctowl,palkia-noctowl,"palkia-origin, noctowl",4,0.49,14,13,7,48.04,0.0,0.0,0.0,4,0.4914,14,12,5,50.5376,1,0.6993,0,1,2,22.2222,0.25,,,,2026-05-25 12:38:08
0023,Regional Championship Stockholm,2025-03-22,regional,,814,BRS-PRE,Arceus Armarouge,arceus-armarouge,"arceus, armarouge",3,0.37,8,10,4,42.42,0.0,0.0,0.0,3,0.3686,8,10,4,42.4242,0,0.0,0,0,0,0.0,0.0,,,,2026-05-25 12:38:08
0023,Regional Championship Stockholm,2025-03-22,regional,,814,BRS-PRE,Feraligatr,feraligatr-tef,feraligatr,3,0.37,6,12,6,33.33,0.0,0.0,0.0,3,0.3686,6,12,6,33.3333,0,0.0,0,0,0,0.0,0.0,,,,2026-05-25 12:38:08
0023,Regional Championship Stockholm,2025-03-22,regional,,814,BRS-PRE,Tera Box,tera-box,"noctowl, ogerpon",3,0.37,4,10,2,29.17,0.0,0.0,0.0,3,0.3686,4,10,2,29.1667,0,0.0,0,0,0,0.0,0.0,,,,2026-05-25 12:38:08
0023,Regional Championship Stockholm,2025-03-22,regional,,814,BRS-PRE,Terapagos Noctowl,terapagos-noctowl,"terapagos, noctowl",3,0.37,14,11,1,55.13,0.0,0.0,0.0,3,0.3686,13,9,1,57.971,1,0.6993,1,2,0,33.3333,0.3333,,,,2026-05-25 12:38:08
0023,Regional Championship Stockholm,2025-03-22,regional,,814,BRS-PRE,Charizard,charizard-ex,charizard,2,0.25,7,5,4,52.08,0.0,0.0,0.0,2,0.2457,7,5,4,52.0833,0,0.0,0,0,0,0.0,0.0,,,,2026-05-25 12:38:08
0023,Regional Championship Stockholm,2025-03-22,regional,,814,BRS-PRE,Charizard Noctowl,charizard-noctowl,"charizard, noctowl",2,0.25,2,8,2,22.22,0.0,0.0,0.0,2,0.2457,2,8,2,22.2222,0,0.0,0,0,0,0.0,0.0,,,,2026-05-25 12:38:08
0023,Regional Championship Stockholm,2025-03-22,regional,,814,BRS-PRE,Chien-Pao Baxcalibur,chien-pao-baxcalibur,"chien-pao, baxcalibur",2,0.25,6,10,0,37.5,0.0,0.0,0.0,2,0.2457,6,10,0,37.5,0,0.0,0,0,0,0.0,0.0,,,,2026-05-25 12:38:08
0023,Regional Championship Stockholm,2025-03-22,regional,,814,BRS-PRE,Dipplin,festival-lead,"dipplin, thwackey",2,0.25,3,8,2,28.21,0.0,0.0,0.0,2,0.2457,3,8,2,28.2051,0,0.0,0,0,0,0.0,0.0,,,,2026-05-25 12:38:08
0023,Regional Championship Stockholm,2025-03-22,regional,,814,BRS-PRE,Froslass Munkidori,froslass-munkidori,"froslass, munkidori",2,0.25,8,6,2,54.17,0.0,0.0,0.0,2,0.2457,6,5,2,51.2821,1,0.6993,2,1,0,66.6667,0.5,,,,2026-05-25 12:38:08
0023,Regional Championship Stockholm,2025-03-22,regional,,814,BRS-PRE,Future Box,future-box,"miraidon, iron-crown",2,0.25,2,8,1,21.21,0.0,0.0,0.0,2,0.2457,2,8,1,21.2121,0,0.0,0,0,0,0.0,0.0,,,,2026-05-25 12:38:08
0023,Regional Championship Stockholm,2025-03-22,regional,,814,BRS-PRE,Gholdengo Dragapult,gholdengo-dragapult,"gholdengo, dragapult",2,0.25,6,8,2,41.67,0.0,0.0,0.0,2,0.2457,6,8,2,41.6667,0,0.0,0,0,0,0.0,0.0,,,,2026-05-25 12:38:08
0023,Regional Championship Stockholm,2025-03-22,regional,,814,BRS-PRE,Giratina LZ Box,giratina-lz-box,"giratina-origin, comfey",2,0.25,7,7,2,47.92,0.0,0.0,0.0,2,0.2457,7,7,2,47.9167,0,0.0,0,0,0,0.0,0.0,,,,2026-05-25 12:38:08
0023,Regional Championship Stockholm,2025-03-22,regional,,814,BRS-PRE,Future Hands,iron-hands-ex,"iron-hands, iron-crown",2,0.25,5,8,2,37.78,0.0,0.0,0.0,2,0.2457,5,8,2,37.7778,0,0.0,0,0,0,0.0,0.0,,,,2026-05-25 12:38:08
0023,Regional Championship Stockholm,2025-03-22,regional,,814,BRS-PRE,Milotic,milotic-ex,milotic,2,0.25,6,8,0,42.86,0.0,0.0,0.0,2,0.2457,6,8,0,42.8571,0,0.0,0,0,0,0.0,0.0,,,,2026-05-25 12:38:08
0023,Regional Championship Stockholm,2025-03-22,regional,,814,BRS-PRE,Palkia Dusknoir,palkia-dusknoir,"palkia-origin, dusknoir",2,0.25,3,6,3,33.33,0.0,0.0,0.0,2,0.2457,3,6,3,33.3333,0,0.0,0,0,0,0.0,0.0,,,,2026-05-25 12:38:08
0023,Regional Championship Stockholm,2025-03-22,regional,,814,BRS-PRE,Pikachu Regis,pikachu-regigigas,"regigigas, pikachu",2,0.25,4,6,3,38.46,0.0,0.0,0.0,2,0.2457,4,6,3,38.4615,0,0.0,0,0,0,0.0,0.0,,,,2026-05-25 12:38:08
0023,Regional Championship Stockholm,2025-03-22,regional,,814,BRS-PRE,Poison Archaludon,poison-archaludon,"archaludon, brute-bonnet",2,0.25,7,9,0,43.75,0.0,0.0,0.0,2,0.2457,7,9,0,43.75,0,0.0,0,0,0,0.0,0.0,,,,2026-05-25 12:38:08
0023,Regional Championship Stockholm,2025-03-22,regional,,814,BRS-PRE,Slaking,slaking-ex,slaking,2,0.25,7,8,1,45.83,0.0,0.0,0.0,2,0.2457,7,8,1,45.8333,0,0.0,0,0,0,0.0,0.0,,,,2026-05-25 12:38:08
0023,Regional Championship Stockholm,2025-03-22,regional,,814,BRS-PRE,Slowking,slowking-scr,slowking,2,0.25,2,9,2,20.51,0.0,0.0,0.0,2,0.2457,2,9,2,20.5128,0,0.0,0,0,0,0.0,0.0,,,,2026-05-25 12:38:08
0023,Regional Championship Stockholm,2025-03-22,regional,,814,BRS-PRE,Banette Gardevoir,banette-gardevoir,"banette, gardevoir",1,0.12,0,2,2,16.67,0.0,0.0,0.0,1,0.1229,0,2,2,16.6667,0,0.0,0,0,0,0.0,0.0,,,,2026-05-25 12:38:08
0023,Regional Championship Stockholm,2025-03-22,regional,,814,BRS-PRE,Cinderace,cinderace-ex,cinderace,1,0.12,1,5,2,20.83,0.0,0.0,0.0,1,0.1229,1,5,2,20.8333,0,0.0,0,0,0,0.0,0.0,,,,2026-05-25 12:38:08
0023,Regional Championship Stockholm,2025-03-22,regional,,814,BRS-PRE,Conkeldurr,conkeldurr-twm,conkeldurr,1,0.12,2,4,2,33.33,0.0,0.0,0.0,1,0.1229,2,4,2,33.3333,0,0.0,0,0,0,0.0,0.0,,,,2026-05-25 12:38:08
0023,Regional Championship Stockholm,2025-03-22,regional,,814,BRS-PRE,Darkrai,dakrai-vstar,darkrai,1,0.12,4,3,1,54.17,0.0,0.0,0.0,1,0.1229,4,3,1,54.1667,0,0.0,0,0,0,0.0,0.0,,,,2026-05-25 12:38:08
0023,Regional Championship Stockholm,2025-03-22,regional,,814,BRS-PRE,Darkrai Dusknoir,darkrai-dusknoir,"darkrai, dusknoir",1,0.12,1,4,0,20.0,0.0,0.0,0.0,1,0.1229,1,4,0,20.0,0,0.0,0,0,0,0.0,0.0,,,,2026-05-25 12:38:08
0023,Regional Championship Stockholm,2025-03-22,regional,,814,BRS-PRE,Greninja Froslass,greninja-froslass,"greninja, froslass",1,0.12,1,5,2,20.83,0.0,0.0,0.0,1,0.1229,1,5,2,20.8333,0,0.0,0,0,0,0.0,0.0,,,,2026-05-25 12:38:08
0023,Regional Championship Stockholm,2025-03-22,regional,,814,BRS-PRE,Lost Box Charizard,lzb-charizard,"comfey, charizard",1,0.12,1,4,0,20.0,0.0,0.0,0.0,1,0.1229,1,4,0,20.0,0,0.0,0,0,0,0.0,0.0,,,,2026-05-25 12:38:08
0023,Regional Championship Stockholm,2025-03-22,regional,,814,BRS-PRE,Mimikyu Ogerpon,mimikyu-ogerpon,"mimikyu, ogerpon-cornerstone",1,0.12,3,4,1,41.67,0.0,0.0,0.0,1,0.1229,3,4,1,41.6667,0,0.0,0,0,0,0.0,0.0,,,,2026-05-25 12:38:08
0023,Regional Championship Stockholm,2025-03-22,regional,,814,BRS-PRE,Palkia,palkia-vstar,palkia-origin,1,0.12,2,6,0,25.0,0.0,0.0,0.0,1,0.1229,2,6,0,25.0,0,0.0,0,0,0,0.0,0.0,,,,2026-05-25 12:38:08
0023,Regional Championship Stockholm,2025-03-22,regional,,814,BRS-PRE,United Wings,united-wings,"murkrow, flamigo",1,0.12,1,6,1,16.67,0.0,0.0,0.0,1,0.1229,1,6,1,16.6667,0,0.0,0,0,0,0.0,0.0,,,,2026-05-25 12:38:08
0024,Regional Championship Brisbane,2025-03-29,regional,,468,BRS-PRE,Gardevoir,gardevoir-ex-sv,gardevoir,58,12.39,213,177,80,50.99,0.0,0.0,0.0,58,12.3932,198,162,72,51.3889,16,19.7531,15,15,8,46.4912,0.2759,,,,2026-05-25 12:38:08
0024,Regional Championship Brisbane,2025-03-29,regional,,468,BRS-PRE,Dragapult Dusknoir,dragapult-dusknoir,"dragapult, dusknoir",54,11.54,175,173,59,47.83,0.0,0.0,0.0,54,11.5385,163,169,57,46.7866,8,9.8765,12,4,2,70.3704,0.1481,,,,2026-05-25 12:38:08
0024,Regional Championship Brisbane,2025-03-29,regional,,468,BRS-PRE,Gholdengo,gholdengo-ex,gholdengo,43,9.19,133,145,48,45.71,0.0,0.0,0.0,43,9.188,129,142,45,45.5696,5,6.1728,4,3,3,50.0,0.1163,,,,2026-05-25 12:38:08
0024,Regional Championship Brisbane,2025-03-29,regional,,468,BRS-PRE,Miraidon,miraidon-ex,miraidon,43,9.19,160,148,33,50.15,0.0,0.0,0.0,43,9.188,147,142,29,49.2662,9,11.1111,13,6,4,62.3188,0.2093,,,,2026-05-25 12:38:08
0024,Regional Championship Brisbane,2025-03-29,regional,,468,BRS-PRE,Dragapult,dragapult-ex,dragapult,28,5.98,92,79,45,49.54,0.0,0.0,0.0,28,5.9829,85,77,42,48.5294,6,7.4074,7,2,3,66.6667,0.2143,,,,2026-05-25 12:38:08
0024,Regional Championship Brisbane,2025-03-29,regional,,468,BRS-PRE,Archaludon,archaludon-ex,archaludon,27,5.77,81,85,31,46.36,0.0,0.0,0.0,27,5.7692,76,84,29,45.3263,4,4.9383,5,1,2,70.8333,0.1481,,,,2026-05-25 12:38:08
0024,Regional Championship Brisbane,2025-03-29,regional,,468,BRS-PRE,Poison Terapagos,poison-terapagos,"terapagos, brute-bonnet",27,5.77,104,89,25,51.53,0.0,0.0,0.0,27,5.7692,99,78,25,53.1353,8,9.8765,5,11,0,31.25,0.2963,,,,2026-05-25 12:38:08
0024,Regional Championship Brisbane,2025-03-29,regional,,468,BRS-PRE,Lugia Archeops,lugia-archeops,"lugia, archeops",26,5.56,103,83,22,53.04,0.0,0.0,0.0,26,5.5556,97,74,22,54.0587,6,7.4074,6,9,0,40.0,0.2308,,,,2026-05-25 12:38:08
0024,Regional Championship Brisbane,2025-03-29,regional,,468,BRS-PRE,Raging Bolt Ogerpon,raging-bolt-ogerpon,"raging-bolt, ogerpon",21,4.49,59,62,28,45.86,0.0,0.0,0.0,21,4.4872,59,62,28,45.8613,0,0.0,0,0,0,0.0,0.0,,,,2026-05-25 12:38:08
0024,Regional Championship Brisbane,2025-03-29,regional,,468,BRS-PRE,Ceruledge,ceruledge-ex,ceruledge,16,3.42,50,55,21,45.24,0.0,0.0,0.0,16,3.4188,47,51,20,45.4802,3,3.7037,3,4,1,41.6667,0.1875,,,,2026-05-25 12:38:08
0024,Regional Championship Brisbane,2025-03-29,regional,,468,BRS-PRE,Roaring Moon,roaring-moon-ex,roaring-moon,16,3.42,58,54,13,49.87,0.0,0.0,0.0,16,3.4188,52,50,13,48.9855,3,3.7037,6,4,0,60.0,0.1875,,,,2026-05-25 12:38:08
0024,Regional Championship Brisbane,2025-03-29,regional,,468,BRS-PRE,Lost Zone Box,lost-zone-box,"comfey, cramorant",11,2.35,34,36,14,46.03,0.0,0.0,0.0,11,2.3504,34,34,14,47.1545,1,1.2346,0,2,0,0.0,0.0909,,,,2026-05-25 12:38:08
0024,Regional Championship Brisbane,2025-03-29,regional,,468,BRS-PRE,Regidrago,regidrago-vstar,regidrago,11,2.35,32,38,12,43.9,0.0,0.0,0.0,11,2.3504,32,38,12,43.9024,0,0.0,0,0,0,0.0,0.0,,,,2026-05-25 12:38:08
0024,Regional Championship Brisbane,2025-03-29,regional,,468,BRS-PRE,Charizard Pidgeot,charizard-pidgeot,"charizard, pidgeot",9,1.92,25,32,10,42.29,0.0,0.0,0.0,9,1.9231,23,30,10,41.7989,2,2.4691,2,2,0,50.0,0.2222,,,,2026-05-25 12:38:08
0024,Regional Championship Brisbane,2025-03-29,regional,,468,BRS-PRE,Other,other,substitute,7,1.5,14,32,5,30.72,0.0,0.0,0.0,7,1.4957,14,32,5,30.719,0,0.0,0,0,0,0.0,0.0,,,,2026-05-25 12:38:08
0024,Regional Championship Brisbane,2025-03-29,regional,,468,BRS-PRE,Snorlax Stall,snorlax-stall,snorlax,6,1.28,14,17,11,42.06,0.0,0.0,0.0,6,1.2821,14,17,11,42.0635,0,0.0,0,0,0,0.0,0.0,,,,2026-05-25 12:38:08
0024,Regional Championship Brisbane,2025-03-29,regional,,468,BRS-PRE,Archaludon Dialga,archaludon-dialga,"archaludon, dialga-origin",5,1.07,14,17,6,43.24,0.0,0.0,0.0,5,1.0684,14,17,6,43.2432,0,0.0,0,0,0,0.0,0.0,,,,2026-05-25 12:38:08
0024,Regional Championship Brisbane,2025-03-29,regional,,468,BRS-PRE,Dragapult Charizard,dragapult-charizard,"dragapult, charizard",5,1.07,14,12,13,47.01,0.0,0.0,0.0,5,1.0684,14,12,13,47.0085,0,0.0,0,0,0,0.0,0.0,,,,2026-05-25 12:38:08
0024,Regional Championship Brisbane,2025-03-29,regional,,468,BRS-PRE,Pidgeot Control,pidgeot-control,pidgeot,5,1.07,14,15,5,46.08,0.0,0.0,0.0,5,1.0684,14,13,5,48.9583,1,1.2346,0,2,0,0.0,0.2,,,,2026-05-25 12:38:08
0024,Regional Championship Brisbane,2025-03-29,regional,,468,BRS-PRE,Ancient Box,ancient-box,"roaring-moon, flutter-mane",4,0.85,16,13,7,50.93,0.0,0.0,0.0,4,0.8547,16,12,4,54.1667,2,2.4691,0,1,3,25.0,0.5,,,,2026-05-25 12:38:08
0024,Regional Championship Brisbane,2025-03-29,regional,,468,BRS-PRE,Arceus Armarouge,arceus-armarouge,"arceus, armarouge",4,0.85,20,12,4,59.26,0.0,0.0,0.0,4,0.8547,19,10,3,62.5,2,2.4691,1,2,1,33.3333,0.5,,,,2026-05-25 12:38:08
0024,Regional Championship Brisbane,2025-03-29,regional,,468,BRS-PRE,Gouging Fire,gouging-fire-ex,gouging-fire,4,0.85,19,10,9,57.89,0.0,0.0,0.0,4,0.8547,16,8,8,58.3333,2,2.4691,3,2,1,55.5556,0.5,,,,2026-05-25 12:38:08
0024,Regional Championship Brisbane,2025-03-29,regional,,468,BRS-PRE,Flareon Noctowl,flareon-noctowl,"flareon, noctowl",3,0.64,6,13,2,31.75,0.0,0.0,0.0,3,0.641,6,13,2,31.746,0,0.0,0,0,0,0.0,0.0,,,,2026-05-25 12:38:08
0024,Regional Championship Brisbane,2025-03-29,regional,,468,BRS-PRE,Iron Thorns,iron-thorns-ex,iron-thorns,3,0.64,5,9,2,35.42,0.0,0.0,0.0,3,0.641,5,9,2,35.4167,0,0.0,0,0,0,0.0,0.0,,,,2026-05-25 12:38:08
0024,Regional Championship Brisbane,2025-03-29,regional,,468,BRS-PRE,Entei Iron Valiant,entei-iron-valiant,"entei, iron-valiant",2,0.43,8,7,0,53.33,0.0,0.0,0.0,2,0.4274,8,7,0,53.3333,0,0.0,0,0,0,0.0,0.0,,,,2026-05-25 12:38:08
0024,Regional Championship Brisbane,2025-03-29,regional,,468,BRS-PRE,Froslass Munkidori,froslass-munkidori,"froslass, munkidori",2,0.43,6,8,2,41.67,0.0,0.0,0.0,2,0.4274,6,8,2,41.6667,0,0.0,0,0,0,0.0,0.0,,,,2026-05-25 12:38:08
0024,Regional Championship Brisbane,2025-03-29,regional,,468,BRS-PRE,Hydrapple Ogerpon,hydrapple-ogerpon,"hydrapple, ogerpon",2,0.43,3,5,1,37.04,0.0,0.0,0.0,2,0.4274,3,5,1,37.037,0,0.0,0,0,0,0.0,0.0,,,,2026-05-25 12:38:08
0024,Regional Championship Brisbane,2025-03-29,regional,,468,BRS-PRE,Hydreigon,hydreigon-ex,hydreigon,2,0.43,5,6,2,43.59,0.0,0.0,0.0,2,0.4274,5,6,2,43.5897,0,0.0,0,0,0,0.0,0.0,,,,2026-05-25 12:38:08
0024,Regional Championship Brisbane,2025-03-29,regional,,468,BRS-PRE,Palkia Dusknoir,palkia-dusknoir,"palkia-origin, dusknoir",2,0.43,7,7,4,46.3,0.0,0.0,0.0,2,0.4274,7,5,4,52.0833,1,1.2346,0,2,0,0.0,0.5,,,,2026-05-25 12:38:08
0024,Regional Championship Brisbane,2025-03-29,regional,,468,BRS-PRE,Palkia Noctowl,palkia-noctowl,"palkia-origin, noctowl",2,0.43,4,7,3,35.71,0.0,0.0,0.0,2,0.4274,4,7,3,35.7143,0,0.0,0,0,0,0.0,0.0,,,,2026-05-25 12:38:08
0024,Regional Championship Brisbane,2025-03-29,regional,,468,BRS-PRE,Alakazam,alakazam-ex,alakazam,1,0.21,2,5,1,29.17,0.0,0.0,0.0,1,0.2137,2,5,1,29.1667,0,0.0,0,0,0,0.0,0.0,,,,2026-05-25 12:38:08
0024,Regional Championship Brisbane,2025-03-29,regional,,468,BRS-PRE,Charizard Noctowl,charizard-noctowl,"charizard, noctowl",1,0.21,0,3,1,8.33,0.0,0.0,0.0,1,0.2137,0,3,1,8.3333,0,0.0,0,0,0,0.0,0.0,,,,2026-05-25 12:38:08
0024,Regional Championship Brisbane,2025-03-29,regional,,468,BRS-PRE,Chien-Pao Baxcalibur,chien-pao-baxcalibur,"chien-pao, baxcalibur",1,0.21,2,4,2,33.33,0.0,0.0,0.0,1,0.2137,2,4,2,33.3333,0,0.0,0,0,0,0.0,0.0,,,,2026-05-25 12:38:08
0024,Regional Championship Brisbane,2025-03-29,regional,,468,BRS-PRE,Dialga Metang,dialga-metang,"dialga-origin, metang",1,0.21,4,4,0,50.0,0.0,0.0,0.0,1,0.2137,4,4,0,50.0,0,0.0,0,0,0,0.0,0.0,,,,2026-05-25 12:38:08
0024,Regional Championship Brisbane,2025-03-29,regional,,468,BRS-PRE,Feraligatr,feraligatr-tef,feraligatr,1,0.21,3,5,0,37.5,0.0,0.0,0.0,1,0.2137,3,5,0,37.5,0,0.0,0,0,0,0.0,0.0,,,,2026-05-25 12:38:08
0024,Regional Championship Brisbane,2025-03-29,regional,,468,BRS-PRE,Gholdengo Dragapult,gholdengo-dragapult,"gholdengo, dragapult",1,0.21,5,3,2,56.67,0.0,0.0,0.0,1,0.2137,5,1,2,70.8333,1,1.2346,0,2,0,0.0,1.0,,,,2026-05-25 12:38:08
0024,Regional Championship Brisbane,2025-03-29,regional,,468,BRS-PRE,Great Tusk Mill,great-tusk-tef,great-tusk,1,0.21,3,4,1,41.67,0.0,0.0,0.0,1,0.2137,3,4,1,41.6667,0,0.0,0,0,0,0.0,0.0,,,,2026-05-25 12:38:08
0024,Regional Championship Brisbane,2025-03-29,regional,,468,BRS-PRE,Future Hands,iron-hands-ex,"iron-hands, iron-crown",1,0.21,2,4,2,33.33,0.0,0.0,0.0,1,0.2137,2,4,2,33.3333,0,0.0,0,0,0,0.0,0.0,,,,2026-05-25 12:38:08
0024,Regional Championship Brisbane,2025-03-29,regional,,468,BRS-PRE,Luxray,luxray-ex,luxray,1,0.21,2,5,1,29.17,0.0,0.0,0.0,1,0.2137,2,5,1,29.1667,0,0.0,0,0,0,0.0,0.0,,,,2026-05-25 12:38:08
0024,Regional Championship Brisbane,2025-03-29,regional,,468,BRS-PRE,Okidogi,okidogi-ex,okidogi,1,0.21,0,7,0,0.0,0.0,0.0,0.0,1,0.2137,0,7,0,0.0,0,0.0,0,0,0,0.0,0.0,,,,2026-05-25 12:38:08
0024,Regional Championship Brisbane,2025-03-29,regional,,468,BRS-PRE,Palafin,palafin-ex,palafin-hero,1,0.21,3,5,0,37.5,0.0,0.0,0.0,1,0.2137,3,5,0,37.5,0,0.0,0,0,0,0.0,0.0,,,,2026-05-25 12:38:08
0024,Regional Championship Brisbane,2025-03-29,regional,,468,BRS-PRE,Poison Archaludon,poison-archaludon,"archaludon, brute-bonnet",1,0.21,2,3,0,40.0,0.0,0.0,0.0,1,0.2137,2,3,0,40.0,0,0.0,0,0,0,0.0,0.0,,,,2026-05-25 12:38:08
0024,Regional Championship Brisbane,2025-03-29,regional,,468,BRS-PRE,Regis,regigigas-asr,regigigas,1,0.21,1,6,1,16.67,0.0,0.0,0.0,1,0.2137,1,6,1,16.6667,0,0.0,0,0,0,0.0,0.0,,,,2026-05-25 12:38:08
0024,Regional Championship Brisbane,2025-03-29,regional,,468,BRS-PRE,Roaring Moon Dudunsparce,roaring-moon-dudunsparce,"roaring-moon, dudunsparce",1,0.21,3,4,1,41.67,0.0,0.0,0.0,1,0.2137,3,4,1,41.6667,0,0.0,0,0,0,0.0,0.0,,,,2026-05-25 12:38:08
0024,Regional Championship Brisbane,2025-03-29,regional,,468,BRS-PRE,Slowking,slowking-scr,slowking,1,0.21,5,4,1,53.33,0.0,0.0,0.0,1,0.2137,5,2,1,66.6667,1,1.2346,0,2,0,0.0,1.0,,,,2026-05-25 12:38:08
0024,Regional Championship Brisbane,2025-03-29,regional,,468,BRS-PRE,Tera Box,tera-box,"noctowl, ogerpon",1,0.21,3,5,0,37.5,0.0,0.0,0.0,1,0.2137,3,5,0,37.5,0,0.0,0,0,0,0.0,0.0,,,,2026-05-25 12:38:08
0024,Regional Championship Brisbane,2025-03-29,regional,,468,BRS-PRE,Tinkaton,tinkaton-ex,tinkaton,1,0.21,1,3,2,27.78,0.0,0.0,0.0,1,0.2137,1,3,2,27.7778,0,0.0,0,0,0,0.0,0.0,,,,2026-05-25 12:38:08
0024,Regional Championship Brisbane,2025-03-29,regional,,468,BRS-PRE,Toedscruel,toedscruel-ex,toedscruel,1,0.21,3,3,1,47.62,0.0,0.0,0.0,1,0.2137,3,3,1,47.619,0,0.0,0,0,0,0.0,0.0,,,,2026-05-25 12:38:08
0024,Regional Championship Brisbane,2025-03-29,regional,,468,BRS-PRE,Torterra,torterra-ex,torterra,1,0.21,2,4,2,33.33,0.0,0.0,0.0,1,0.2137,2,4,2,33.3333,0,0.0,0,0,0,0.0,0.0,,,,2026-05-25 12:38:08
0024,Regional Championship Brisbane,2025-03-29,regional,,468,BRS-PRE,Tsareena,tsareena-ex,tsareena,1,0.21,0,4,0,0.0,0.0,0.0,0.0,1,0.2137,0,4,0,0.0,0,0.0,0,0,0,0.0,0.0,,,,2026-05-25 12:38:08
