# Fenster 2026-09-24 bis 2026-10-07 (13 Tage) · 9677 Decks im Fenster · 15735 kumulativ seit Formatbeginn. count_fenster ist die Differenz zweier gemessener Kumulativstaende, keine Schaetzung. Erzeugt von scripts/build_online_fenster.py
deck_name;rank_fenster;count_fenster;share_fenster;count_kumulativ;share_kumulativ;rang_kumulativ;rang_versatz;share_vorfenster;trend_fenster
Dragapult;1;1068;11,04;1696;10,78;1;0;;
Basic Box;2;558;5,77;845;5,37;5;3;;
N's Zoroark;3;541;5,59;935;5,94;2;-1;;
Dragapult Dusknoir;4;488;5,04;864;5,49;3;-1;;
Slowking;5;471;4,87;862;5,48;4;-1;;
Mega Excadrill;6;431;4,45;715;4,54;7;1;;
Alakazam Dudunsparce;7;417;4,31;802;5,1;6;-1;;
Dhelmise;8;409;4,23;649;4,12;8;0;;
Alakazam Dusknoir;9;380;3,93;463;2,94;10;1;;
Lopunny Dudunsparce;10;362;3,74;548;3,48;9;-1;;
Ogerpon Meganium Hydrapple;11;321;3,32;448;2,85;11;0;;
Lucario Hariyama;12;297;3,07;435;2,76;12;0;;
Dragapult Blaziken;13;262;2,71;426;2,71;13;0;;
Festival Lead;14;257;2,66;401;2,55;14;0;;
Lopunny Dusknoir;15;243;2,51;298;1,89;17;2;;
Sharpedo Toxtricity;16;236;2,44;373;2,37;15;-1;;
Crustle;17;162;1,67;361;2,29;16;-1;;
Cynthia's Garchomp;18;159;1,64;257;1,63;18;0;;
Mega Greninja;19;154;1,59;254;1,61;19;0;;
Grimmsnarl Froslass;20;150;1,55;244;1,55;22;2;;
Mega Lucario;21;149;1,54;248;1,58;20;-1;;
Rocket's Honchkrow;22;140;1,45;248;1,58;21;-1;;
Greninja;23;106;1,1;169;1,07;23;0;;
Ethan's Typhlosion;24;92;0,95;126;0,8;28;4;;
Beedrill;25;91;0,94;142;0,9;25;0;;
Mega Starmie;26;82;0,85;115;0,73;29;3;;
Ogerpon Meganium Arboliva;27;80;0,83;128;0,81;27;0;;
Dragapult Dudunsparce;28;76;0,79;109;0,69;32;4;;
Mega Chandelure;29;74;0,76;107;0,68;33;4;;
Rocket's Mewtwo;30;73;0,75;144;0,92;24;-6;;
Starmie Froslass;31;72;0,74;111;0,71;30;-1;;
Steven's Metagross;32;58;0,6;110;0,7;31;-1;;
Mega Venusaur;33;57;0,59;83;0,53;39;6;;
Mew Box;34;54;0,56;139;0,88;26;-8;;
Raging Bolt Ogerpon;35;54;0,56;105;0,67;34;-1;;
Toucannon;36;54;0,56;82;0,52;40;4;;
Toxtricity Box;37;54;0,56;95;0,6;35;-2;;
Hop's Trevenant;38;51;0,53;93;0,59;36;-2;;
Seaking Festival Lead;39;51;0,53;85;0,54;37;-2;;
Ceruledge;40;46;0,48;58;0,37;44;4;;
Mega Absol Box;41;44;0,45;62;0,39;43;2;;
Gengar;42;41;0,42;84;0,53;38;-4;;
Starmie Dusknoir;43;40;0,41;65;0,41;42;-1;;
Manectric Eelektrik;44;38;0,39;66;0,42;41;-3;;
Kangaskhan Bouffalant;45;31;0,32;51;0,32;46;1;;
Mega Charizard X;46;29;0,3;39;0,25;48;2;;
Mega Darkrai;47;29;0,3;55;0,35;45;-2;;
Okidogi Barbaracle;48;29;0,3;33;0,21;54;6;;
Mega Dragonite;49;26;0,27;31;0,2;56;7;;
Hydreigon;50;25;0,26;36;0,23;51;1;;
Clefairy Ogerpon;51;24;0,25;50;0,32;47;-4;;
Cinccino;52;21;0,22;37;0,24;49;-3;;
Marnie's Grimmsnarl;53;20;0,21;36;0,23;52;-1;;
Toxtricity;54;19;0,2;33;0,21;55;1;;
Archaludon Zoroark;55;17;0,18;19;0,12;67;12;;
Doublade;56;17;0,18;34;0,22;53;-3;;
Rocket's Spidops;57;17;0,18;19;0,12;64;7;;
Mega Abomasnow;58;15;0,16;19;0,12;63;5;;
Mega Lopunny;59;14;0,14;16;0,1;71;12;;
Tera Box;60;14;0,14;19;0,12;65;5;;
Hop's Zacian;61;13;0,13;22;0,14;60;-1;;
Mega Froslass;62;13;0,13;20;0,13;62;0;;
Mega Zygarde;63;13;0,13;19;0,12;66;3;;
Flareon Noctowl;64;12;0,12;17;0,11;69;5;;
Lillie's Clefairy;65;12;0,12;31;0,2;57;-8;;
Mega Camerupt;66;12;0,12;25;0,16;59;-7;;
Alakazam;67;11;0,11;14;0,09;76;9;;
Yanmega;68;11;0,11;21;0,13;61;-7;;
Ethan's Magcargo;69;10;0,1;11;0,07;83;14;;
Froslass Munkidori;70;10;0,1;26;0,17;58;-12;;
Ogerpon Meganium;71;10;0,1;37;0,24;50;-21;;
Decidueye;72;9;0,09;13;0,08;77;5;;
Ursaluna Lunatone;73;9;0,09;13;0,08;78;5;;
Diancie Dusknoir;74;8;0,08;11;0,07;81;7;;
Flareon;75;8;0,08;10;0,06;84;9;;
Mega Gengar;76;8;0,08;17;0,11;70;-6;;
Metagross;77;8;0,08;15;0,1;72;-5;;
Sinistcha Ogerpon;78;8;0,08;9;0,06;86;8;;
Archaludon Dudunsparce;79;7;0,07;14;0,09;73;-6;;
Wailord;80;7;0,07;9;0,06;87;7;;
Zygarde Barbaracle;81;7;0,07;11;0,07;82;1;;
Blaziken Zoroark;82;6;0,06;12;0,08;79;-3;;
Blissey;83;5;0,05;6;0,04;93;10;;
Eelektrik;84;5;0,05;19;0,12;68;-16;;
Mamoswine;85;5;0,05;7;0,04;90;5;;
Dragapult Froslass;86;4;0,04;14;0,09;75;-11;;
Greninja Froslass;87;4;0,04;5;0,03;96;9;;
Iono's Bellibolt;88;4;0,04;14;0,09;74;-14;;
Joltik Box;89;4;0,04;6;0,04;92;3;;
Mega Feraligatr;90;4;0,04;6;0,04;91;1;;
Palafin;91;4;0,04;11;0,07;80;-11;;
Paldean Tauros;92;4;0,04;8;0,05;88;-4;;
Archaludon;93;3;0,03;5;0,03;95;2;;
Azumarill;94;3;0,03;8;0,05;89;-5;;
Blaziken;95;3;0,03;4;0,03;100;5;;
Froslass Dudunsparce;96;3;0,03;5;0,03;97;1;;
Jellicent Dusknoir;97;3;0,03;5;0,03;98;1;;
Mega Diancie;98;3;0,03;9;0,06;85;-13;;
Rocket's Nidoking;99;3;0,03;4;0,03;99;0;;
Incineroar;100;2;0,02;3;0,02;101;1;;
Toxtricity Brute Bonnet;101;2;0,02;3;0,02;102;1;;
Alolan Exeggutor ex;102;1;0,01;2;0,01;112;10;;
Bronzong;103;1;0,01;2;0,01;110;7;;
Galvantula;104;1;0,01;1;0,01;117;13;;
Hydrapple;105;1;0,01;2;0,01;108;3;;
Mega Sharpedo;106;1;0,01;3;0,02;104;-2;;
Raging Bolt Bellibolt;107;1;0,01;6;0,04;94;-13;;
Slaking;108;1;0,01;2;0,01;107;-1;;
Bloodmoon Ursaluna;109;0;0,0;1;0,01;113;4;;
Dragonite Eelektrik;110;0;0,0;1;0,01;115;5;;
Dudunsparce Control;111;0;0,0;1;0,01;122;11;;
Erika's Victreebel;112;0;0,0;2;0,01;109;-3;;
Flygon;113;0;0,0;3;0,02;103;-10;;
Heatran Metang;114;0;0,0;2;0,01;105;-9;;
Iron Thorns;115;0;0,0;1;0,01;123;8;;
Mega Latias;116;0;0,0;1;0,01;118;2;;
Mega Manectric;117;0;0,0;1;0,01;120;3;;
Milotic;118;0;0,0;2;0,01;106;-12;;
Misty's Gyarados;119;0;0,0;1;0,01;114;-5;;
Raging Bolt;120;0;0,0;2;0,01;111;-9;;
Salamence;121;0;0,0;1;0,01;121;0;;
Sylveon;122;0;0,0;1;0,01;119;-3;;
Terapagos Noctowl;123;0;0,0;1;0,01;116;-7;;
