deck_name;status;trend;old_rank;new_rank;rank_change;old_count;new_count;count_change;old_share;new_share;share_change;old_winrate;new_winrate;winrate_change
Dragapult;BESTEHEND;STABIL;1;1;0;1588;1696;108;10,26;10,35;0,09;52,88;52,79;-0,09
N's Zoroark;BESTEHEND;STABIL;2;2;0;884;935;51;5,71;5,71;0,0;49,23;48,88;-0,35
Dragapult Dusknoir;BESTEHEND;AUFSTEIGEND;4;3;1;827;864;37;5,34;5,27;-0,07;49,83;49,85;0,02
Slowking;BESTEHEND;ABSTEIGEND;3;4;-1;831;862;31;5,37;5,26;-0,11;50,95;50,83;-0,12
Basic Box;BESTEHEND;STABIL;5;5;0;779;845;66;5,03;5,16;0,13;52,31;52,35;0,04
Alakazam Dudunsparce;BESTEHEND;STABIL;6;6;0;763;802;39;4,93;4,89;-0,04;49,65;49,76;0,11
Mega Excadrill;BESTEHEND;STABIL;7;7;0;669;715;46;4,32;4,36;0,04;50,17;50,09;-0,08
Dhelmise;BESTEHEND;STABIL;8;8;0;620;649;29;4,0;3,96;-0,04;50,74;51,08;0,34
Lopunny Dudunsparce;BESTEHEND;STABIL;9;9;0;522;548;26;3,37;3,34;-0,03;52,21;52,2;-0,01
Alakazam Dusknoir;BESTEHEND;STABIL;10;10;0;426;463;37;2,75;2,83;0,08;46,43;46,71;0,28
Ogerpon Meganium Hydrapple;BESTEHEND;STABIL;11;11;0;420;448;28;2,71;2,73;0,02;52,52;52,67;0,15
Lucario Hariyama;BESTEHEND;STABIL;12;12;0;409;435;26;2,64;2,65;0,01;48,55;48,52;-0,03
Dragapult Blaziken;BESTEHEND;STABIL;13;13;0;406;426;20;2,62;2,6;-0,02;53,38;53,61;0,23
Festival Lead;BESTEHEND;STABIL;14;14;0;374;401;27;2,42;2,45;0,03;49,35;49,58;0,23
Sharpedo Toxtricity;BESTEHEND;STABIL;15;15;0;355;373;18;2,29;2,28;-0,01;51,25;51,7;0,45
Crustle;BESTEHEND;STABIL;16;16;0;349;361;12;2,25;2,2;-0,05;50,86;50,69;-0,17
Lopunny Dusknoir;BESTEHEND;STABIL;17;17;0;281;298;17;1,81;1,82;0,01;47,78;47,46;-0,32
Cynthia's Garchomp;BESTEHEND;STABIL;18;18;0;247;257;10;1,6;1,57;-0,03;52,36;52,29;-0,07
Mega Greninja;BESTEHEND;STABIL;19;19;0;245;254;9;1,58;1,55;-0,03;42,16;41,75;-0,41
Mega Lucario;BESTEHEND;STABIL;20;20;0;233;248;15;1,5;1,51;0,01;48,11;48,17;0,06
Rocket's Honchkrow;BESTEHEND;STABIL;21;21;0;233;248;15;1,5;1,51;0,01;52,62;52,15;-0,47
Grimmsnarl Froslass;BESTEHEND;STABIL;22;22;0;227;244;17;1,47;1,49;0,02;50,3;50,38;0,08
Greninja;BESTEHEND;STABIL;23;23;0;156;169;13;1,01;1,03;0,02;50,0;50,47;0,47
Rocket's Mewtwo;BESTEHEND;STABIL;24;24;0;139;144;5;0,9;0,88;-0,02;47,88;47,71;-0,17
Beedrill;BESTEHEND;AUFSTEIGEND;26;25;1;126;142;16;0,81;0,87;0,06;50,77;49,67;-1,1
Mew Box;BESTEHEND;ABSTEIGEND;25;26;-1;129;139;10;0,83;0,85;0,02;43,05;43,81;0,76
Ogerpon Meganium Arboliva;BESTEHEND;AUFSTEIGEND;28;27;1;113;128;15;0,73;0,78;0,05;54,74;54,17;-0,57
Ethan's Typhlosion;BESTEHEND;ABSTEIGEND;27;28;-1;116;126;10;0,75;0,77;0,02;49,06;48,98;-0,08
Mega Starmie;BESTEHEND;STABIL;29;29;0;112;115;3;0,72;0,7;-0,02;50,73;50,61;-0,12
Starmie Froslass;BESTEHEND;STABIL;30;30;0;105;111;6;0,68;0,68;0,0;51,55;52,2;0,65
Dragapult Dudunsparce;BESTEHEND;AUFSTEIGEND;32;31;1;104;109;5;0,67;0,67;0,0;51,53;51,68;0,15
Steven's Metagross;BESTEHEND;AUFSTEIGEND;33;32;1;104;110;6;0,67;0,67;0,0;44,74;45,74;1,0
Mega Chandelure;BESTEHEND;ABSTEIGEND;31;33;-2;105;107;2;0,68;0,65;-0,03;48,36;48,25;-0,11
Raging Bolt Ogerpon;BESTEHEND;STABIL;34;34;0;98;105;7;0,63;0,64;0,01;46,52;46,3;-0,22
Toxtricity Box;BESTEHEND;STABIL;35;35;0;90;95;5;0,58;0,58;0,0;51,56;51,72;0,16
Hop's Trevenant;BESTEHEND;STABIL;36;36;0;83;93;10;0,54;0,57;0,03;46,74;46,85;0,11
Seaking Festival Lead;BESTEHEND;AUFSTEIGEND;38;37;1;80;85;5;0,52;0,52;0,0;50,28;49,48;-0,8
Mega Venusaur;BESTEHEND;AUFSTEIGEND;40;38;2;78;83;5;0,5;0,51;0,01;46,08;45,53;-0,55
Gengar;BESTEHEND;ABSTEIGEND;37;39;-2;82;84;2;0,53;0,51;-0,02;41,32;41,9;0,58
Toucannon;BESTEHEND;ABSTEIGEND;39;40;-1;80;82;2;0,52;0,5;-0,02;44,52;44,34;-0,18
Starmie Dusknoir;BESTEHEND;STABIL;41;41;0;63;65;2;0,41;0,4;-0,01;46,86;46,24;-0,62
Manectric Eelektrik;BESTEHEND;AUFSTEIGEND;43;42;1;59;66;7;0,38;0,4;0,02;40,34;39,22;-1,12
Mega Absol Box;BESTEHEND;ABSTEIGEND;42;43;-1;62;62;0;0,4;0,38;-0,02;45,7;45,7;0,0
Ceruledge;BESTEHEND;STABIL;44;44;0;57;58;1;0,37;0,35;-0,02;48,91;48,92;0,01
Mega Darkrai;BESTEHEND;STABIL;45;45;0;53;55;2;0,34;0,34;0,0;32,79;33,86;1,07
Clefairy Ogerpon;BESTEHEND;STABIL;46;46;0;50;50;0;0,32;0,31;-0,01;47,89;47,89;0,0
Kangaskhan Bouffalant;BESTEHEND;STABIL;47;47;0;49;51;2;0,32;0,31;-0,01;43,75;42,86;-0,89
Mega Charizard X;BESTEHEND;AUFSTEIGEND;49;48;1;35;39;4;0,23;0,24;0,01;35,11;33,79;-1,32
Cinccino;BESTEHEND;ABSTEIGEND;48;49;-1;37;37;0;0,24;0,23;-0,01;48,07;48,07;0,0
Ogerpon Meganium;BESTEHEND;STABIL;50;50;0;34;37;3;0,22;0,23;0,01;42,25;43,23;0,98
Hydreigon;BESTEHEND;AUFSTEIGEND;54;51;3;33;36;3;0,21;0,22;0,01;39,84;39,86;0,02
Marnie's Grimmsnarl;BESTEHEND;STABIL;52;52;0;34;36;2;0,22;0,22;0,0;41,46;41,91;0,45
Doublade;BESTEHEND;ABSTEIGEND;51;53;-2;34;34;0;0,22;0,21;-0,01;32,28;32,28;0,0
Okidogi Barbaracle;BESTEHEND;ABSTEIGEND;53;54;-1;32;33;1;0,21;0,2;-0,01;60,8;60,44;-0,36
Toxtricity;BESTEHEND;STABIL;55;55;0;32;33;1;0,21;0,2;-0,01;37,4;36,8;-0,6
Mega Dragonite;BESTEHEND;STABIL;56;56;0;29;31;2;0,19;0,19;0,0;50,0;47,62;-2,38
Lillie's Clefairy;BESTEHEND;STABIL;57;57;0;30;31;1;0,19;0,19;0,0;40,21;40,2;-0,01
Froslass Munkidori;BESTEHEND;AUFSTEIGEND;59;58;1;24;26;2;0,16;0,16;0,0;32,89;33,73;0,84
Mega Camerupt;BESTEHEND;ABSTEIGEND;58;59;-1;24;25;1;0,16;0,15;-0,01;44,21;43,3;-0,91
Hop's Zacian;BESTEHEND;AUFSTEIGEND;64;60;4;19;22;3;0,12;0,13;0,01;38,75;39,13;0,38
Yanmega;BESTEHEND;ABSTEIGEND;60;61;-1;20;21;1;0,13;0,13;0,0;52,38;52,94;0,56
Mega Abomasnow;BESTEHEND;ABSTEIGEND;61;62;-1;19;19;0;0,12;0,12;0,0;43,01;43,01;0,0
Mega Froslass;BESTEHEND;STABIL;63;63;0;19;20;1;0,12;0,12;0,0;41,67;40,23;-1,44
Rocket's Spidops;BESTEHEND;ABSTEIGEND;62;64;-2;19;19;0;0,12;0,12;0,0;47,13;47,13;0,0
Tera Box;BESTEHEND;AUFSTEIGEND;67;65;2;17;19;2;0,11;0,12;0,01;50,68;51,16;0,48
Mega Zygarde;BESTEHEND;ABSTEIGEND;65;66;-1;18;19;1;0,12;0,12;0,0;46,15;44,44;-1,71
Archaludon Zoroark;BESTEHEND;AUFSTEIGEND;78;67;11;13;19;6;0,08;0,12;0,04;53,33;53,52;0,19
Eelektrik;BESTEHEND;ABSTEIGEND;66;68;-2;18;19;1;0,12;0,12;0,0;30,0;29,41;-0,59
Mega Lopunny;BESTEHEND;AUFSTEIGEND;71;69;2;15;16;1;0,1;0,1;0,0;33,87;34,78;0,91
Flareon Noctowl;BESTEHEND;ABSTEIGEND;68;70;-2;17;17;0;0,11;0,1;-0,01;39,06;39,06;0,0
Mega Gengar;BESTEHEND;ABSTEIGEND;69;71;-2;17;17;0;0,11;0,1;-0,01;40,0;40,0;0,0
Metagross;BESTEHEND;ABSTEIGEND;70;72;-2;15;15;0;0,1;0,09;-0,01;42,67;42,67;0,0
Archaludon Dudunsparce;BESTEHEND;AUFSTEIGEND;77;73;4;13;14;1;0,08;0,09;0,01;40,38;39,62;-0,76
Iono's Bellibolt;BESTEHEND;ABSTEIGEND;72;74;-2;14;14;0;0,09;0,09;0,0;32,08;32,08;0,0
Dragapult Froslass;BESTEHEND;ABSTEIGEND;73;75;-2;14;14;0;0,09;0,09;0,0;32,61;32,61;0,0
Alakazam;BESTEHEND;ABSTEIGEND;74;76;-2;14;14;0;0,09;0,09;0,0;40,0;40,0;0,0
Decidueye;BESTEHEND;ABSTEIGEND;76;77;-1;13;13;0;0,08;0,08;0,0;42,31;42,31;0,0
Ursaluna Lunatone;BESTEHEND;AUFSTEIGEND;79;78;1;13;13;0;0,08;0,08;0,0;37,78;37,78;0,0
Blaziken Zoroark;BESTEHEND;ABSTEIGEND;75;79;-4;12;12;0;0,08;0,07;-0,01;55,0;55,0;0,0
Palafin;BESTEHEND;STABIL;80;80;0;11;11;0;0,07;0,07;0,0;45,1;45,1;0,0
Diancie Dusknoir;BESTEHEND;AUFSTEIGEND;84;81;3;10;11;1;0,06;0,07;0,01;40,0;44,68;4,68
Zygarde Barbaracle;BESTEHEND;ABSTEIGEND;81;82;-1;11;11;0;0,07;0,07;0,0;38,1;38,1;0,0
Ethan's Magcargo;BESTEHEND;ABSTEIGEND;82;83;-1;11;11;0;0,07;0,07;0,0;20,83;20,83;0,0
Flareon;BESTEHEND;AUFSTEIGEND;86;84;2;9;10;1;0,06;0,06;0,0;18,52;19,35;0,83
Mega Diancie;BESTEHEND;ABSTEIGEND;83;85;-2;9;9;0;0,06;0,05;-0,01;31,71;31,71;0,0
Sinistcha Ogerpon;BESTEHEND;ABSTEIGEND;85;86;-1;9;9;0;0,06;0,05;-0,01;42,86;42,86;0,0
Paldean Tauros;BESTEHEND;STABIL;87;87;0;8;8;0;0,05;0,05;0,0;42,86;42,86;0,0
Wailord;BESTEHEND;AUFSTEIGEND;89;88;1;7;9;2;0,05;0,05;0,0;41,67;37,5;-4,17
Azumarill;BESTEHEND;ABSTEIGEND;88;89;-1;8;8;0;0,05;0,05;0,0;32,14;32,14;0,0
Mega Feraligatr;BESTEHEND;AUFSTEIGEND;91;90;1;6;6;0;0,04;0,04;0,0;40,0;40,0;0,0
Joltik Box;BESTEHEND;AUFSTEIGEND;94;91;3;5;6;1;0,03;0,04;0,01;45,83;44,0;-1,83
Blissey;BESTEHEND;STABIL;92;92;0;6;6;0;0,04;0,04;0,0;40,91;40,91;0,0
Raging Bolt Bellibolt;BESTEHEND;STABIL;93;93;0;6;6;0;0,04;0,04;0,0;30,0;30,0;0,0
Mamoswine;BESTEHEND;ABSTEIGEND;90;94;-4;7;7;0;0,05;0,04;-0,01;15,79;15,79;0,0
Archaludon;BESTEHEND;STABIL;95;95;0;5;5;0;0,03;0,03;0,0;34,78;34,78;0,0
Greninja Froslass;BESTEHEND;STABIL;96;96;0;5;5;0;0,03;0,03;0,0;40,0;40,0;0,0
Froslass Dudunsparce;BESTEHEND;AUFSTEIGEND;99;97;2;4;5;1;0,03;0,03;0,0;0,0;26,67;26,67
Jellicent Dusknoir;BESTEHEND;STABIL;98;98;0;4;5;1;0,03;0,03;0,0;25,0;21,43;-3,57
Incineroar;BESTEHEND;AUFSTEIGEND;100;99;1;3;3;0;0,02;0,02;0,0;40,0;40,0;0,0
Rocket's Nidoking;BESTEHEND;ABSTEIGEND;97;100;-3;4;4;0;0,03;0,02;-0,01;21,43;21,43;0,0
Toxtricity Brute Bonnet;BESTEHEND;AUFSTEIGEND;105;101;4;2;3;1;0,01;0,02;0,01;41,67;35,71;-5,96
Flygon;BESTEHEND;ABSTEIGEND;101;102;-1;3;3;0;0,02;0,02;0,0;50,0;50,0;0,0
Blaziken;BESTEHEND;ABSTEIGEND;102;103;-1;3;4;1;0,02;0,02;0,0;33,33;30,0;-3,33
Mega Sharpedo;BESTEHEND;ABSTEIGEND;103;104;-1;3;3;0;0,02;0,02;0,0;22,22;22,22;0,0
Heatran Metang;BESTEHEND;ABSTEIGEND;104;105;-1;2;2;0;0,01;0,01;0,0;35,71;35,71;0,0
Milotic;BESTEHEND;STABIL;106;106;0;2;2;0;0,01;0,01;0,0;54,55;54,55;0,0
Slaking;BESTEHEND;STABIL;107;107;0;2;2;0;0,01;0,01;0,0;27,27;27,27;0,0
Hydrapple;BESTEHEND;AUFSTEIGEND;112;108;4;1;2;1;0,01;0,01;0,0;40,0;22,22;-17,78
Erika's Victreebel;BESTEHEND;ABSTEIGEND;108;109;-1;2;2;0;0,01;0,01;0,0;12,5;12,5;0,0
Bloodmoon Ursaluna;BESTEHEND;ABSTEIGEND;109;110;-1;1;1;0;0,01;0,01;0,0;37,5;37,5;0,0
Bronzong;BESTEHEND;ABSTEIGEND;110;111;-1;2;2;0;0,01;0,01;0,0;28,57;28,57;0,0
Misty's Gyarados;BESTEHEND;ABSTEIGEND;111;112;-1;1;1;0;0,01;0,01;0,0;42,86;42,86;0,0
Dragonite Eelektrik;BESTEHEND;STABIL;113;113;0;1;1;0;0,01;0,01;0,0;40,0;40,0;0,0
Raging Bolt;BESTEHEND;STABIL;114;114;0;2;2;0;0,01;0,01;0,0;25,0;25,0;0,0
Alolan Exeggutor ex;BESTEHEND;STABIL;115;115;0;2;2;0;0,01;0,01;0,0;0,0;0,0;0,0
Terapagos Noctowl;BESTEHEND;STABIL;116;116;0;1;1;0;0,01;0,01;0,0;25,0;25,0;0,0
Galvantula;NEU;AUFSTEIGEND;-;117;0;0;1;1;0;0,01;0,01;0;0,0;0,0
Mega Latias;BESTEHEND;STABIL;118;118;0;1;1;0;0,01;0,01;0,0;0,0;0,0;0,0
Sylveon;BESTEHEND;ABSTEIGEND;117;119;-2;1;1;0;0,01;0,01;0,0;0,0;0,0;0,0
Mega Manectric;BESTEHEND;ABSTEIGEND;119;120;-1;1;1;0;0,01;0,01;0,0;0,0;0,0;0,0
Salamence;BESTEHEND;AUFSTEIGEND;122;121;1;1;1;0;0,01;0,01;0,0;0,0;0,0;0,0
Dudunsparce Control;BESTEHEND;ABSTEIGEND;121;122;-1;1;1;0;0,01;0,01;0,0;0,0;0,0;0,0
Iron Thorns;BESTEHEND;ABSTEIGEND;120;123;-3;1;1;0;0,01;0,01;0,0;0,0;0,0;0,0
