rank;deck_name;count;share;share_numeric;wins;losses;ties;win_rate;win_rate_numeric
1;Dragapult;819;10.11%;10,11;1933;1640;69;53.08%;53,08
2;Slowking;502;6.20%;6,2;1099;1014;29;51.31%;51,31
3;N's Zoroark;495;6.11%;6,11;1084;1090;31;49.16%;49,16
4;Alakazam Dudunsparce;495;6.11%;6,11;1048;1038;40;49.29%;49,29
5;Dragapult Dusknoir;480;5.92%;5,92;1028;981;24;50.57%;50,57
6;Basic Box;409;5.05%;5,05;987;866;17;52.78%;52,78
7;Mega Excadrill;370;4.57%;4,57;807;799;18;49.69%;49,69
8;Dhelmise;324;4.00%;4,0;682;656;19;50.26%;50,26
9;Crustle;231;2.85%;2,85;576;512;25;51.75%;51,75
10;Lopunny Dudunsparce;227;2.80%;2,8;532;447;15;53.52%;53,52
11;Dragapult Blaziken;206;2.54%;2,54;493;454;16;51.19%;51,19
12;Lucario Hariyama;184;2.27%;2,27;358;387;10;47.42%;47,42
13;Festival Lead;180;2.22%;2,22;401;354;11;52.35%;52,35
14;Ogerpon Meganium Hydrapple;179;2.21%;2,21;440;366;14;53.66%;53,66
15;Sharpedo Toxtricity;161;1.99%;1,99;325;337;6;48.65%;48,65
16;Rocket's Honchkrow;139;1.72%;1,72;317;287;11;51.54%;51,54
17;Mega Greninja;137;1.69%;1,69;226;311;6;41.62%;41,62
18;Mega Lucario;123;1.52%;1,52;256;285;7;46.72%;46,72
19;Cynthia's Garchomp;122;1.51%;1,51;305;268;8;52.50%;52,5
20;Grimmsnarl Froslass;118;1.46%;1,46;244;249;3;49.19%;49,19
21;Alakazam Dusknoir;109;1.35%;1,35;229;235;4;48.93%;48,93
22;Rocket's Mewtwo;85;1.05%;1,05;197;189;6;50.26%;50,26
23;Greninja;80;0.99%;0,99;163;155;4;50.62%;50,62
24;Lopunny Dusknoir;71;0.88%;0,88;140;156;0;47.30%;47,3
25;Steven's Metagross;69;0.85%;0,85;110;155;2;41.20%;41,2
26;Raging Bolt Ogerpon;67;0.83%;0,83;128;132;4;48.48%;48,48
27;Ogerpon Meganium Arboliva;62;0.77%;0,77;191;124;9;58.95%;58,95
28;Beedrill;58;0.72%;0,72;154;114;5;56.41%;56,41
29;Mega Starmie;54;0.67%;0,67;108;109;1;49.54%;49,54
30;Starmie Froslass;50;0.62%;0,62;108;96;4;51.92%;51,92
31;Dragapult Dudunsparce;50;0.62%;0,62;101;94;1;51.53%;51,53
32;Mega Chandelure;50;0.62%;0,62;88;104;4;44.90%;44,9
33;Toxtricity Box;49;0.60%;0,6;104;94;4;51.49%;51,49
34;Gengar;49;0.60%;0,6;66;99;1;39.76%;39,76
35;Ethan's Typhlosion;48;0.59%;0,59;75;91;2;44.64%;44,64
36;Hop's Trevenant;46;0.57%;0,57;94;118;3;43.72%;43,72
37;Seaking Festival Lead;43;0.53%;0,53;106;96;6;50.96%;50,96
38;Toucannon;39;0.48%;0,48;59;85;1;40.69%;40,69
39;Starmie Dusknoir;36;0.44%;0,44;69;85;1;44.52%;44,52
40;Manectric Eelektrik;36;0.44%;0,44;50;80;2;37.88%;37,88
41;Clefairy Ogerpon;34;0.42%;0,42;67;71;0;48.55%;48,55
42;Mega Venusaur;33;0.41%;0,41;64;70;0;47.76%;47,76
43;Mega Darkrai;31;0.38%;0,38;26;49;0;34.67%;34,67
44;Ogerpon Meganium;29;0.36%;0,36;49;72;1;40.16%;40,16
45;Mega Absol Box;29;0.36%;0,36;37;56;0;39.78%;39,78
46;Kangaskhan Bouffalant;26;0.32%;0,32;39;52;2;41.94%;41,94
47;Marnie's Grimmsnarl;21;0.26%;0,26;35;43;1;44.30%;44,3
48;Lillie's Clefairy;21;0.26%;0,26;32;38;0;45.71%;45,71
49;Hydreigon;19;0.23%;0,23;36;43;1;45.00%;45,0
50;Toxtricity;19;0.23%;0,23;30;46;1;38.96%;38,96
51;Mega Camerupt;19;0.23%;0,23;34;36;3;46.58%;46,58
52;Doublade;19;0.23%;0,23;19;48;1;27.94%;27,94
53;Froslass Munkidori;19;0.23%;0,23;14;36;0;28.00%;28,0
54;Cinccino;18;0.22%;0,22;42;52;1;44.21%;44,21
55;Ceruledge;16;0.20%;0,2;29;38;0;43.28%;43,28
56;Mega Froslass;14;0.17%;0,17;20;34;0;37.04%;37,04
57;Eelektrik;14;0.17%;0,17;14;29;1;31.82%;31,82
58;Yanmega;14;0.17%;0,17;17;16;2;48.57%;48,57
59;Mega Charizard X;11;0.14%;0,14;13;35;0;27.08%;27,08
60;Iono's Bellibolt;11;0.14%;0,14;16;29;0;35.56%;35,56
61;Dragapult Froslass;11;0.14%;0,14;12;22;0;35.29%;35,29
62;Metagross;10;0.12%;0,12;21;28;1;42.00%;42,0
63;Hop's Zacian;10;0.12%;0,12;19;22;2;44.19%;44,19
64;Blaziken Zoroark;9;0.11%;0,11;29;20;2;56.86%;56,86
65;Mega Gengar;9;0.11%;0,11;13;19;0;40.63%;40,63
66;Tera Box;9;0.11%;0,11;14;16;0;46.67%;46,67
67;Okidogi Barbaracle;8;0.10%;0,1;22;12;2;61.11%;61,11
68;Palafin;7;0.09%;0,09;20;19;0;51.28%;51,28
69;Mega Abomasnow;7;0.09%;0,09;15;18;0;45.45%;45,45
70;Archaludon Dudunsparce;7;0.09%;0,09;12;19;0;38.71%;38,71
71;Mega Diancie;7;0.09%;0,09;6;20;0;23.08%;23,08
72;Mega Zygarde;6;0.07%;0,07;8;13;0;38.10%;38,1
73;Ursaluna Lunatone;6;0.07%;0,07;7;11;0;38.89%;38,89
74;Flareon Noctowl;6;0.07%;0,07;5;13;0;27.78%;27,78
75;Paldean Tauros;5;0.06%;0,06;14;12;0;53.85%;53,85
76;Zygarde Barbaracle;5;0.06%;0,06;9;13;0;40.91%;40,91
77;Mega Dragonite;5;0.06%;0,06;10;9;0;52.63%;52,63
78;Azumarill;5;0.06%;0,06;7;10;0;41.18%;41,18
79;Alakazam;5;0.06%;0,06;6;9;0;40.00%;40,0
80;Raging Bolt Bellibolt;5;0.06%;0,06;3;11;0;21.43%;21,43
81;Mega Feraligatr;4;0.05%;0,05;11;14;0;44.00%;44,0
82;Decidueye;4;0.05%;0,05;11;9;0;55.00%;55,0
83;Joltik Box;4;0.05%;0,05;8;10;0;44.44%;44,44
84;Archaludon;4;0.05%;0,05;5;11;0;31.25%;31,25
85;Diancie Dusknoir;4;0.05%;0,05;2;10;0;16.67%;16,67
86;Mega Lopunny;4;0.05%;0,05;1;9;0;10.00%;10,0
87;Rocket's Spidops;3;0.04%;0,04;6;8;0;42.86%;42,86
88;Sinistcha Ogerpon;3;0.04%;0,04;4;7;0;36.36%;36,36
89;Blissey;3;0.04%;0,04;3;6;0;33.33%;33,33
90;Mamoswine;3;0.04%;0,04;2;6;0;25.00%;25,0
91;Archaludon Zoroark;3;0.04%;0,04;1;4;0;20.00%;20,0
92;Heatran Metang;2;0.02%;0,02;5;9;0;35.71%;35,71
93;Slaking;2;0.02%;0,02;3;8;0;27.27%;27,27
94;Jellicent Dusknoir;2;0.02%;0,02;3;5;0;37.50%;37,5
95;Erika's Victreebel;2;0.02%;0,02;1;7;0;12.50%;12,5
96;Greninja Froslass;2;0.02%;0,02;2;4;0;33.33%;33,33
97;Rocket's Nidoking;2;0.02%;0,02;0;6;0;0.00%;0,0
98;Wailord;2;0.02%;0,02;2;3;0;40.00%;40,0
99;Mega Sharpedo;2;0.02%;0,02;0;5;0;0.00%;0,0
100;Flareon;2;0.02%;0,02;0;5;0;0.00%;0,0
101;Froslass Dudunsparce;2;0.02%;0,02;0;4;0;0.00%;0,0
102;Bloodmoon Ursaluna;1;0.01%;0,01;3;5;0;37.50%;37,5
103;Misty's Gyarados;1;0.01%;0,01;3;4;0;42.86%;42,86
104;Blaziken;1;0.01%;0,01;3;2;1;50.00%;50,0
105;Toxtricity Brute Bonnet;1;0.01%;0,01;1;5;0;16.67%;16,67
106;Terapagos Noctowl;1;0.01%;0,01;1;3;0;25.00%;25,0
107;Incineroar;1;0.01%;0,01;0;4;0;0.00%;0,0
108;Ethan's Magcargo;1;0.01%;0,01;0;3;0;0.00%;0,0
109;Alolan Exeggutor ex;1;0.01%;0,01;0;2;0;0.00%;0,0
110;Iron Thorns;1;0.01%;0,01;0;1;0;0.00%;0,0
111;Dudunsparce Control;1;0.01%;0,01;0;1;0;0.00%;0,0
