deck_name;opponent;win_rate;record;total_games
Dragapult;Festival Lead;71,2;136 - 55 - 2;193
Dragapult;Mega Greninja;64,55;71 - 39 - 2;112
Dragapult;Alakazam Dudunsparce;61,24;237 - 150 - 9;396
Dragapult;Alakazam Dusknoir;60,67;145 - 94 - 1;240
Dragapult;Dragapult Dusknoir;59,42;246 - 168 - 6;420
Dragapult;Ogerpon Meganium Hydrapple;58,82;140 - 98 - 3;241
Dragapult;Lucario Hariyama;57,74;97 - 71 - 3;171
Dragapult;Dragapult Blaziken;57,48;123 - 91 - 2;216
Dragapult;Mega Lucario;52,99;62 - 55 - 2;119
Dragapult;N's Zoroark;52,55;227 - 205 - 10;442
Dragapult;Slowking;50,38;201 - 198 - 4;403
Dragapult;Dragapult;50,0;425 - 425 - 16;866
Dragapult;Lopunny Dudunsparce;49,34;113 - 116 - 3;232
Dragapult;Dhelmise;47,62;140 - 154 - 6;300
Dragapult;Lopunny Dusknoir;46,9;68 - 77 - 0;145
Dragapult;Cynthia's Garchomp;45,24;57 - 69 - 1;127
Dragapult;Basic Box;44,29;194 - 244 - 6;444
Dragapult;Mega Excadrill;44,28;151 - 190 - 7;348
Dragapult;Sharpedo Toxtricity;42,93;79 - 105 - 0;184
Dragapult;Crustle;36,72;65 - 112 - 5;182
N's Zoroark;Dhelmise;67,52;106 - 51 - 1;158
N's Zoroark;Mega Greninja;65,62;42 - 22 - 0;64
N's Zoroark;Lopunny Dudunsparce;59,06;88 - 61 - 1;150
N's Zoroark;Lopunny Dusknoir;53,85;28 - 24 - 0;52
N's Zoroark;Dragapult Blaziken;53,06;52 - 46 - 5;103
N's Zoroark;Slowking;51,83;113 - 105 - 3;221
N's Zoroark;N's Zoroark;50,0;109 - 109 - 8;226
N's Zoroark;Dragapult Dusknoir;48,46;110 - 117 - 1;228
N's Zoroark;Alakazam Dusknoir;48,05;37 - 40 - 0;77
N's Zoroark;Basic Box;48,02;109 - 118 - 6;233
N's Zoroark;Dragapult;47,45;205 - 227 - 10;442
N's Zoroark;Mega Excadrill;43,82;78 - 100 - 2;180
N's Zoroark;Alakazam Dudunsparce;42,41;81 - 110 - 4;195
N's Zoroark;Lucario Hariyama;42,24;49 - 67 - 1;117
N's Zoroark;Cynthia's Garchomp;39,71;27 - 41 - 1;69
N's Zoroark;Sharpedo Toxtricity;38,83;40 - 63 - 3;106
N's Zoroark;Mega Lucario;37,5;24 - 40 - 1;65
N's Zoroark;Crustle;33,64;36 - 71 - 2;109
N's Zoroark;Ogerpon Meganium Hydrapple;30,91;34 - 76 - 1;111
N's Zoroark;Festival Lead;24,18;22 - 69 - 0;91
Dragapult Dusknoir;Mega Greninja;63,83;30 - 17 - 0;47
Dragapult Dusknoir;Ogerpon Meganium Hydrapple;61,47;67 - 42 - 0;109
Dragapult Dusknoir;Alakazam Dudunsparce;60,47;104 - 68 - 2;174
Dragapult Dusknoir;Alakazam Dusknoir;60,4;61 - 40 - 0;101
Dragapult Dusknoir;Mega Lucario;56,6;30 - 23 - 0;53
Dragapult Dusknoir;Festival Lead;54,32;44 - 37 - 1;82
Dragapult Dusknoir;Lucario Hariyama;53,0;53 - 47 - 2;102
Dragapult Dusknoir;N's Zoroark;51,54;117 - 110 - 1;228
Dragapult Dusknoir;Sharpedo Toxtricity;50,67;38 - 37 - 1;76
Dragapult Dusknoir;Dragapult Dusknoir;50,0;95 - 95 - 0;190
Dragapult Dusknoir;Crustle;50,0;52 - 52 - 2;106
Dragapult Dusknoir;Lopunny Dudunsparce;48,12;64 - 69 - 1;134
Dragapult Dusknoir;Lopunny Dusknoir;46,43;26 - 30 - 2;58
Dragapult Dusknoir;Mega Excadrill;46,21;67 - 78 - 0;145
Dragapult Dusknoir;Basic Box;43,94;87 - 111 - 4;202
Dragapult Dusknoir;Dragapult Blaziken;40,74;44 - 64 - 2;110
Dragapult Dusknoir;Dragapult;40,58;168 - 246 - 6;420
Dragapult Dusknoir;Dhelmise;39,87;63 - 95 - 1;159
Dragapult Dusknoir;Slowking;37,21;64 - 108 - 2;174
Dragapult Dusknoir;Cynthia's Garchomp;33,33;23 - 46 - 2;71
Slowking;Lucario Hariyama;70,11;61 - 26 - 0;87
Slowking;Mega Lucario;65,12;28 - 15 - 1;44
Slowking;Dragapult Dusknoir;62,79;108 - 64 - 2;174
Slowking;Crustle;62,75;64 - 38 - 3;105
Slowking;Festival Lead;59,74;46 - 31 - 3;80
Slowking;Lopunny Dusknoir;59,65;34 - 23 - 0;57
Slowking;Mega Excadrill;57,87;103 - 75 - 3;181
Slowking;Mega Greninja;57,69;30 - 22 - 0;52
Slowking;Dragapult Blaziken;57,27;63 - 47 - 3;113
Slowking;Cynthia's Garchomp;55,71;39 - 31 - 1;71
Slowking;Slowking;50,0;97 - 97 - 4;198
Slowking;Sharpedo Toxtricity;50,0;35 - 35 - 0;70
Slowking;Dragapult;49,62;198 - 201 - 4;403
Slowking;N's Zoroark;48,17;105 - 113 - 3;221
Slowking;Basic Box;47,14;107 - 120 - 2;229
Slowking;Lopunny Dudunsparce;43,48;60 - 78 - 2;140
Slowking;Dhelmise;41,06;62 - 89 - 0;151
Slowking;Ogerpon Meganium Hydrapple;38,0;38 - 62 - 2;102
Slowking;Alakazam Dusknoir;32,58;29 - 60 - 0;89
Slowking;Alakazam Dudunsparce;30,88;63 - 141 - 0;204
Basic Box;Lopunny Dusknoir;71,21;47 - 19 - 1;67
Basic Box;Mega Lucario;61,02;36 - 23 - 1;60
Basic Box;Sharpedo Toxtricity;58,23;46 - 33 - 2;81
Basic Box;Dhelmise;57,76;93 - 68 - 1;162
Basic Box;Cynthia's Garchomp;57,58;38 - 28 - 0;66
Basic Box;Dragapult Dusknoir;56,06;111 - 87 - 4;202
Basic Box;Dragapult;55,71;244 - 194 - 6;444
Basic Box;Alakazam Dusknoir;53,19;50 - 44 - 1;95
Basic Box;Mega Excadrill;53,15;76 - 67 - 2;145
Basic Box;Slowking;52,86;120 - 107 - 2;229
Basic Box;N's Zoroark;51,98;118 - 109 - 6;233
Basic Box;Dragapult Blaziken;51,38;56 - 53 - 4;113
Basic Box;Basic Box;50,0;98 - 98 - 0;196
Basic Box;Lucario Hariyama;49,57;57 - 58 - 0;115
Basic Box;Lopunny Dudunsparce;47,9;57 - 62 - 0;119
Basic Box;Festival Lead;47,67;41 - 45 - 1;87
Basic Box;Alakazam Dudunsparce;46,77;87 - 99 - 4;190
Basic Box;Mega Greninja;45,28;24 - 29 - 0;53
Basic Box;Ogerpon Meganium Hydrapple;44,54;53 - 66 - 5;124
Basic Box;Crustle;38,1;32 - 52 - 0;84
Alakazam Dudunsparce;Slowking;69,12;141 - 63 - 0;204
Alakazam Dudunsparce;Mega Greninja;68,29;28 - 13 - 1;42
Alakazam Dudunsparce;Mega Excadrill;62,64;109 - 65 - 2;176
Alakazam Dudunsparce;Mega Lucario;59,26;32 - 22 - 0;54
Alakazam Dudunsparce;Ogerpon Meganium Hydrapple;58,51;55 - 39 - 0;94
Alakazam Dudunsparce;N's Zoroark;57,59;110 - 81 - 4;195
Alakazam Dudunsparce;Basic Box;53,23;99 - 87 - 4;190
Alakazam Dudunsparce;Alakazam Dudunsparce;50,0;91 - 91 - 8;190
Alakazam Dudunsparce;Festival Lead;50,0;44 - 44 - 2;90
Alakazam Dudunsparce;Dragapult Blaziken;44,87;35 - 43 - 4;82
Alakazam Dudunsparce;Crustle;44,87;35 - 43 - 1;79
Alakazam Dudunsparce;Lucario Hariyama;44,19;38 - 48 - 0;86
Alakazam Dudunsparce;Lopunny Dusknoir;43,33;26 - 34 - 0;60
Alakazam Dudunsparce;Alakazam Dusknoir;41,33;31 - 44 - 2;77
Alakazam Dudunsparce;Cynthia's Garchomp;41,18;21 - 30 - 3;54
Alakazam Dudunsparce;Dragapult Dusknoir;39,53;68 - 104 - 2;174
Alakazam Dudunsparce;Dragapult;38,76;150 - 237 - 9;396
Alakazam Dudunsparce;Dhelmise;36,76;50 - 86 - 5;141
Alakazam Dudunsparce;Sharpedo Toxtricity;34,18;27 - 52 - 1;80
Alakazam Dudunsparce;Lopunny Dudunsparce;33,85;44 - 86 - 2;132
Mega Excadrill;Crustle;74,39;61 - 21 - 1;83
Mega Excadrill;Sharpedo Toxtricity;66,67;44 - 22 - 0;66
Mega Excadrill;Lopunny Dudunsparce;65,0;65 - 35 - 0;100
Mega Excadrill;Mega Greninja;63,41;26 - 15 - 0;41
Mega Excadrill;Lopunny Dusknoir;56,67;34 - 26 - 0;60
Mega Excadrill;N's Zoroark;56,18;100 - 78 - 2;180
Mega Excadrill;Dragapult;55,72;190 - 151 - 7;348
Mega Excadrill;Dragapult Dusknoir;53,79;78 - 67 - 0;145
Mega Excadrill;Festival Lead;52,31;34 - 31 - 2;67
Mega Excadrill;Dhelmise;51,72;60 - 56 - 4;120
Mega Excadrill;Mega Excadrill;50,0;74 - 74 - 2;150
Mega Excadrill;Alakazam Dusknoir;47,5;38 - 42 - 0;80
Mega Excadrill;Basic Box;46,85;67 - 76 - 2;145
Mega Excadrill;Ogerpon Meganium Hydrapple;43,36;49 - 64 - 1;114
Mega Excadrill;Slowking;42,13;75 - 103 - 3;181
Mega Excadrill;Lucario Hariyama;42,03;29 - 40 - 2;71
Mega Excadrill;Cynthia's Garchomp;38,71;24 - 38 - 1;63
Mega Excadrill;Alakazam Dudunsparce;37,36;65 - 109 - 2;176
Mega Excadrill;Mega Lucario;33,33;20 - 40 - 0;60
Mega Excadrill;Dragapult Blaziken;28,41;25 - 63 - 0;88
Dhelmise;Mega Lucario;89,36;42 - 5 - 0;47
Dhelmise;Lucario Hariyama;84,15;69 - 13 - 1;83
Dhelmise;Alakazam Dusknoir;81,82;63 - 14 - 0;77
Dhelmise;Lopunny Dusknoir;63,64;35 - 20 - 0;55
Dhelmise;Alakazam Dudunsparce;63,24;86 - 50 - 5;141
Dhelmise;Mega Greninja;60,61;20 - 13 - 0;33
Dhelmise;Dragapult Dusknoir;60,13;95 - 63 - 1;159
Dhelmise;Slowking;58,94;89 - 62 - 0;151
Dhelmise;Dragapult;52,38;154 - 140 - 6;300
Dhelmise;Dhelmise;50,0;51 - 51 - 2;104
Dhelmise;Crustle;49,21;31 - 32 - 0;63
Dhelmise;Mega Excadrill;48,28;56 - 60 - 4;120
Dhelmise;Dragapult Blaziken;46,58;34 - 39 - 3;76
Dhelmise;Basic Box;42,24;68 - 93 - 1;162
Dhelmise;Festival Lead;42,19;27 - 37 - 1;65
Dhelmise;Ogerpon Meganium Hydrapple;41,38;36 - 51 - 1;88
Dhelmise;Cynthia's Garchomp;40,54;15 - 22 - 0;37
Dhelmise;N's Zoroark;32,48;51 - 106 - 1;158
Dhelmise;Lopunny Dudunsparce;28,87;28 - 69 - 1;98
Dhelmise;Sharpedo Toxtricity;26,98;17 - 46 - 2;65
Lopunny Dudunsparce;Alakazam Dusknoir;79,25;42 - 11 - 1;54
Lopunny Dudunsparce;Crustle;73,08;38 - 14 - 2;54
Lopunny Dudunsparce;Dhelmise;71,13;69 - 28 - 1;98
Lopunny Dudunsparce;Alakazam Dudunsparce;66,15;86 - 44 - 2;132
Lopunny Dudunsparce;Lopunny Dusknoir;65,22;30 - 16 - 1;47
Lopunny Dudunsparce;Mega Lucario;59,09;26 - 18 - 0;44
Lopunny Dudunsparce;Slowking;56,52;78 - 60 - 2;140
Lopunny Dudunsparce;Ogerpon Meganium Hydrapple;52,54;31 - 28 - 1;60
Lopunny Dudunsparce;Basic Box;52,1;62 - 57 - 0;119
Lopunny Dudunsparce;Dragapult Dusknoir;51,88;69 - 64 - 1;134
Lopunny Dudunsparce;Dragapult Blaziken;50,68;37 - 36 - 1;74
Lopunny Dudunsparce;Dragapult;50,66;116 - 113 - 3;232
Lopunny Dudunsparce;Lopunny Dudunsparce;50,0;32 - 32 - 2;66
Lopunny Dudunsparce;Mega Greninja;47,06;16 - 18 - 0;34
Lopunny Dudunsparce;Cynthia's Garchomp;42,11;16 - 22 - 1;39
Lopunny Dudunsparce;N's Zoroark;40,94;61 - 88 - 1;150
Lopunny Dudunsparce;Lucario Hariyama;37,5;15 - 25 - 1;41
Lopunny Dudunsparce;Mega Excadrill;35,0;35 - 65 - 0;100
Lopunny Dudunsparce;Festival Lead;33,9;20 - 39 - 2;61
Lopunny Dudunsparce;Sharpedo Toxtricity;32,79;20 - 41 - 1;62
Alakazam Dusknoir;Slowking;67,42;60 - 29 - 0;89
Alakazam Dusknoir;Alakazam Dudunsparce;58,67;44 - 31 - 2;77
Alakazam Dusknoir;Mega Lucario;55,17;16 - 13 - 0;29
Alakazam Dusknoir;Mega Excadrill;52,5;42 - 38 - 0;80
Alakazam Dusknoir;Mega Greninja;52,38;11 - 10 - 0;21
Alakazam Dusknoir;N's Zoroark;51,95;40 - 37 - 0;77
Alakazam Dusknoir;Alakazam Dusknoir;50,0;34 - 34 - 0;68
Alakazam Dusknoir;Crustle;50,0;19 - 19 - 0;38
Alakazam Dusknoir;Ogerpon Meganium Hydrapple;47,17;25 - 28 - 1;54
Alakazam Dusknoir;Basic Box;46,81;44 - 50 - 1;95
Alakazam Dusknoir;Cynthia's Garchomp;46,15;18 - 21 - 0;39
Alakazam Dusknoir;Festival Lead;42,86;21 - 28 - 0;49
Alakazam Dusknoir;Sharpedo Toxtricity;40,74;22 - 32 - 0;54
Alakazam Dusknoir;Dragapult Dusknoir;39,6;40 - 61 - 0;101
Alakazam Dusknoir;Dragapult Blaziken;39,39;26 - 40 - 1;67
Alakazam Dusknoir;Dragapult;39,33;94 - 145 - 1;240
Alakazam Dusknoir;Lucario Hariyama;36,0;18 - 32 - 1;51
Alakazam Dusknoir;Lopunny Dusknoir;33,33;12 - 24 - 0;36
Alakazam Dusknoir;Lopunny Dudunsparce;20,75;11 - 42 - 1;54
Alakazam Dusknoir;Dhelmise;18,18;14 - 63 - 0;77
Ogerpon Meganium Hydrapple;Mega Greninja;86,36;19 - 3 - 0;22
Ogerpon Meganium Hydrapple;Cynthia's Garchomp;80,0;32 - 8 - 0;40
Ogerpon Meganium Hydrapple;Sharpedo Toxtricity;69,39;34 - 15 - 2;51
Ogerpon Meganium Hydrapple;N's Zoroark;69,09;76 - 34 - 1;111
Ogerpon Meganium Hydrapple;Slowking;62,0;62 - 38 - 2;102
Ogerpon Meganium Hydrapple;Lucario Hariyama;59,57;28 - 19 - 4;51
Ogerpon Meganium Hydrapple;Crustle;59,18;29 - 20 - 0;49
Ogerpon Meganium Hydrapple;Lopunny Dusknoir;59,18;29 - 20 - 0;49
Ogerpon Meganium Hydrapple;Dhelmise;58,62;51 - 36 - 1;88
Ogerpon Meganium Hydrapple;Mega Excadrill;56,64;64 - 49 - 1;114
Ogerpon Meganium Hydrapple;Basic Box;55,46;66 - 53 - 5;124
Ogerpon Meganium Hydrapple;Alakazam Dusknoir;52,83;28 - 25 - 1;54
Ogerpon Meganium Hydrapple;Ogerpon Meganium Hydrapple;50,0;26 - 26 - 2;54
Ogerpon Meganium Hydrapple;Lopunny Dudunsparce;47,46;28 - 31 - 1;60
Ogerpon Meganium Hydrapple;Alakazam Dudunsparce;41,49;39 - 55 - 0;94
Ogerpon Meganium Hydrapple;Dragapult;41,18;98 - 140 - 3;241
Ogerpon Meganium Hydrapple;Festival Lead;39,13;18 - 28 - 2;48
Ogerpon Meganium Hydrapple;Dragapult Dusknoir;38,53;42 - 67 - 0;109
Ogerpon Meganium Hydrapple;Mega Lucario;30,3;10 - 23 - 1;34
Ogerpon Meganium Hydrapple;Dragapult Blaziken;28,33;17 - 43 - 2;62
Lucario Hariyama;Alakazam Dusknoir;64,0;32 - 18 - 1;51
Lucario Hariyama;Mega Greninja;63,33;19 - 11 - 0;30
Lucario Hariyama;Lopunny Dudunsparce;62,5;25 - 15 - 1;41
Lucario Hariyama;Lopunny Dusknoir;60,61;20 - 13 - 0;33
Lucario Hariyama;Sharpedo Toxtricity;58,82;30 - 21 - 0;51
Lucario Hariyama;Mega Excadrill;57,97;40 - 29 - 2;71
Lucario Hariyama;N's Zoroark;57,76;67 - 49 - 1;117
Lucario Hariyama;Alakazam Dudunsparce;55,81;48 - 38 - 0;86
Lucario Hariyama;Basic Box;50,43;58 - 57 - 0;115
Lucario Hariyama;Lucario Hariyama;50,0;35 - 35 - 2;72
Lucario Hariyama;Crustle;50,0;19 - 19 - 0;38
Lucario Hariyama;Festival Lead;47,83;22 - 24 - 1;47
Lucario Hariyama;Dragapult Dusknoir;47,0;47 - 53 - 2;102
Lucario Hariyama;Dragapult;42,26;71 - 97 - 3;171
Lucario Hariyama;Cynthia's Garchomp;41,94;13 - 18 - 0;31
Lucario Hariyama;Dragapult Blaziken;41,07;23 - 33 - 0;56
Lucario Hariyama;Ogerpon Meganium Hydrapple;40,43;19 - 28 - 4;51
Lucario Hariyama;Mega Lucario;36,11;13 - 23 - 2;38
Lucario Hariyama;Slowking;29,89;26 - 61 - 0;87
Lucario Hariyama;Dhelmise;15,85;13 - 69 - 1;83
Dragapult Blaziken;Festival Lead;71,7;38 - 15 - 1;54
Dragapult Blaziken;Ogerpon Meganium Hydrapple;71,67;43 - 17 - 2;62
Dragapult Blaziken;Mega Excadrill;71,59;63 - 25 - 0;88
Dragapult Blaziken;Mega Greninja;67,65;23 - 11 - 1;35
Dragapult Blaziken;Alakazam Dusknoir;60,61;40 - 26 - 1;67
Dragapult Blaziken;Lopunny Dusknoir;60,0;21 - 14 - 0;35
Dragapult Blaziken;Dragapult Dusknoir;59,26;64 - 44 - 2;110
Dragapult Blaziken;Lucario Hariyama;58,93;33 - 23 - 0;56
Dragapult Blaziken;Alakazam Dudunsparce;55,13;43 - 35 - 4;82
Dragapult Blaziken;Sharpedo Toxtricity;54,39;31 - 26 - 1;58
Dragapult Blaziken;Dhelmise;53,42;39 - 34 - 3;76
Dragapult Blaziken;Dragapult Blaziken;50,0;28 - 28 - 2;58
Dragapult Blaziken;Lopunny Dudunsparce;49,32;36 - 37 - 1;74
Dragapult Blaziken;Basic Box;48,62;53 - 56 - 4;113
Dragapult Blaziken;N's Zoroark;46,94;46 - 52 - 5;103
Dragapult Blaziken;Mega Lucario;44,12;15 - 19 - 0;34
Dragapult Blaziken;Slowking;42,73;47 - 63 - 3;113
Dragapult Blaziken;Dragapult;42,52;91 - 123 - 2;216
Dragapult Blaziken;Cynthia's Garchomp;40,48;17 - 25 - 1;43
Dragapult Blaziken;Crustle;38,89;14 - 22 - 2;38
Festival Lead;Cynthia's Garchomp;81,48;22 - 5 - 0;27
Festival Lead;N's Zoroark;75,82;69 - 22 - 0;91
Festival Lead;Sharpedo Toxtricity;66,67;28 - 14 - 0;42
Festival Lead;Lopunny Dudunsparce;66,1;39 - 20 - 2;61
Festival Lead;Crustle;61,76;21 - 13 - 0;34
Festival Lead;Ogerpon Meganium Hydrapple;60,87;28 - 18 - 2;48
Festival Lead;Dhelmise;57,81;37 - 27 - 1;65
Festival Lead;Alakazam Dusknoir;57,14;28 - 21 - 0;49
Festival Lead;Basic Box;52,33;45 - 41 - 1;87
Festival Lead;Lucario Hariyama;52,17;24 - 22 - 1;47
Festival Lead;Alakazam Dudunsparce;50,0;44 - 44 - 2;90
Festival Lead;Festival Lead;50,0;16 - 16 - 0;32
Festival Lead;Mega Excadrill;47,69;31 - 34 - 2;67
Festival Lead;Dragapult Dusknoir;45,68;37 - 44 - 1;82
Festival Lead;Mega Lucario;45,16;14 - 17 - 1;32
Festival Lead;Slowking;40,26;31 - 46 - 3;80
Festival Lead;Mega Greninja;40,0;10 - 15 - 0;25
Festival Lead;Lopunny Dusknoir;30,43;7 - 16 - 0;23
Festival Lead;Dragapult;28,8;55 - 136 - 2;193
Festival Lead;Dragapult Blaziken;28,3;15 - 38 - 1;54
Sharpedo Toxtricity;Dhelmise;73,02;46 - 17 - 2;65
Sharpedo Toxtricity;Lopunny Dusknoir;68,75;22 - 10 - 0;32
Sharpedo Toxtricity;Lopunny Dudunsparce;67,21;41 - 20 - 1;62
Sharpedo Toxtricity;Alakazam Dudunsparce;65,82;52 - 27 - 1;80
Sharpedo Toxtricity;N's Zoroark;61,17;63 - 40 - 3;106
Sharpedo Toxtricity;Alakazam Dusknoir;59,26;32 - 22 - 0;54
Sharpedo Toxtricity;Dragapult;57,07;105 - 79 - 0;184
Sharpedo Toxtricity;Slowking;50,0;35 - 35 - 0;70
Sharpedo Toxtricity;Sharpedo Toxtricity;50,0;20 - 20 - 0;40
Sharpedo Toxtricity;Dragapult Dusknoir;49,33;37 - 38 - 1;76
Sharpedo Toxtricity;Cynthia's Garchomp;46,67;14 - 16 - 0;30
Sharpedo Toxtricity;Dragapult Blaziken;45,61;26 - 31 - 1;58
Sharpedo Toxtricity;Mega Lucario;45,16;14 - 17 - 2;33
Sharpedo Toxtricity;Basic Box;41,77;33 - 46 - 2;81
Sharpedo Toxtricity;Lucario Hariyama;41,18;21 - 30 - 0;51
Sharpedo Toxtricity;Crustle;35,48;11 - 20 - 1;32
Sharpedo Toxtricity;Mega Excadrill;33,33;22 - 44 - 0;66
Sharpedo Toxtricity;Festival Lead;33,33;14 - 28 - 0;42
Sharpedo Toxtricity;Mega Greninja;30,77;4 - 9 - 0;13
Sharpedo Toxtricity;Ogerpon Meganium Hydrapple;30,61;15 - 34 - 2;51
Crustle;N's Zoroark;66,36;71 - 36 - 2;109
Crustle;Sharpedo Toxtricity;64,52;20 - 11 - 1;32
Crustle;Dragapult;63,28;112 - 65 - 5;182
Crustle;Basic Box;61,9;52 - 32 - 0;84
Crustle;Dragapult Blaziken;61,11;22 - 14 - 2;38
Crustle;Mega Lucario;55,88;19 - 15 - 0;34
Crustle;Alakazam Dudunsparce;55,13;43 - 35 - 1;79
Crustle;Cynthia's Garchomp;53,57;15 - 13 - 0;28
Crustle;Mega Greninja;51,61;16 - 15 - 0;31
Crustle;Dhelmise;50,79;32 - 31 - 0;63
Crustle;Dragapult Dusknoir;50,0;52 - 52 - 2;106
Crustle;Crustle;50,0;20 - 20 - 8;48
Crustle;Lucario Hariyama;50,0;19 - 19 - 0;38
Crustle;Alakazam Dusknoir;50,0;19 - 19 - 0;38
Crustle;Ogerpon Meganium Hydrapple;40,82;20 - 29 - 0;49
Crustle;Festival Lead;38,24;13 - 21 - 0;34
Crustle;Slowking;37,25;38 - 64 - 3;105
Crustle;Lopunny Dudunsparce;26,92;14 - 38 - 2;54
Crustle;Mega Excadrill;25,61;21 - 61 - 1;83
Crustle;Lopunny Dusknoir;25,0;6 - 18 - 0;24
Lopunny Dusknoir;Crustle;75,0;18 - 6 - 0;24
Lopunny Dusknoir;Mega Greninja;73,33;11 - 4 - 0;15
Lopunny Dusknoir;Festival Lead;69,57;16 - 7 - 0;23
Lopunny Dusknoir;Alakazam Dusknoir;66,67;24 - 12 - 0;36
Lopunny Dusknoir;Alakazam Dudunsparce;56,67;34 - 26 - 0;60
Lopunny Dusknoir;Dragapult Dusknoir;53,57;30 - 26 - 2;58
Lopunny Dusknoir;Dragapult;53,1;77 - 68 - 0;145
Lopunny Dusknoir;Lopunny Dusknoir;50,0;13 - 13 - 0;26
Lopunny Dusknoir;N's Zoroark;46,15;24 - 28 - 0;52
Lopunny Dusknoir;Cynthia's Garchomp;44,44;8 - 10 - 0;18
Lopunny Dusknoir;Mega Excadrill;43,33;26 - 34 - 0;60
Lopunny Dusknoir;Mega Lucario;41,67;5 - 7 - 0;12
Lopunny Dusknoir;Ogerpon Meganium Hydrapple;40,82;20 - 29 - 0;49
Lopunny Dusknoir;Slowking;40,35;23 - 34 - 0;57
Lopunny Dusknoir;Dragapult Blaziken;40,0;14 - 21 - 0;35
Lopunny Dusknoir;Lucario Hariyama;39,39;13 - 20 - 0;33
Lopunny Dusknoir;Dhelmise;36,36;20 - 35 - 0;55
Lopunny Dusknoir;Lopunny Dudunsparce;34,78;16 - 30 - 1;47
Lopunny Dusknoir;Sharpedo Toxtricity;31,25;10 - 22 - 0;32
Lopunny Dusknoir;Basic Box;28,79;19 - 47 - 1;67
Cynthia's Garchomp;Mega Greninja;68,75;11 - 5 - 0;16
Cynthia's Garchomp;Dragapult Dusknoir;66,67;46 - 23 - 2;71
Cynthia's Garchomp;Mega Excadrill;61,29;38 - 24 - 1;63
Cynthia's Garchomp;N's Zoroark;60,29;41 - 27 - 1;69
Cynthia's Garchomp;Dragapult Blaziken;59,52;25 - 17 - 1;43
Cynthia's Garchomp;Dhelmise;59,46;22 - 15 - 0;37
Cynthia's Garchomp;Alakazam Dudunsparce;58,82;30 - 21 - 3;54
Cynthia's Garchomp;Lucario Hariyama;58,06;18 - 13 - 0;31
Cynthia's Garchomp;Lopunny Dudunsparce;57,89;22 - 16 - 1;39
Cynthia's Garchomp;Lopunny Dusknoir;55,56;10 - 8 - 0;18
Cynthia's Garchomp;Dragapult;54,76;69 - 57 - 1;127
Cynthia's Garchomp;Alakazam Dusknoir;53,85;21 - 18 - 0;39
Cynthia's Garchomp;Sharpedo Toxtricity;53,33;16 - 14 - 0;30
Cynthia's Garchomp;Cynthia's Garchomp;50,0;9 - 9 - 0;18
Cynthia's Garchomp;Crustle;46,43;13 - 15 - 0;28
Cynthia's Garchomp;Mega Lucario;46,15;6 - 7 - 0;13
Cynthia's Garchomp;Slowking;44,29;31 - 39 - 1;71
Cynthia's Garchomp;Basic Box;42,42;28 - 38 - 0;66
Cynthia's Garchomp;Ogerpon Meganium Hydrapple;20,0;8 - 32 - 0;40
Cynthia's Garchomp;Festival Lead;18,52;5 - 22 - 0;27
Mega Greninja;Sharpedo Toxtricity;69,23;9 - 4 - 0;13
Mega Greninja;Mega Lucario;66,67;6 - 3 - 1;10
Mega Greninja;Festival Lead;60,0;15 - 10 - 0;25
Mega Greninja;Basic Box;54,72;29 - 24 - 0;53
Mega Greninja;Lopunny Dudunsparce;52,94;18 - 16 - 0;34
Mega Greninja;Mega Greninja;50,0;7 - 7 - 0;14
Mega Greninja;Crustle;48,39;15 - 16 - 0;31
Mega Greninja;Alakazam Dusknoir;47,62;10 - 11 - 0;21
Mega Greninja;Slowking;42,31;22 - 30 - 0;52
Mega Greninja;Dhelmise;39,39;13 - 20 - 0;33
Mega Greninja;Lucario Hariyama;36,67;11 - 19 - 0;30
Mega Greninja;Mega Excadrill;36,59;15 - 26 - 0;41
Mega Greninja;Dragapult Dusknoir;36,17;17 - 30 - 0;47
Mega Greninja;Dragapult;35,45;39 - 71 - 2;112
Mega Greninja;N's Zoroark;34,38;22 - 42 - 0;64
Mega Greninja;Dragapult Blaziken;32,35;11 - 23 - 1;35
Mega Greninja;Alakazam Dudunsparce;31,71;13 - 28 - 1;42
Mega Greninja;Cynthia's Garchomp;31,25;5 - 11 - 0;16
Mega Greninja;Lopunny Dusknoir;26,67;4 - 11 - 0;15
Mega Greninja;Ogerpon Meganium Hydrapple;13,64;3 - 19 - 0;22
Mega Lucario;Ogerpon Meganium Hydrapple;69,7;23 - 10 - 1;34
Mega Lucario;Mega Excadrill;66,67;40 - 20 - 0;60
Mega Lucario;Lucario Hariyama;63,89;23 - 13 - 2;38
Mega Lucario;N's Zoroark;62,5;40 - 24 - 1;65
Mega Lucario;Lopunny Dusknoir;58,33;7 - 5 - 0;12
Mega Lucario;Dragapult Blaziken;55,88;19 - 15 - 0;34
Mega Lucario;Sharpedo Toxtricity;54,84;17 - 14 - 2;33
Mega Lucario;Festival Lead;54,84;17 - 14 - 1;32
Mega Lucario;Cynthia's Garchomp;53,85;7 - 6 - 0;13
Mega Lucario;Mega Lucario;50,0;13 - 13 - 0;26
Mega Lucario;Dragapult;47,01;55 - 62 - 2;119
Mega Lucario;Alakazam Dusknoir;44,83;13 - 16 - 0;29
Mega Lucario;Crustle;44,12;15 - 19 - 0;34
Mega Lucario;Dragapult Dusknoir;43,4;23 - 30 - 0;53
Mega Lucario;Lopunny Dudunsparce;40,91;18 - 26 - 0;44
Mega Lucario;Alakazam Dudunsparce;40,74;22 - 32 - 0;54
Mega Lucario;Basic Box;38,98;23 - 36 - 1;60
Mega Lucario;Slowking;34,88;15 - 28 - 1;44
Mega Lucario;Mega Greninja;33,33;3 - 6 - 1;10
Mega Lucario;Dhelmise;10,64;5 - 42 - 0;47
Rocket's Honchkrow;Crustle;77,78;14 - 4 - 1;19
Rocket's Honchkrow;Mega Lucario;69,23;9 - 4 - 0;13
Rocket's Honchkrow;Lopunny Dusknoir;65,22;15 - 8 - 0;23
Rocket's Honchkrow;Alakazam Dudunsparce;63,64;35 - 20 - 0;55
Rocket's Honchkrow;Sharpedo Toxtricity;63,64;7 - 4 - 0;11
Rocket's Honchkrow;Mega Excadrill;63,27;31 - 18 - 2;51
Rocket's Honchkrow;Basic Box;62,12;41 - 25 - 0;66
Rocket's Honchkrow;Lucario Hariyama;61,29;19 - 12 - 0;31
Rocket's Honchkrow;Lopunny Dudunsparce;60,53;23 - 15 - 0;38
Rocket's Honchkrow;Mega Greninja;58,82;10 - 7 - 0;17
Rocket's Honchkrow;N's Zoroark;55,88;38 - 30 - 0;68
Rocket's Honchkrow;Dhelmise;52,78;19 - 17 - 1;37
Rocket's Honchkrow;Alakazam Dusknoir;51,85;14 - 13 - 0;27
Rocket's Honchkrow;Dragapult;49,6;62 - 63 - 3;128
Rocket's Honchkrow;Cynthia's Garchomp;48,28;14 - 15 - 0;29
Rocket's Honchkrow;Dragapult Dusknoir;46,48;33 - 38 - 3;74
Rocket's Honchkrow;Slowking;46,48;33 - 38 - 0;71
Rocket's Honchkrow;Ogerpon Meganium Hydrapple;42,86;9 - 12 - 1;22
Rocket's Honchkrow;Dragapult Blaziken;38,46;10 - 16 - 0;26
Rocket's Honchkrow;Festival Lead;20,0;5 - 20 - 1;26
Grimmsnarl Froslass;Dhelmise;70,21;33 - 14 - 1;48
Grimmsnarl Froslass;Festival Lead;62,5;15 - 9 - 0;24
Grimmsnarl Froslass;Alakazam Dusknoir;61,54;16 - 10 - 0;26
Grimmsnarl Froslass;Mega Lucario;61,11;11 - 7 - 0;18
Grimmsnarl Froslass;Crustle;57,89;11 - 8 - 1;20
Grimmsnarl Froslass;Mega Greninja;54,55;6 - 5 - 1;12
Grimmsnarl Froslass;Lopunny Dudunsparce;53,85;21 - 18 - 0;39
Grimmsnarl Froslass;Dragapult;51,72;60 - 56 - 0;116
Grimmsnarl Froslass;Alakazam Dudunsparce;51,22;21 - 20 - 0;41
Grimmsnarl Froslass;Cynthia's Garchomp;47,83;11 - 12 - 0;23
Grimmsnarl Froslass;Slowking;44,44;24 - 30 - 0;54
Grimmsnarl Froslass;Lopunny Dusknoir;44,44;8 - 10 - 0;18
Grimmsnarl Froslass;Dragapult Blaziken;43,48;10 - 13 - 0;23
Grimmsnarl Froslass;Sharpedo Toxtricity;41,67;10 - 14 - 0;24
Grimmsnarl Froslass;Lucario Hariyama;41,18;14 - 20 - 1;35
Grimmsnarl Froslass;Basic Box;40,35;23 - 34 - 0;57
Grimmsnarl Froslass;Ogerpon Meganium Hydrapple;39,39;13 - 20 - 1;34
Grimmsnarl Froslass;Mega Excadrill;38,64;17 - 27 - 1;45
Grimmsnarl Froslass;Dragapult Dusknoir;38,1;16 - 26 - 1;43
Grimmsnarl Froslass;N's Zoroark;37,25;19 - 32 - 0;51
Greninja;Mega Greninja;85,71;6 - 1 - 1;8
Greninja;Crustle;75,0;12 - 4 - 0;16
Greninja;Lopunny Dudunsparce;61,54;16 - 10 - 0;26
Greninja;Cynthia's Garchomp;61,54;8 - 5 - 0;13
Greninja;Slowking;60,53;23 - 15 - 0;38
Greninja;Alakazam Dudunsparce;59,38;19 - 13 - 2;34
Greninja;Alakazam Dusknoir;58,33;14 - 10 - 0;24
Greninja;Dragapult Blaziken;56,67;17 - 13 - 1;31
Greninja;Mega Lucario;54,55;6 - 5 - 0;11
Greninja;Dragapult;53,49;46 - 40 - 1;87
Greninja;N's Zoroark;50,0;22 - 22 - 0;44
Greninja;Festival Lead;47,06;8 - 9 - 0;17
Greninja;Basic Box;42,86;15 - 20 - 1;36
Greninja;Lopunny Dusknoir;42,86;6 - 8 - 0;14
Greninja;Mega Excadrill;41,18;14 - 20 - 0;34
Greninja;Dragapult Dusknoir;37,93;11 - 18 - 0;29
Greninja;Dhelmise;36,67;11 - 19 - 0;30
Greninja;Ogerpon Meganium Hydrapple;35,29;6 - 11 - 0;17
Greninja;Lucario Hariyama;30,0;6 - 14 - 0;20
Greninja;Sharpedo Toxtricity;23,53;4 - 13 - 0;17
Rocket's Mewtwo;Alakazam Dudunsparce;78,57;22 - 6 - 2;30
Rocket's Mewtwo;Sharpedo Toxtricity;75,0;9 - 3 - 0;12
Rocket's Mewtwo;N's Zoroark;72,41;21 - 8 - 0;29
Rocket's Mewtwo;Mega Lucario;69,23;9 - 4 - 0;13
Rocket's Mewtwo;Mega Greninja;57,14;4 - 3 - 0;7
Rocket's Mewtwo;Dhelmise;55,88;19 - 15 - 0;34
Rocket's Mewtwo;Cynthia's Garchomp;55,56;5 - 4 - 0;9
Rocket's Mewtwo;Lopunny Dusknoir;55,56;5 - 4 - 0;9
Rocket's Mewtwo;Crustle;50,0;9 - 9 - 0;18
Rocket's Mewtwo;Dragapult Dusknoir;46,67;14 - 16 - 1;31
Rocket's Mewtwo;Dragapult Blaziken;43,75;7 - 9 - 0;16
Rocket's Mewtwo;Dragapult;43,24;32 - 42 - 2;76
Rocket's Mewtwo;Slowking;43,24;16 - 21 - 0;37
Rocket's Mewtwo;Lucario Hariyama;42,86;12 - 16 - 1;29
Rocket's Mewtwo;Lopunny Dudunsparce;38,1;8 - 13 - 0;21
Rocket's Mewtwo;Mega Excadrill;36,84;7 - 12 - 0;19
Rocket's Mewtwo;Festival Lead;36,36;8 - 14 - 0;22
Rocket's Mewtwo;Basic Box;36,11;13 - 23 - 0;36
Rocket's Mewtwo;Ogerpon Meganium Hydrapple;35,71;5 - 9 - 1;15
Rocket's Mewtwo;Alakazam Dusknoir;35,71;5 - 9 - 0;14
Beedrill;Cynthia's Garchomp;85,71;6 - 1 - 0;7
Beedrill;Mega Greninja;72,73;8 - 3 - 0;11
Beedrill;Lopunny Dudunsparce;70,37;19 - 8 - 0;27
Beedrill;Basic Box;65,38;17 - 9 - 2;28
Beedrill;Mega Lucario;63,64;7 - 4 - 0;11
Beedrill;N's Zoroark;60,0;18 - 12 - 1;31
Beedrill;Ogerpon Meganium Hydrapple;53,33;8 - 7 - 1;16
Beedrill;Lucario Hariyama;50,0;7 - 7 - 0;14
Beedrill;Dragapult Dusknoir;48,15;13 - 14 - 1;28
Beedrill;Festival Lead;45,0;9 - 11 - 1;21
Beedrill;Alakazam Dudunsparce;43,48;10 - 13 - 0;23
Beedrill;Dragapult;41,94;26 - 36 - 1;63
Beedrill;Slowking;41,94;13 - 18 - 1;32
Beedrill;Dragapult Blaziken;41,18;7 - 10 - 0;17
Beedrill;Dhelmise;40,0;10 - 15 - 0;25
Beedrill;Sharpedo Toxtricity;40,0;8 - 12 - 0;20
Beedrill;Mega Excadrill;37,04;10 - 17 - 0;27
Beedrill;Alakazam Dusknoir;30,43;7 - 16 - 0;23
Beedrill;Lopunny Dusknoir;12,5;1 - 7 - 0;8
Beedrill;Crustle;0,0;0 - 12 - 1;13
Mew Box;Lucario Hariyama;66,67;8 - 4 - 1;13
Mew Box;Alakazam Dusknoir;60,0;9 - 6 - 0;15
Mew Box;Mega Greninja;60,0;3 - 2 - 0;5
Mew Box;Dragapult Blaziken;57,14;12 - 9 - 0;21
Mew Box;Festival Lead;57,14;8 - 6 - 1;15
Mew Box;Dragapult;56,0;28 - 22 - 1;51
Mew Box;Dhelmise;54,55;12 - 10 - 1;23
Mew Box;Dragapult Dusknoir;53,57;15 - 13 - 0;28
Mew Box;Ogerpon Meganium Hydrapple;50,0;7 - 7 - 0;14
Mew Box;Cynthia's Garchomp;50,0;3 - 3 - 0;6
Mew Box;Mega Excadrill;38,89;7 - 11 - 0;18
Mew Box;Lopunny Dudunsparce;38,1;8 - 13 - 0;21
Mew Box;Alakazam Dudunsparce;36,84;7 - 12 - 0;19
Mew Box;Slowking;33,33;8 - 16 - 0;24
Mew Box;Mega Lucario;33,33;3 - 6 - 0;9
Mew Box;Basic Box;31,58;6 - 13 - 0;19
Mew Box;N's Zoroark;29,63;8 - 19 - 1;28
Mew Box;Lopunny Dusknoir;22,22;2 - 7 - 0;9
Mew Box;Sharpedo Toxtricity;20,0;2 - 8 - 0;10
Mew Box;Crustle;16,67;3 - 15 - 0;18
Ogerpon Meganium Arboliva;Sharpedo Toxtricity;80,0;16 - 4 - 0;20
Ogerpon Meganium Arboliva;Cynthia's Garchomp;75,0;9 - 3 - 0;12
Ogerpon Meganium Arboliva;Lucario Hariyama;68,75;11 - 5 - 1;17
Ogerpon Meganium Arboliva;Mega Lucario;66,67;4 - 2 - 0;6
Ogerpon Meganium Arboliva;Slowking;64,29;18 - 10 - 2;30
Ogerpon Meganium Arboliva;Dragapult Dusknoir;64,0;16 - 9 - 1;26
Ogerpon Meganium Arboliva;N's Zoroark;62,5;25 - 15 - 0;40
Ogerpon Meganium Arboliva;Mega Excadrill;62,07;18 - 11 - 0;29
Ogerpon Meganium Arboliva;Festival Lead;60,0;9 - 6 - 0;15
Ogerpon Meganium Arboliva;Lopunny Dusknoir;58,33;7 - 5 - 0;12
Ogerpon Meganium Arboliva;Mega Greninja;55,56;5 - 4 - 0;9
Ogerpon Meganium Arboliva;Dhelmise;52,63;10 - 9 - 0;19
Ogerpon Meganium Arboliva;Dragapult;47,27;26 - 29 - 1;56
Ogerpon Meganium Arboliva;Basic Box;46,88;15 - 17 - 1;33
Ogerpon Meganium Arboliva;Dragapult Blaziken;46,67;7 - 8 - 1;16
Ogerpon Meganium Arboliva;Alakazam Dusknoir;44,44;4 - 5 - 1;10
Ogerpon Meganium Arboliva;Lopunny Dudunsparce;44,0;11 - 14 - 0;25
Ogerpon Meganium Arboliva;Ogerpon Meganium Hydrapple;41,67;10 - 14 - 0;24
Ogerpon Meganium Arboliva;Alakazam Dudunsparce;38,46;10 - 16 - 2;28
Ogerpon Meganium Arboliva;Crustle;27,27;3 - 8 - 0;11
Ethan's Typhlosion;Sharpedo Toxtricity;81,82;9 - 2 - 0;11
Ethan's Typhlosion;Mega Excadrill;80,95;17 - 4 - 0;21
Ethan's Typhlosion;Crustle;80,0;8 - 2 - 0;10
Ethan's Typhlosion;Ogerpon Meganium Hydrapple;80,0;8 - 2 - 0;10
Ethan's Typhlosion;Basic Box;68,18;15 - 7 - 0;22
Ethan's Typhlosion;Lopunny Dusknoir;60,0;3 - 2 - 0;5
Ethan's Typhlosion;Slowking;58,06;18 - 13 - 0;31
Ethan's Typhlosion;N's Zoroark;48,15;13 - 14 - 0;27
Ethan's Typhlosion;Lopunny Dudunsparce;46,67;7 - 8 - 1;16
Ethan's Typhlosion;Alakazam Dudunsparce;46,43;13 - 15 - 1;29
Ethan's Typhlosion;Cynthia's Garchomp;45,45;5 - 6 - 0;11
Ethan's Typhlosion;Dragapult;41,51;22 - 31 - 2;55
Ethan's Typhlosion;Mega Greninja;40,0;2 - 3 - 0;5
Ethan's Typhlosion;Alakazam Dusknoir;33,33;5 - 10 - 0;15
Ethan's Typhlosion;Dragapult Blaziken;30,77;4 - 9 - 0;13
Ethan's Typhlosion;Mega Lucario;28,57;2 - 5 - 0;7
Ethan's Typhlosion;Lucario Hariyama;26,32;5 - 14 - 0;19
Ethan's Typhlosion;Dragapult Dusknoir;25,93;7 - 20 - 0;27
Ethan's Typhlosion;Festival Lead;25,0;2 - 6 - 0;8
Ethan's Typhlosion;Dhelmise;22,22;4 - 14 - 0;18
Mega Starmie;Mega Greninja;81,82;9 - 2 - 0;11
Mega Starmie;Festival Lead;81,82;9 - 2 - 0;11
Mega Starmie;Lopunny Dusknoir;66,67;6 - 3 - 0;9
Mega Starmie;Basic Box;63,33;19 - 11 - 0;30
Mega Starmie;Lopunny Dudunsparce;63,16;12 - 7 - 0;19
Mega Starmie;Dragapult Blaziken;61,54;8 - 5 - 0;13
Mega Starmie;Dragapult Dusknoir;60,0;12 - 8 - 0;20
Mega Starmie;Sharpedo Toxtricity;54,55;6 - 5 - 0;11
Mega Starmie;Ogerpon Meganium Hydrapple;52,94;9 - 8 - 1;18
Mega Starmie;Slowking;52,0;13 - 12 - 0;25
Mega Starmie;Dhelmise;50,0;10 - 10 - 0;20
Mega Starmie;Crustle;50,0;5 - 5 - 0;10
Mega Starmie;Mega Lucario;50,0;3 - 3 - 0;6
Mega Starmie;Mega Excadrill;47,83;11 - 12 - 0;23
Mega Starmie;Alakazam Dudunsparce;44,83;13 - 16 - 0;29
Mega Starmie;N's Zoroark;42,86;15 - 20 - 0;35
Mega Starmie;Dragapult;33,96;18 - 35 - 0;53
Mega Starmie;Cynthia's Garchomp;33,33;2 - 4 - 0;6
Mega Starmie;Lucario Hariyama;21,43;3 - 11 - 0;14
Mega Starmie;Alakazam Dusknoir;12,5;1 - 7 - 0;8
Starmie Froslass;Mega Lucario;88,89;8 - 1 - 0;9
Starmie Froslass;Ogerpon Meganium Hydrapple;80,0;8 - 2 - 0;10
Starmie Froslass;Cynthia's Garchomp;63,64;7 - 4 - 0;11
Starmie Froslass;Festival Lead;62,5;5 - 3 - 0;8
Starmie Froslass;Basic Box;60,0;12 - 8 - 0;20
Starmie Froslass;Dhelmise;60,0;9 - 6 - 1;16
Starmie Froslass;Lucario Hariyama;58,82;10 - 7 - 0;17
Starmie Froslass;Dragapult Blaziken;57,89;11 - 8 - 2;21
Starmie Froslass;Slowking;55,56;10 - 8 - 2;20
Starmie Froslass;Dragapult;50,0;21 - 21 - 0;42
Starmie Froslass;Dragapult Dusknoir;50,0;12 - 12 - 0;24
Starmie Froslass;Mega Greninja;50,0;4 - 4 - 0;8
Starmie Froslass;Lopunny Dusknoir;50,0;3 - 3 - 0;6
Starmie Froslass;Crustle;50,0;2 - 2 - 0;4
Starmie Froslass;Lopunny Dudunsparce;47,06;8 - 9 - 0;17
Starmie Froslass;Alakazam Dusknoir;40,0;6 - 9 - 0;15
Starmie Froslass;Mega Excadrill;38,71;12 - 19 - 1;32
Starmie Froslass;Sharpedo Toxtricity;38,46;5 - 8 - 0;13
Starmie Froslass;Alakazam Dudunsparce;38,1;8 - 13 - 0;21
Starmie Froslass;N's Zoroark;38,1;8 - 13 - 0;21
Dragapult Dudunsparce;Festival Lead;85,71;6 - 1 - 0;7
Dragapult Dudunsparce;Alakazam Dudunsparce;70,0;14 - 6 - 1;21
Dragapult Dudunsparce;Mega Lucario;70,0;7 - 3 - 0;10
Dragapult Dudunsparce;Basic Box;68,0;17 - 8 - 1;26
Dragapult Dudunsparce;Dragapult Dusknoir;66,67;16 - 8 - 0;24
Dragapult Dudunsparce;Dragapult Blaziken;66,67;8 - 4 - 0;12
Dragapult Dudunsparce;N's Zoroark;57,69;15 - 11 - 0;26
Dragapult Dudunsparce;Cynthia's Garchomp;50,0;6 - 6 - 0;12
Dragapult Dudunsparce;Alakazam Dusknoir;50,0;4 - 4 - 0;8
Dragapult Dudunsparce;Mega Greninja;50,0;3 - 3 - 0;6
Dragapult Dudunsparce;Lopunny Dusknoir;50,0;3 - 3 - 0;6
Dragapult Dudunsparce;Mega Excadrill;47,83;11 - 12 - 2;25
Dragapult Dudunsparce;Crustle;44,44;4 - 5 - 0;9
Dragapult Dudunsparce;Sharpedo Toxtricity;44,44;4 - 5 - 0;9
Dragapult Dudunsparce;Ogerpon Meganium Hydrapple;43,75;7 - 9 - 0;16
Dragapult Dudunsparce;Slowking;42,86;6 - 8 - 1;15
Dragapult Dudunsparce;Dragapult;40,32;25 - 37 - 0;62
Dragapult Dudunsparce;Dhelmise;38,89;7 - 11 - 0;18
Dragapult Dudunsparce;Lopunny Dudunsparce;35,29;6 - 11 - 1;18
Dragapult Dudunsparce;Lucario Hariyama;16,67;1 - 5 - 0;6
Steven's Metagross;Alakazam Dusknoir;71,43;5 - 2 - 1;8
Steven's Metagross;Mega Lucario;71,43;5 - 2 - 0;7
Steven's Metagross;Mega Greninja;71,43;5 - 2 - 0;7
Steven's Metagross;Dragapult;55,56;25 - 20 - 0;45
Steven's Metagross;Sharpedo Toxtricity;53,85;7 - 6 - 0;13
Steven's Metagross;Dhelmise;53,33;8 - 7 - 1;16
Steven's Metagross;Ogerpon Meganium Hydrapple;50,0;9 - 9 - 0;18
Steven's Metagross;Slowking;47,37;9 - 10 - 0;19
Steven's Metagross;Mega Excadrill;46,67;7 - 8 - 1;16
Steven's Metagross;Lucario Hariyama;45,0;9 - 11 - 0;20
Steven's Metagross;Festival Lead;43,75;7 - 9 - 0;16
Steven's Metagross;Dragapult Blaziken;42,86;6 - 8 - 0;14
Steven's Metagross;Basic Box;42,11;8 - 11 - 0;19
Steven's Metagross;Alakazam Dudunsparce;41,67;10 - 14 - 1;25
Steven's Metagross;N's Zoroark;37,04;10 - 17 - 0;27
Steven's Metagross;Dragapult Dusknoir;31,82;7 - 15 - 0;22
Steven's Metagross;Lopunny Dudunsparce;29,41;5 - 12 - 0;17
Steven's Metagross;Crustle;25,0;3 - 9 - 0;12
Steven's Metagross;Cynthia's Garchomp;20,0;1 - 4 - 0;5
Steven's Metagross;Lopunny Dusknoir;14,29;1 - 6 - 0;7
Mega Chandelure;Lopunny Dusknoir;100,0;3 - 0 - 0;3
Mega Chandelure;Crustle;75,0;6 - 2 - 0;8
Mega Chandelure;Mega Excadrill;71,43;15 - 6 - 0;21
Mega Chandelure;Lucario Hariyama;66,67;10 - 5 - 0;15
Mega Chandelure;Dragapult;62,5;25 - 15 - 3;43
Mega Chandelure;Cynthia's Garchomp;57,14;4 - 3 - 0;7
Mega Chandelure;Dragapult Dusknoir;56,0;14 - 11 - 0;25
Mega Chandelure;Festival Lead;50,0;7 - 7 - 0;14
Mega Chandelure;Alakazam Dusknoir;50,0;7 - 7 - 0;14
Mega Chandelure;Ogerpon Meganium Hydrapple;47,06;8 - 9 - 1;18
Mega Chandelure;Mega Greninja;44,44;4 - 5 - 0;9
Mega Chandelure;Alakazam Dudunsparce;43,48;10 - 13 - 0;23
Mega Chandelure;Dhelmise;42,11;8 - 11 - 0;19
Mega Chandelure;Lopunny Dudunsparce;41,67;5 - 7 - 2;14
Mega Chandelure;N's Zoroark;38,1;8 - 13 - 1;22
Mega Chandelure;Slowking;38,1;8 - 13 - 0;21
Mega Chandelure;Basic Box;35,0;7 - 13 - 0;20
Mega Chandelure;Sharpedo Toxtricity;30,0;3 - 7 - 0;10
Mega Chandelure;Dragapult Blaziken;15,38;2 - 11 - 0;13
Mega Chandelure;Mega Lucario;0,0;0 - 3 - 0;3
Raging Bolt Ogerpon;Cynthia's Garchomp;80,0;4 - 1 - 0;5
Raging Bolt Ogerpon;Lucario Hariyama;76,92;10 - 3 - 0;13
Raging Bolt Ogerpon;Mega Greninja;62,5;5 - 3 - 1;9
Raging Bolt Ogerpon;Mega Excadrill;52,94;9 - 8 - 0;17
Raging Bolt Ogerpon;Dragapult Dusknoir;50,0;15 - 15 - 1;31
Raging Bolt Ogerpon;Ogerpon Meganium Hydrapple;50,0;9 - 9 - 0;18
Raging Bolt Ogerpon;Alakazam Dusknoir;50,0;2 - 2 - 0;4
Raging Bolt Ogerpon;Basic Box;48,15;13 - 14 - 0;27
Raging Bolt Ogerpon;Slowking;45,83;11 - 13 - 0;24
Raging Bolt Ogerpon;Dragapult;43,24;16 - 21 - 1;38
Raging Bolt Ogerpon;Dragapult Blaziken;42,86;6 - 8 - 0;14
Raging Bolt Ogerpon;Lopunny Dusknoir;41,67;5 - 7 - 0;12
Raging Bolt Ogerpon;Sharpedo Toxtricity;40,0;4 - 6 - 0;10
Raging Bolt Ogerpon;N's Zoroark;38,1;8 - 13 - 0;21
Raging Bolt Ogerpon;Crustle;37,5;3 - 5 - 0;8
Raging Bolt Ogerpon;Lopunny Dudunsparce;36,36;4 - 7 - 0;11
Raging Bolt Ogerpon;Dhelmise;33,33;5 - 10 - 1;16
Raging Bolt Ogerpon;Mega Lucario;33,33;2 - 4 - 0;6
Raging Bolt Ogerpon;Alakazam Dudunsparce;28,57;6 - 15 - 0;21
Raging Bolt Ogerpon;Festival Lead;16,67;1 - 5 - 0;6
Toxtricity Box;Lucario Hariyama;83,33;5 - 1 - 1;7
Toxtricity Box;Lopunny Dudunsparce;70,59;12 - 5 - 0;17
Toxtricity Box;Crustle;70,0;7 - 3 - 0;10
Toxtricity Box;Dhelmise;69,23;9 - 4 - 0;13
Toxtricity Box;Slowking;68,75;11 - 5 - 0;16
Toxtricity Box;Sharpedo Toxtricity;66,67;10 - 5 - 0;15
Toxtricity Box;Mega Lucario;66,67;6 - 3 - 1;10
Toxtricity Box;Mega Greninja;66,67;6 - 3 - 0;9
Toxtricity Box;Lopunny Dusknoir;60,0;3 - 2 - 0;5
Toxtricity Box;Festival Lead;54,55;6 - 5 - 0;11
Toxtricity Box;Dragapult Dusknoir;52,17;12 - 11 - 0;23
Toxtricity Box;Cynthia's Garchomp;50,0;2 - 2 - 0;4
Toxtricity Box;Dragapult;47,73;21 - 23 - 1;45
Toxtricity Box;Basic Box;47,37;9 - 10 - 0;19
Toxtricity Box;Mega Excadrill;47,06;8 - 9 - 0;17
Toxtricity Box;Alakazam Dudunsparce;36,84;7 - 12 - 1;20
Toxtricity Box;Dragapult Blaziken;33,33;4 - 8 - 0;12
Toxtricity Box;Ogerpon Meganium Hydrapple;31,25;5 - 11 - 0;16
Toxtricity Box;N's Zoroark;28,57;8 - 20 - 0;28
Toxtricity Box;Alakazam Dusknoir;28,57;2 - 5 - 0;7
Hop's Trevenant;Crustle;84,62;11 - 2 - 0;13
Hop's Trevenant;Lucario Hariyama;75,0;6 - 2 - 0;8
Hop's Trevenant;Alakazam Dusknoir;63,16;12 - 7 - 0;19
Hop's Trevenant;Cynthia's Garchomp;62,5;5 - 3 - 0;8
Hop's Trevenant;Lopunny Dusknoir;55,56;5 - 4 - 0;9
Hop's Trevenant;Slowking;55,0;11 - 9 - 1;21
Hop's Trevenant;Mega Excadrill;50,0;10 - 10 - 0;20
Hop's Trevenant;Dragapult Dusknoir;45,0;9 - 11 - 0;20
Hop's Trevenant;Alakazam Dudunsparce;43,75;7 - 9 - 0;16
Hop's Trevenant;Ogerpon Meganium Hydrapple;43,75;7 - 9 - 0;16
Hop's Trevenant;Dragapult Blaziken;42,86;3 - 4 - 0;7
Hop's Trevenant;Sharpedo Toxtricity;40,0;4 - 6 - 0;10
Hop's Trevenant;Mega Lucario;40,0;2 - 3 - 0;5
Hop's Trevenant;Basic Box;38,46;5 - 8 - 1;14
Hop's Trevenant;Festival Lead;38,46;5 - 8 - 0;13
Hop's Trevenant;Dhelmise;36,36;4 - 7 - 0;11
Hop's Trevenant;N's Zoroark;33,33;9 - 18 - 0;27
Hop's Trevenant;Lopunny Dudunsparce;33,33;4 - 8 - 0;12
Hop's Trevenant;Dragapult;29,41;15 - 36 - 2;53
Hop's Trevenant;Mega Greninja;25,0;1 - 3 - 0;4
Seaking Festival Lead;Crustle;76,92;10 - 3 - 0;13
Seaking Festival Lead;Festival Lead;70,0;7 - 3 - 0;10
Seaking Festival Lead;Basic Box;66,67;10 - 5 - 0;15
Seaking Festival Lead;Lopunny Dudunsparce;66,67;8 - 4 - 0;12
Seaking Festival Lead;Alakazam Dusknoir;66,67;4 - 2 - 0;6
Seaking Festival Lead;Lucario Hariyama;61,54;8 - 5 - 0;13
Seaking Festival Lead;N's Zoroark;55,56;10 - 8 - 1;19
Seaking Festival Lead;Alakazam Dudunsparce;50,0;13 - 13 - 1;27
Seaking Festival Lead;Mega Lucario;50,0;3 - 3 - 0;6
Seaking Festival Lead;Dhelmise;46,67;7 - 8 - 0;15
Seaking Festival Lead;Dragapult;45,45;15 - 18 - 3;36
Seaking Festival Lead;Dragapult Dusknoir;43,48;10 - 13 - 0;23
Seaking Festival Lead;Lopunny Dusknoir;42,86;6 - 8 - 0;14
Seaking Festival Lead;Mega Excadrill;41,67;10 - 14 - 0;24
Seaking Festival Lead;Mega Greninja;40,0;2 - 3 - 0;5
Seaking Festival Lead;Ogerpon Meganium Hydrapple;33,33;3 - 6 - 0;9
Seaking Festival Lead;Sharpedo Toxtricity;33,33;1 - 2 - 0;3
Seaking Festival Lead;Slowking;32,0;8 - 17 - 0;25
Seaking Festival Lead;Dragapult Blaziken;25,0;2 - 6 - 0;8
Seaking Festival Lead;Cynthia's Garchomp;20,0;1 - 4 - 1;6
Mega Venusaur;Crustle;75,0;3 - 1 - 1;5
Mega Venusaur;Mega Excadrill;73,91;17 - 6 - 0;23
Mega Venusaur;Sharpedo Toxtricity;70,0;7 - 3 - 0;10
Mega Venusaur;N's Zoroark;63,16;12 - 7 - 0;19
Mega Venusaur;Cynthia's Garchomp;60,0;3 - 2 - 0;5
Mega Venusaur;Lopunny Dusknoir;57,14;4 - 3 - 0;7
Mega Venusaur;Mega Greninja;50,0;2 - 2 - 0;4
Mega Venusaur;Lopunny Dudunsparce;45,45;5 - 6 - 0;11
Mega Venusaur;Slowking;45,0;9 - 11 - 0;20
Mega Venusaur;Alakazam Dudunsparce;42,11;8 - 11 - 0;19
Mega Venusaur;Ogerpon Meganium Hydrapple;40,0;2 - 3 - 0;5
Mega Venusaur;Dragapult;38,46;15 - 24 - 1;40
Mega Venusaur;Lucario Hariyama;37,5;6 - 10 - 0;16
Mega Venusaur;Dragapult Dusknoir;37,5;6 - 10 - 0;16
Mega Venusaur;Basic Box;36,84;7 - 12 - 0;19
Mega Venusaur;Dhelmise;33,33;4 - 8 - 0;12
Mega Venusaur;Festival Lead;33,33;4 - 8 - 0;12
Mega Venusaur;Alakazam Dusknoir;33,33;2 - 4 - 0;6
Mega Venusaur;Mega Lucario;25,0;2 - 6 - 0;8
Mega Venusaur;Dragapult Blaziken;16,67;2 - 10 - 0;12
Gengar;Festival Lead;80,0;8 - 2 - 0;10
Gengar;Lopunny Dusknoir;80,0;4 - 1 - 0;5
Gengar;Ogerpon Meganium Hydrapple;75,0;3 - 1 - 0;4
Gengar;Mega Greninja;60,0;3 - 2 - 0;5
Gengar;Basic Box;53,85;7 - 6 - 0;13
Gengar;N's Zoroark;42,86;6 - 8 - 0;14
Gengar;Mega Excadrill;41,67;5 - 7 - 0;12
Gengar;Cynthia's Garchomp;40,0;2 - 3 - 0;5
Gengar;Dhelmise;38,46;5 - 8 - 0;13
Gengar;Slowking;36,84;7 - 12 - 0;19
Gengar;Dragapult;36,67;11 - 19 - 0;30
Gengar;Alakazam Dusknoir;36,36;4 - 7 - 0;11
Gengar;Alakazam Dudunsparce;33,33;4 - 8 - 1;13
Gengar;Lopunny Dudunsparce;30,0;3 - 7 - 0;10
Gengar;Lucario Hariyama;28,57;2 - 5 - 0;7
Gengar;Dragapult Dusknoir;27,27;6 - 16 - 0;22
Gengar;Crustle;18,18;2 - 9 - 0;11
Gengar;Dragapult Blaziken;12,5;1 - 7 - 0;8
Toucannon;Cynthia's Garchomp;66,67;2 - 1 - 0;3
Toucannon;Mega Excadrill;57,89;11 - 8 - 1;20
Toucannon;Lucario Hariyama;57,14;4 - 3 - 0;7
Toucannon;N's Zoroark;50,0;10 - 10 - 0;20
Toucannon;Sharpedo Toxtricity;42,86;3 - 4 - 1;8
Toucannon;Ogerpon Meganium Hydrapple;42,86;3 - 4 - 0;7
Toucannon;Alakazam Dusknoir;40,0;4 - 6 - 0;10
Toucannon;Crustle;40,0;2 - 3 - 0;5
Toucannon;Alakazam Dudunsparce;38,1;8 - 13 - 0;21
Toucannon;Dhelmise;37,5;6 - 10 - 0;16
Toucannon;Dragapult Dusknoir;35,71;5 - 9 - 0;14
Toucannon;Dragapult;35,0;7 - 13 - 0;20
Toucannon;Festival Lead;33,33;3 - 6 - 0;9
Toucannon;Slowking;30,0;6 - 14 - 0;20
Toucannon;Basic Box;26,67;4 - 11 - 0;15
Toucannon;Lopunny Dusknoir;25,0;2 - 6 - 0;8
Toucannon;Dragapult Blaziken;22,22;2 - 7 - 0;9
Toucannon;Lopunny Dudunsparce;0,0;0 - 5 - 0;5
Starmie Dusknoir;Festival Lead;100,0;3 - 0 - 0;3
Starmie Dusknoir;Dhelmise;71,43;5 - 2 - 0;7
Starmie Dusknoir;Crustle;66,67;8 - 4 - 0;12
Starmie Dusknoir;Lucario Hariyama;66,67;2 - 1 - 0;3
Starmie Dusknoir;Alakazam Dusknoir;62,5;5 - 3 - 0;8
Starmie Dusknoir;Cynthia's Garchomp;60,0;3 - 2 - 0;5
Starmie Dusknoir;Slowking;50,0;7 - 7 - 0;14
Starmie Dusknoir;Alakazam Dudunsparce;46,15;6 - 7 - 0;13
Starmie Dusknoir;Dragapult Dusknoir;45,45;5 - 6 - 0;11
Starmie Dusknoir;Dragapult Blaziken;45,45;5 - 6 - 0;11
Starmie Dusknoir;Mega Excadrill;40,0;6 - 9 - 0;15
Starmie Dusknoir;Lopunny Dudunsparce;40,0;6 - 9 - 0;15
Starmie Dusknoir;Sharpedo Toxtricity;40,0;2 - 3 - 0;5
Starmie Dusknoir;Dragapult;33,33;9 - 18 - 0;27
Starmie Dusknoir;Ogerpon Meganium Hydrapple;33,33;5 - 10 - 0;15
Starmie Dusknoir;Mega Greninja;33,33;1 - 2 - 0;3
Starmie Dusknoir;N's Zoroark;30,77;4 - 9 - 0;13
Starmie Dusknoir;Basic Box;22,22;4 - 14 - 0;18
Starmie Dusknoir;Lopunny Dusknoir;0,0;0 - 3 - 1;4
Manectric Eelektrik;Dhelmise;87,5;7 - 1 - 0;8
Manectric Eelektrik;Basic Box;75,0;9 - 3 - 0;12
Manectric Eelektrik;Ogerpon Meganium Hydrapple;50,0;5 - 5 - 0;10
Manectric Eelektrik;Festival Lead;50,0;4 - 4 - 0;8
Manectric Eelektrik;Lopunny Dusknoir;50,0;2 - 2 - 0;4
Manectric Eelektrik;Slowking;45,45;5 - 6 - 1;12
Manectric Eelektrik;Mega Excadrill;44,44;8 - 10 - 0;18
Manectric Eelektrik;Alakazam Dusknoir;42,86;3 - 4 - 0;7
Manectric Eelektrik;Dragapult Blaziken;42,86;3 - 4 - 0;7
Manectric Eelektrik;Mega Lucario;28,57;2 - 5 - 0;7
Manectric Eelektrik;Dragapult Dusknoir;27,27;3 - 8 - 0;11
Manectric Eelektrik;Lucario Hariyama;16,67;1 - 5 - 0;6
Manectric Eelektrik;Dragapult;15,79;3 - 16 - 0;19
Manectric Eelektrik;Alakazam Dudunsparce;15,38;2 - 11 - 0;13
Manectric Eelektrik;N's Zoroark;14,29;2 - 12 - 0;14
Manectric Eelektrik;Lopunny Dudunsparce;11,11;1 - 8 - 0;9
Manectric Eelektrik;Cynthia's Garchomp;0,0;0 - 5 - 0;5
Manectric Eelektrik;Crustle;0,0;0 - 2 - 1;3
Mega Absol Box;Crustle;83,33;5 - 1 - 0;6
Mega Absol Box;Dhelmise;77,78;7 - 2 - 0;9
Mega Absol Box;Alakazam Dudunsparce;70,0;7 - 3 - 0;10
Mega Absol Box;Dragapult Dusknoir;63,64;7 - 4 - 0;11
Mega Absol Box;Alakazam Dusknoir;60,0;6 - 4 - 0;10
Mega Absol Box;Lucario Hariyama;57,14;4 - 3 - 0;7
Mega Absol Box;Dragapult;50,0;10 - 10 - 0;20
Mega Absol Box;Festival Lead;50,0;3 - 3 - 0;6
Mega Absol Box;Lopunny Dudunsparce;42,86;3 - 4 - 0;7
Mega Absol Box;Slowking;35,71;5 - 9 - 0;14
Mega Absol Box;Sharpedo Toxtricity;33,33;2 - 4 - 0;6
Mega Absol Box;Mega Excadrill;33,33;2 - 4 - 0;6
Mega Absol Box;Dragapult Blaziken;30,0;3 - 7 - 0;10
Mega Absol Box;Basic Box;28,57;2 - 5 - 0;7
Mega Absol Box;Lopunny Dusknoir;28,57;2 - 5 - 0;7
Mega Absol Box;Ogerpon Meganium Hydrapple;12,5;1 - 7 - 0;8
Mega Absol Box;N's Zoroark;7,14;1 - 13 - 0;14
Mega Absol Box;Mega Lucario;0,0;0 - 3 - 0;3
Ceruledge;Lopunny Dusknoir;100,0;4 - 0 - 0;4
Ceruledge;Mega Excadrill;87,5;7 - 1 - 0;8
Ceruledge;Dragapult Blaziken;75,0;3 - 1 - 0;4
Ceruledge;Mega Lucario;71,43;5 - 2 - 0;7
Ceruledge;Lopunny Dudunsparce;71,43;5 - 2 - 0;7
Ceruledge;N's Zoroark;60,0;9 - 6 - 0;15
Ceruledge;Lucario Hariyama;60,0;3 - 2 - 0;5
Ceruledge;Sharpedo Toxtricity;57,14;4 - 3 - 0;7
Ceruledge;Ogerpon Meganium Hydrapple;57,14;4 - 3 - 0;7
Ceruledge;Basic Box;52,63;10 - 9 - 0;19
Ceruledge;Dhelmise;50,0;4 - 4 - 0;8
Ceruledge;Festival Lead;33,33;2 - 4 - 0;6
Ceruledge;Alakazam Dusknoir;28,57;2 - 5 - 0;7
Ceruledge;Dragapult;26,67;4 - 11 - 0;15
Ceruledge;Dragapult Dusknoir;25,0;2 - 6 - 0;8
Ceruledge;Cynthia's Garchomp;25,0;1 - 3 - 0;4
Ceruledge;Slowking;23,53;4 - 13 - 0;17
Ceruledge;Alakazam Dudunsparce;22,22;2 - 7 - 0;9
Ceruledge;Crustle;0,0;0 - 5 - 0;5
Mega Darkrai;Mega Greninja;75,0;3 - 1 - 0;4
Mega Darkrai;Mega Excadrill;60,0;3 - 2 - 0;5
Mega Darkrai;Dragapult Dusknoir;55,56;5 - 4 - 0;9
Mega Darkrai;Sharpedo Toxtricity;50,0;2 - 2 - 0;4
Mega Darkrai;N's Zoroark;40,0;2 - 3 - 0;5
Mega Darkrai;Alakazam Dusknoir;40,0;2 - 3 - 0;5
Mega Darkrai;Crustle;33,33;1 - 2 - 0;3
Mega Darkrai;Lucario Hariyama;33,33;1 - 2 - 0;3
Mega Darkrai;Alakazam Dudunsparce;28,57;2 - 5 - 0;7
Mega Darkrai;Slowking;27,27;3 - 8 - 0;11
Mega Darkrai;Cynthia's Garchomp;25,0;1 - 3 - 0;4
Mega Darkrai;Lopunny Dudunsparce;16,67;1 - 5 - 0;6
Mega Darkrai;Dragapult;7,14;1 - 13 - 0;14
Mega Darkrai;Basic Box;0,0;0 - 3 - 0;3
Clefairy Ogerpon;Dhelmise;100,0;6 - 0 - 0;6
Clefairy Ogerpon;Mega Lucario;75,0;3 - 1 - 0;4
Clefairy Ogerpon;Sharpedo Toxtricity;66,67;2 - 1 - 0;3
Clefairy Ogerpon;Dragapult;62,5;10 - 6 - 0;16
Clefairy Ogerpon;Festival Lead;60,0;3 - 2 - 0;5
Clefairy Ogerpon;Mega Greninja;60,0;3 - 2 - 0;5
Clefairy Ogerpon;Dragapult Dusknoir;57,14;8 - 6 - 0;14
Clefairy Ogerpon;Basic Box;57,14;4 - 3 - 0;7
Clefairy Ogerpon;Mega Excadrill;50,0;5 - 5 - 0;10
Clefairy Ogerpon;Lopunny Dusknoir;42,86;3 - 4 - 0;7
Clefairy Ogerpon;N's Zoroark;40,0;4 - 6 - 0;10
Clefairy Ogerpon;Crustle;33,33;2 - 4 - 0;6
Clefairy Ogerpon;Ogerpon Meganium Hydrapple;33,33;1 - 2 - 0;3
Clefairy Ogerpon;Slowking;30,0;3 - 7 - 0;10
Clefairy Ogerpon;Alakazam Dudunsparce;18,75;3 - 13 - 0;16
Clefairy Ogerpon;Lopunny Dudunsparce;11,11;1 - 8 - 1;10
Clefairy Ogerpon;Alakazam Dusknoir;0,0;0 - 4 - 0;4
Kangaskhan Bouffalant;Dhelmise;87,5;7 - 1 - 1;9
Kangaskhan Bouffalant;Festival Lead;80,0;4 - 1 - 0;5
Kangaskhan Bouffalant;Dragapult Blaziken;75,0;3 - 1 - 0;4
Kangaskhan Bouffalant;Slowking;71,43;5 - 2 - 1;8
Kangaskhan Bouffalant;Dragapult;58,82;10 - 7 - 1;18
Kangaskhan Bouffalant;Alakazam Dusknoir;57,14;4 - 3 - 0;7
Kangaskhan Bouffalant;Basic Box;55,56;5 - 4 - 0;9
Kangaskhan Bouffalant;Mega Excadrill;41,67;5 - 7 - 0;12
Kangaskhan Bouffalant;Dragapult Dusknoir;41,18;7 - 10 - 0;17
Kangaskhan Bouffalant;N's Zoroark;25,0;3 - 9 - 0;12
Kangaskhan Bouffalant;Alakazam Dudunsparce;25,0;2 - 6 - 0;8
Kangaskhan Bouffalant;Sharpedo Toxtricity;25,0;1 - 3 - 0;4
Kangaskhan Bouffalant;Cynthia's Garchomp;25,0;1 - 3 - 0;4
Kangaskhan Bouffalant;Ogerpon Meganium Hydrapple;0,0;0 - 5 - 0;5
Kangaskhan Bouffalant;Crustle;0,0;0 - 4 - 0;4
Kangaskhan Bouffalant;Lucario Hariyama;0,0;0 - 4 - 0;4
Kangaskhan Bouffalant;Mega Greninja;0,0;0 - 3 - 0;3
Mega Charizard X;Mega Excadrill;50,0;5 - 5 - 0;10
Mega Charizard X;Dragapult;50,0;5 - 5 - 0;10
Mega Charizard X;Sharpedo Toxtricity;40,0;2 - 3 - 0;5
Mega Charizard X;N's Zoroark;33,33;2 - 4 - 0;6
Mega Charizard X;Mega Lucario;33,33;2 - 4 - 0;6
Mega Charizard X;Lucario Hariyama;33,33;1 - 2 - 0;3
Mega Charizard X;Dragapult Blaziken;33,33;1 - 2 - 0;3
Mega Charizard X;Dhelmise;33,33;1 - 2 - 0;3
Mega Charizard X;Lopunny Dusknoir;33,33;1 - 2 - 0;3
Mega Charizard X;Alakazam Dusknoir;28,57;2 - 5 - 0;7
Mega Charizard X;Slowking;20,0;2 - 8 - 0;10
Mega Charizard X;Alakazam Dudunsparce;0,0;0 - 5 - 0;5
Mega Charizard X;Dragapult Dusknoir;0,0;0 - 4 - 0;4
Mega Charizard X;Basic Box;0,0;0 - 4 - 0;4
Mega Charizard X;Ogerpon Meganium Hydrapple;0,0;0 - 3 - 0;3
Cinccino;Lopunny Dudunsparce;100,0;4 - 0 - 0;4
Cinccino;Festival Lead;71,43;5 - 2 - 0;7
Cinccino;Mega Excadrill;66,67;4 - 2 - 0;6
Cinccino;Ogerpon Meganium Hydrapple;66,67;4 - 2 - 0;6
Cinccino;Mega Lucario;62,5;5 - 3 - 0;8
Cinccino;Dhelmise;60,0;3 - 2 - 0;5
Cinccino;Alakazam Dudunsparce;60,0;3 - 2 - 0;5
Cinccino;Dragapult;58,33;14 - 10 - 0;24
Cinccino;Basic Box;46,15;6 - 7 - 0;13
Cinccino;Slowking;44,44;4 - 5 - 0;9
Cinccino;Dragapult Blaziken;42,86;3 - 4 - 0;7
Cinccino;N's Zoroark;40,0;4 - 6 - 0;10
Cinccino;Lucario Hariyama;40,0;2 - 3 - 0;5
Cinccino;Cynthia's Garchomp;33,33;1 - 2 - 0;3
Cinccino;Alakazam Dusknoir;33,33;1 - 2 - 0;3
Cinccino;Dragapult Dusknoir;30,0;3 - 7 - 0;10
Cinccino;Lopunny Dusknoir;25,0;1 - 3 - 0;4
Cinccino;Sharpedo Toxtricity;25,0;1 - 3 - 0;4
Ogerpon Meganium;Basic Box;85,71;6 - 1 - 0;7
Ogerpon Meganium;Lucario Hariyama;71,43;5 - 2 - 0;7
Ogerpon Meganium;Festival Lead;66,67;2 - 1 - 0;3
Ogerpon Meganium;Mega Excadrill;60,0;3 - 2 - 1;6
Ogerpon Meganium;Crustle;60,0;3 - 2 - 0;5
Ogerpon Meganium;N's Zoroark;53,33;8 - 7 - 0;15
Ogerpon Meganium;Cynthia's Garchomp;50,0;2 - 2 - 0;4
Ogerpon Meganium;Dhelmise;42,86;3 - 4 - 0;7
Ogerpon Meganium;Slowking;37,5;3 - 5 - 0;8
Ogerpon Meganium;Dragapult;33,33;5 - 10 - 0;15
Ogerpon Meganium;Lopunny Dusknoir;33,33;1 - 2 - 0;3
Ogerpon Meganium;Dragapult Dusknoir;30,0;3 - 7 - 0;10
Ogerpon Meganium;Lopunny Dudunsparce;20,0;1 - 4 - 0;5
Ogerpon Meganium;Alakazam Dudunsparce;11,11;1 - 8 - 0;9
Ogerpon Meganium;Alakazam Dusknoir;0,0;0 - 3 - 0;3
Hydreigon;Festival Lead;75,0;3 - 1 - 0;4
Hydreigon;Slowking;66,67;6 - 3 - 0;9
Hydreigon;Lucario Hariyama;66,67;2 - 1 - 0;3
Hydreigon;Mega Lucario;50,0;3 - 3 - 0;6
Hydreigon;Basic Box;50,0;1 - 1 - 1;3
Hydreigon;N's Zoroark;42,86;3 - 4 - 0;7
Hydreigon;Alakazam Dusknoir;40,0;2 - 3 - 0;5
Hydreigon;Mega Excadrill;40,0;2 - 3 - 0;5
Hydreigon;Dragapult;38,46;5 - 8 - 0;13
Hydreigon;Mega Greninja;33,33;1 - 2 - 0;3
Hydreigon;Dragapult Dusknoir;28,57;2 - 5 - 0;7
Hydreigon;Sharpedo Toxtricity;25,0;1 - 3 - 0;4
Hydreigon;Alakazam Dudunsparce;16,67;2 - 10 - 0;12
Hydreigon;Crustle;0,0;0 - 6 - 0;6
Marnie's Grimmsnarl;Dhelmise;75,0;3 - 1 - 0;4
Marnie's Grimmsnarl;Alakazam Dudunsparce;66,67;4 - 2 - 0;6
Marnie's Grimmsnarl;Dragapult Dusknoir;57,14;4 - 3 - 0;7
Marnie's Grimmsnarl;Slowking;50,0;5 - 5 - 0;10
Marnie's Grimmsnarl;Sharpedo Toxtricity;40,0;2 - 3 - 0;5
Marnie's Grimmsnarl;Lopunny Dudunsparce;40,0;2 - 3 - 0;5
Marnie's Grimmsnarl;N's Zoroark;38,46;5 - 8 - 0;13
Marnie's Grimmsnarl;Mega Excadrill;37,5;3 - 5 - 0;8
Marnie's Grimmsnarl;Dragapult;35,71;5 - 9 - 0;14
Marnie's Grimmsnarl;Lucario Hariyama;33,33;1 - 2 - 0;3
Marnie's Grimmsnarl;Festival Lead;25,0;1 - 3 - 0;4
Marnie's Grimmsnarl;Crustle;0,0;0 - 3 - 0;3
Marnie's Grimmsnarl;Basic Box;0,0;0 - 3 - 0;3
Doublade;Mega Excadrill;100,0;3 - 0 - 0;3
Doublade;Dragapult;54,55;6 - 5 - 0;11
Doublade;N's Zoroark;50,0;4 - 4 - 0;8
Doublade;Slowking;50,0;2 - 2 - 0;4
Doublade;Cynthia's Garchomp;33,33;1 - 2 - 0;3
Doublade;Basic Box;25,0;2 - 6 - 0;8
Doublade;Mega Lucario;25,0;1 - 3 - 1;5
Doublade;Dragapult Dusknoir;20,0;1 - 4 - 0;5
Doublade;Alakazam Dudunsparce;18,18;2 - 9 - 0;11
Doublade;Dhelmise;16,67;1 - 5 - 0;6
Doublade;Lucario Hariyama;0,0;0 - 4 - 0;4
Doublade;Alakazam Dusknoir;0,0;0 - 4 - 0;4
Doublade;Festival Lead;0,0;0 - 3 - 0;3
Okidogi Barbaracle;Ogerpon Meganium Hydrapple;100,0;6 - 0 - 0;6
Okidogi Barbaracle;Sharpedo Toxtricity;100,0;5 - 0 - 0;5
Okidogi Barbaracle;Mega Excadrill;100,0;3 - 0 - 1;4
Okidogi Barbaracle;Lopunny Dusknoir;100,0;3 - 0 - 0;3
Okidogi Barbaracle;Basic Box;90,0;9 - 1 - 0;10
Okidogi Barbaracle;Slowking;87,5;7 - 1 - 0;8
Okidogi Barbaracle;Lopunny Dudunsparce;75,0;6 - 2 - 0;8
Okidogi Barbaracle;Dragapult Dusknoir;58,33;7 - 5 - 0;12
Okidogi Barbaracle;Dhelmise;54,55;6 - 5 - 0;11
Okidogi Barbaracle;Alakazam Dudunsparce;44,44;4 - 5 - 0;9
Okidogi Barbaracle;Lucario Hariyama;33,33;1 - 2 - 0;3
Okidogi Barbaracle;Dragapult;30,0;6 - 14 - 3;23
Okidogi Barbaracle;N's Zoroark;30,0;3 - 7 - 0;10
Okidogi Barbaracle;Dragapult Blaziken;0,0;0 - 3 - 0;3
Okidogi Barbaracle;Alakazam Dusknoir;0,0;0 - 3 - 0;3
Toxtricity;Dhelmise;60,0;3 - 2 - 0;5
Toxtricity;Dragapult Dusknoir;60,0;3 - 2 - 0;5
Toxtricity;Dragapult;50,0;5 - 5 - 0;10
Toxtricity;Alakazam Dudunsparce;44,44;4 - 5 - 0;9
Toxtricity;Slowking;33,33;4 - 8 - 0;12
Toxtricity;Dragapult Blaziken;33,33;2 - 4 - 0;6
Toxtricity;Crustle;33,33;1 - 2 - 0;3
Toxtricity;Lopunny Dudunsparce;28,57;2 - 5 - 0;7
Toxtricity;Basic Box;28,57;2 - 5 - 0;7
Toxtricity;Lopunny Dusknoir;25,0;1 - 3 - 0;4
Toxtricity;N's Zoroark;22,22;2 - 7 - 1;10
Toxtricity;Mega Excadrill;0,0;0 - 7 - 0;7
Mega Dragonite;Lopunny Dudunsparce;80,0;4 - 1 - 0;5
Mega Dragonite;Dragapult Dusknoir;75,0;3 - 1 - 0;4
Mega Dragonite;N's Zoroark;71,43;5 - 2 - 0;7
Mega Dragonite;Alakazam Dusknoir;60,0;3 - 2 - 0;5
Mega Dragonite;Dragapult;58,33;7 - 5 - 0;12
Mega Dragonite;Basic Box;41,67;5 - 7 - 0;12
Mega Dragonite;Mega Excadrill;33,33;1 - 2 - 0;3
Mega Dragonite;Dragapult Blaziken;33,33;1 - 2 - 0;3
Mega Dragonite;Slowking;33,33;1 - 2 - 0;3
Mega Dragonite;Dhelmise;33,33;1 - 2 - 0;3
Mega Dragonite;Alakazam Dudunsparce;0,0;0 - 3 - 0;3
Lillie's Clefairy;Dragapult;75,0;6 - 2 - 0;8
Lillie's Clefairy;Dragapult Blaziken;75,0;3 - 1 - 0;4
Lillie's Clefairy;Slowking;50,0;3 - 3 - 0;6
Lillie's Clefairy;Dhelmise;50,0;2 - 2 - 0;4
Lillie's Clefairy;Mega Excadrill;33,33;2 - 4 - 0;6
Lillie's Clefairy;Alakazam Dusknoir;33,33;1 - 2 - 0;3
Lillie's Clefairy;Lopunny Dusknoir;33,33;1 - 2 - 0;3
Lillie's Clefairy;Alakazam Dudunsparce;20,0;1 - 4 - 0;5
Lillie's Clefairy;Crustle;16,67;1 - 5 - 0;6
Lillie's Clefairy;Basic Box;11,11;1 - 8 - 0;9
Lillie's Clefairy;N's Zoroark;0,0;0 - 6 - 0;6
Lillie's Clefairy;Lopunny Dudunsparce;0,0;0 - 2 - 1;3
Froslass Munkidori;N's Zoroark;66,67;2 - 1 - 0;3
Froslass Munkidori;Alakazam Dudunsparce;40,0;2 - 3 - 0;5
Froslass Munkidori;Lucario Hariyama;33,33;1 - 2 - 0;3
Froslass Munkidori;Crustle;33,33;1 - 2 - 0;3
Froslass Munkidori;Basic Box;25,0;1 - 3 - 0;4
Froslass Munkidori;Dhelmise;25,0;1 - 3 - 0;4
Froslass Munkidori;Sharpedo Toxtricity;25,0;1 - 3 - 0;4
Froslass Munkidori;Dragapult;12,5;1 - 7 - 0;8
Froslass Munkidori;Slowking;0,0;0 - 3 - 0;3
Mega Camerupt;Mega Excadrill;75,0;3 - 1 - 1;5
Mega Camerupt;Slowking;66,67;2 - 1 - 0;3
Mega Camerupt;N's Zoroark;62,5;5 - 3 - 0;8
Mega Camerupt;Dragapult Dusknoir;60,0;3 - 2 - 0;5
Mega Camerupt;Basic Box;50,0;3 - 3 - 0;6
Mega Camerupt;Dragapult;42,86;3 - 4 - 1;8
Mega Camerupt;Crustle;40,0;2 - 3 - 0;5
Mega Camerupt;Dhelmise;33,33;2 - 4 - 0;6
Mega Camerupt;Alakazam Dudunsparce;33,33;1 - 2 - 0;3
Mega Camerupt;Ogerpon Meganium Hydrapple;33,33;1 - 2 - 0;3
Mega Camerupt;Lopunny Dudunsparce;25,0;1 - 3 - 0;4
Mega Camerupt;Alakazam Dusknoir;20,0;1 - 4 - 0;5
Hop's Zacian;Alakazam Dusknoir;66,67;2 - 1 - 0;3
Hop's Zacian;Dragapult Dusknoir;60,0;3 - 2 - 1;6
Hop's Zacian;Dhelmise;44,44;4 - 5 - 1;10
Hop's Zacian;Dragapult;44,44;4 - 5 - 0;9
Hop's Zacian;Lopunny Dudunsparce;40,0;2 - 3 - 0;5
Hop's Zacian;Lucario Hariyama;33,33;2 - 4 - 0;6
Hop's Zacian;N's Zoroark;20,0;1 - 4 - 0;5
Hop's Zacian;Basic Box;20,0;1 - 4 - 0;5
Hop's Zacian;Ogerpon Meganium Hydrapple;20,0;1 - 4 - 0;5
Hop's Zacian;Slowking;0,0;0 - 4 - 0;4
Hop's Zacian;Mega Excadrill;0,0;0 - 3 - 0;3
Yanmega;Basic Box;83,33;5 - 1 - 0;6
Yanmega;Lopunny Dudunsparce;75,0;3 - 1 - 0;4
Yanmega;Dhelmise;66,67;2 - 1 - 0;3
Yanmega;Dragapult Blaziken;50,0;2 - 2 - 0;4
Yanmega;Alakazam Dudunsparce;50,0;1 - 1 - 1;3
Yanmega;Dragapult;40,0;2 - 3 - 1;6
Yanmega;Crustle;33,33;1 - 2 - 0;3
Yanmega;Mega Excadrill;25,0;1 - 3 - 1;5
Yanmega;Dragapult Dusknoir;25,0;1 - 3 - 0;4
Mega Abomasnow;Dhelmise;50,0;3 - 3 - 0;6
Mega Abomasnow;Basic Box;50,0;2 - 2 - 0;4
Mega Abomasnow;Dragapult;40,0;4 - 6 - 0;10
Mega Abomasnow;N's Zoroark;40,0;2 - 3 - 0;5
Mega Abomasnow;Slowking;33,33;2 - 4 - 0;6
Mega Abomasnow;Alakazam Dudunsparce;33,33;1 - 2 - 0;3
Mega Abomasnow;Lucario Hariyama;25,0;1 - 3 - 0;4
Mega Abomasnow;Ogerpon Meganium Hydrapple;0,0;0 - 5 - 0;5
Mega Abomasnow;Mega Excadrill;0,0;0 - 5 - 0;5
Mega Abomasnow;Dragapult Dusknoir;0,0;0 - 3 - 0;3
Mega Froslass;N's Zoroark;83,33;5 - 1 - 0;6
Mega Froslass;Lopunny Dudunsparce;75,0;3 - 1 - 0;4
Mega Froslass;Dragapult Blaziken;66,67;2 - 1 - 0;3
Mega Froslass;Sharpedo Toxtricity;66,67;2 - 1 - 0;3
Mega Froslass;Lucario Hariyama;50,0;2 - 2 - 0;4
Mega Froslass;Basic Box;40,0;2 - 3 - 0;5
Mega Froslass;Alakazam Dusknoir;33,33;1 - 2 - 0;3
Mega Froslass;Alakazam Dudunsparce;28,57;2 - 5 - 0;7
Mega Froslass;Mega Excadrill;25,0;1 - 3 - 0;4
Mega Froslass;Dragapult;18,18;2 - 9 - 0;11
Rocket's Spidops;Alakazam Dudunsparce;100,0;5 - 0 - 0;5
Rocket's Spidops;N's Zoroark;100,0;4 - 0 - 0;4
Rocket's Spidops;Ogerpon Meganium Hydrapple;100,0;3 - 0 - 0;3
Rocket's Spidops;Basic Box;75,0;3 - 1 - 0;4
Rocket's Spidops;Sharpedo Toxtricity;75,0;3 - 1 - 0;4
Rocket's Spidops;Dragapult;71,43;10 - 4 - 0;14
Rocket's Spidops;Lucario Hariyama;40,0;2 - 3 - 0;5
Rocket's Spidops;Lopunny Dudunsparce;33,33;2 - 4 - 0;6
Rocket's Spidops;Cynthia's Garchomp;33,33;1 - 2 - 0;3
Rocket's Spidops;Alakazam Dusknoir;25,0;1 - 3 - 0;4
Rocket's Spidops;Slowking;14,29;1 - 6 - 0;7
Rocket's Spidops;Dragapult Dusknoir;0,0;0 - 6 - 0;6
Tera Box;Festival Lead;100,0;3 - 0 - 0;3
Tera Box;Mega Excadrill;75,0;3 - 1 - 0;4
Tera Box;Basic Box;71,43;5 - 2 - 1;8
Tera Box;Mega Lucario;66,67;2 - 1 - 0;3
Tera Box;Dragapult Dusknoir;60,0;3 - 2 - 0;5
Tera Box;N's Zoroark;50,0;4 - 4 - 0;8
Tera Box;Ogerpon Meganium Hydrapple;50,0;2 - 2 - 0;4
Tera Box;Lucario Hariyama;33,33;1 - 2 - 0;3
Tera Box;Dragapult;30,0;3 - 7 - 2;12
Tera Box;Alakazam Dudunsparce;0,0;0 - 5 - 0;5
Mega Zygarde;Dragapult Dusknoir;100,0;4 - 0 - 0;4
Mega Zygarde;Slowking;75,0;3 - 1 - 0;4
Mega Zygarde;Alakazam Dusknoir;66,67;2 - 1 - 0;3
Mega Zygarde;N's Zoroark;50,0;3 - 3 - 0;6
Mega Zygarde;Alakazam Dudunsparce;33,33;1 - 2 - 0;3
Mega Zygarde;Lucario Hariyama;33,33;1 - 2 - 0;3
Mega Zygarde;Cynthia's Garchomp;33,33;1 - 2 - 0;3
Mega Zygarde;Sharpedo Toxtricity;33,33;1 - 2 - 0;3
Mega Zygarde;Mega Excadrill;25,0;2 - 6 - 0;8
Mega Zygarde;Basic Box;25,0;1 - 3 - 0;4
Mega Zygarde;Dragapult;20,0;1 - 4 - 0;5
Mega Zygarde;Ogerpon Meganium Hydrapple;0,0;0 - 3 - 0;3
Archaludon Zoroark;Mega Lucario;66,67;2 - 1 - 0;3
Archaludon Zoroark;Dragapult Dusknoir;50,0;3 - 3 - 0;6
Archaludon Zoroark;Dragapult;42,86;3 - 4 - 0;7
Archaludon Zoroark;Basic Box;37,5;3 - 5 - 0;8
Archaludon Zoroark;Lopunny Dudunsparce;33,33;1 - 2 - 0;3
Archaludon Zoroark;Ogerpon Meganium Hydrapple;33,33;1 - 2 - 0;3
Eelektrik;Slowking;75,0;3 - 1 - 0;4
Eelektrik;Sharpedo Toxtricity;33,33;1 - 2 - 0;3
Eelektrik;Festival Lead;33,33;1 - 2 - 0;3
Eelektrik;N's Zoroark;33,33;1 - 2 - 0;3
Eelektrik;Basic Box;25,0;1 - 3 - 0;4
Eelektrik;Dragapult;12,5;1 - 7 - 0;8
Mega Lopunny;Dragapult;62,5;5 - 3 - 0;8
Mega Lopunny;Dragapult Dusknoir;40,0;2 - 3 - 0;5
Mega Lopunny;Mega Excadrill;33,33;2 - 4 - 0;6
Mega Lopunny;Ogerpon Meganium Hydrapple;33,33;1 - 2 - 0;3
Mega Lopunny;Basic Box;33,33;1 - 2 - 0;3
Mega Lopunny;Alakazam Dusknoir;28,57;2 - 5 - 0;7
Mega Lopunny;Slowking;20,0;1 - 4 - 0;5
Mega Lopunny;Lopunny Dusknoir;0,0;0 - 3 - 0;3
Mega Lopunny;Alakazam Dudunsparce;0,0;0 - 3 - 0;3
Flareon Noctowl;Basic Box;60,0;3 - 2 - 0;5
Flareon Noctowl;Dragapult;40,0;2 - 3 - 1;6
Flareon Noctowl;Alakazam Dudunsparce;33,33;1 - 2 - 0;3
Flareon Noctowl;Festival Lead;0,0;0 - 3 - 0;3
Flareon Noctowl;Lopunny Dudunsparce;0,0;0 - 3 - 0;3
Mega Gengar;Basic Box;66,67;2 - 1 - 0;3
Mega Gengar;Alakazam Dudunsparce;57,14;4 - 3 - 0;7
Mega Gengar;Cynthia's Garchomp;33,33;1 - 2 - 0;3
Mega Gengar;Lucario Hariyama;33,33;1 - 2 - 0;3
Mega Gengar;Dragapult;30,0;3 - 7 - 0;10
Mega Gengar;Sharpedo Toxtricity;0,0;0 - 3 - 0;3
Metagross;Mega Excadrill;66,67;2 - 1 - 0;3
Metagross;Ogerpon Meganium Hydrapple;50,0;2 - 2 - 0;4
Metagross;Slowking;50,0;2 - 2 - 0;4
Metagross;Alakazam Dudunsparce;40,0;2 - 3 - 0;5
Metagross;N's Zoroark;40,0;2 - 3 - 0;5
Metagross;Lopunny Dudunsparce;33,33;1 - 2 - 0;3
Metagross;Dragapult;25,0;1 - 3 - 1;5
Metagross;Dragapult Dusknoir;25,0;1 - 3 - 0;4
Metagross;Mega Greninja;0,0;0 - 3 - 0;3
Archaludon Dudunsparce;Basic Box;83,33;5 - 1 - 0;6
Archaludon Dudunsparce;N's Zoroark;50,0;2 - 2 - 0;4
Archaludon Dudunsparce;Dragapult;50,0;2 - 2 - 0;4
Archaludon Dudunsparce;Dragapult Blaziken;33,33;1 - 2 - 0;3
Archaludon Dudunsparce;Alakazam Dudunsparce;33,33;1 - 2 - 0;3
Archaludon Dudunsparce;Slowking;20,0;1 - 4 - 0;5
Archaludon Dudunsparce;Dragapult Dusknoir;16,67;1 - 5 - 0;6
Iono's Bellibolt;Dragapult Blaziken;66,67;2 - 1 - 0;3
Iono's Bellibolt;N's Zoroark;66,67;2 - 1 - 0;3
Iono's Bellibolt;Crustle;50,0;2 - 2 - 0;4
Iono's Bellibolt;Alakazam Dudunsparce;33,33;1 - 2 - 0;3
Iono's Bellibolt;Cynthia's Garchomp;33,33;1 - 2 - 0;3
Iono's Bellibolt;Slowking;20,0;1 - 4 - 0;5
Iono's Bellibolt;Dragapult;0,0;0 - 9 - 0;9
Iono's Bellibolt;Basic Box;0,0;0 - 4 - 0;4
Dragapult Froslass;Alakazam Dudunsparce;66,67;2 - 1 - 0;3
Dragapult Froslass;Lucario Hariyama;66,67;2 - 1 - 0;3
Dragapult Froslass;Crustle;50,0;2 - 2 - 0;4
Dragapult Froslass;Dragapult Dusknoir;33,33;1 - 2 - 0;3
Dragapult Froslass;Dragapult;20,0;1 - 4 - 0;5
Dragapult Froslass;Slowking;16,67;1 - 5 - 0;6
Dragapult Froslass;Dhelmise;14,29;1 - 6 - 0;7
Alakazam;Slowking;100,0;3 - 0 - 0;3
Alakazam;Dragapult Dusknoir;60,0;3 - 2 - 0;5
Alakazam;Dragapult;20,0;2 - 8 - 0;10
Decidueye;Sharpedo Toxtricity;75,0;3 - 1 - 0;4
Decidueye;Slowking;66,67;2 - 1 - 0;3
Decidueye;Dragapult;25,0;1 - 3 - 1;5
Decidueye;Alakazam Dusknoir;20,0;1 - 4 - 0;5
Ursaluna Lunatone;Mega Excadrill;66,67;2 - 1 - 0;3
Ursaluna Lunatone;Slowking;66,67;2 - 1 - 0;3
Ursaluna Lunatone;Alakazam Dudunsparce;25,0;1 - 3 - 0;4
Ursaluna Lunatone;Dragapult;25,0;1 - 3 - 0;4
Ursaluna Lunatone;N's Zoroark;0,0;0 - 3 - 0;3
Blaziken Zoroark;Slowking;100,0;4 - 0 - 0;4
Blaziken Zoroark;Mega Excadrill;66,67;2 - 1 - 0;3
Blaziken Zoroark;Dragapult;50,0;3 - 3 - 2;8
Blaziken Zoroark;N's Zoroark;40,0;2 - 3 - 0;5
Blaziken Zoroark;Alakazam Dudunsparce;33,33;1 - 2 - 0;3
Palafin;N's Zoroark;100,0;4 - 0 - 0;4
Palafin;Lopunny Dudunsparce;60,0;3 - 2 - 0;5
Palafin;Dhelmise;33,33;1 - 2 - 0;3
Palafin;Ogerpon Meganium Hydrapple;33,33;1 - 2 - 0;3
Palafin;Lucario Hariyama;33,33;1 - 2 - 0;3
Palafin;Dragapult Dusknoir;20,0;1 - 4 - 0;5
Palafin;Dragapult;0,0;0 - 3 - 0;3
Diancie Dusknoir;Dragapult;50,0;4 - 4 - 0;8
Diancie Dusknoir;Slowking;50,0;3 - 3 - 0;6
Diancie Dusknoir;Alakazam Dusknoir;50,0;2 - 2 - 0;4
Diancie Dusknoir;Ogerpon Meganium Hydrapple;33,33;1 - 2 - 0;3
Zygarde Barbaracle;Dhelmise;66,67;2 - 1 - 0;3
Zygarde Barbaracle;Dragapult;33,33;2 - 4 - 0;6
Zygarde Barbaracle;Slowking;33,33;1 - 2 - 0;3
Zygarde Barbaracle;Alakazam Dudunsparce;33,33;1 - 2 - 0;3
Ethan's Magcargo;Dragapult;0,0;0 - 3 - 0;3
Flareon;Dragapult Dusknoir;33,33;1 - 2 - 0;3
Flareon;Mega Lucario;33,33;1 - 2 - 0;3
Flareon;Dragapult;16,67;1 - 5 - 0;6
Mega Diancie;Dragapult Dusknoir;66,67;2 - 1 - 0;3
Mega Diancie;Alakazam Dudunsparce;20,0;1 - 4 - 0;5
Mega Diancie;N's Zoroark;0,0;0 - 4 - 0;4
Mega Diancie;Basic Box;0,0;0 - 3 - 0;3
Sinistcha Ogerpon;Dragapult;66,67;2 - 1 - 0;3
Sinistcha Ogerpon;N's Zoroark;66,67;2 - 1 - 0;3
Sinistcha Ogerpon;Slowking;33,33;1 - 2 - 0;3
Paldean Tauros;Crustle;100,0;3 - 0 - 0;3
Paldean Tauros;Dragapult;60,0;3 - 2 - 0;5
Paldean Tauros;Dhelmise;0,0;0 - 3 - 0;3
Azumarill;Slowking;66,67;2 - 1 - 0;3
Azumarill;Crustle;66,67;2 - 1 - 0;3
Azumarill;Dragapult;0,0;0 - 3 - 0;3
Mega Feraligatr;Dragapult;40,0;2 - 3 - 0;5
Mega Feraligatr;Alakazam Dudunsparce;33,33;1 - 2 - 0;3
Mega Feraligatr;Dragapult Dusknoir;25,0;1 - 3 - 0;4
Joltik Box;Dragapult Dusknoir;33,33;1 - 2 - 0;3
Joltik Box;Basic Box;25,0;1 - 3 - 0;4
Joltik Box;Dhelmise;0,0;0 - 3 - 0;3
Blissey;Lopunny Dusknoir;66,67;2 - 1 - 0;3
Raging Bolt Bellibolt;Lucario Hariyama;33,33;1 - 2 - 0;3
Raging Bolt Bellibolt;Dragapult;25,0;1 - 3 - 0;4
Archaludon;Crustle;33,33;1 - 2 - 0;3
Archaludon;Dragapult;0,0;0 - 4 - 0;4
Greninja Froslass;Dragapult;50,0;2 - 2 - 0;4
Froslass Dudunsparce;Festival Lead;25,0;1 - 3 - 0;4
Froslass Dudunsparce;Dragapult;0,0;0 - 3 - 0;3
Jellicent Dusknoir;Alakazam Dusknoir;33,33;1 - 2 - 0;3
Incineroar;Lucario Hariyama;33,33;1 - 2 - 0;3
