tournament_id;name;date;meta;format;players;organizer_id;is_online;has_decklists;swiss_rounds;phases;standings_rows;pairings_rows;depth;scraped_at
6a9ee909a4272c53be649d1f;🏛💫 Card Temple Weekly Battles #75;2026-09-08T02:00:00.000Z;TEF-PBL;STANDARD;104;2152;True;True;6;1;104;250;voll;2026-09-08T09:37:05Z
6a963bc7629039f77d8a717f;Sunny's Weekly #272 Enter the Dragon!;2026-09-07T22:05:00.000Z;TEF-PBL;STANDARD;241;145;True;True;8;1;241;581;voll;2026-09-08T09:37:08Z
6a9ebc30ab080c8c957fcc9c;The Dark League Tournament|10$ Prize Pool;2026-09-07T20:30:00.000Z;TEF-PBL;STANDARD;122;2045;True;True;7;2;122;330;voll;2026-09-08T09:37:10Z
6a9db100ab080c8c957fc12b;Pumpkaweekly;2026-09-07T18:00:00.000Z;TEF-PBL;STANDARD;342;36;True;True;8;1;342;876;voll;2026-09-08T09:37:13Z
6a9cdf15ab080c8c957fb8af;SEASAC League Challenge #2 (SEASON 5) [50 CODES];2026-09-07T11:30:00.000Z;TEF-PBL;STANDARD;141;2623;True;True;8;2;141;389;voll;2026-09-08T09:37:15Z
6a978d0fab080c8c957f79ac;Rare Candy Club Showdown #43 (50 CODES);2026-09-07T00:00:00.000Z;TEF-PBL;STANDARD;254;2518;True;True;8;2;254;668;voll;2026-09-08T10:07:44Z
6a6f72c3cdc0391d7fa5a4fa;Redacted Open Cup;2026-09-06T22:30:00.000Z;TEF-PBL;STANDARD;134;222;True;True;6;3;134;347;voll;2026-09-08T10:07:46Z
6a958db4629039f77d8a6771;#BATALHA DE LOJAS ELEU CARDS  VS GEEX HOBBY STORE#;2026-09-06T21:30:00.000Z;TEF-PBL;STANDARD;126;236;True;True;6;1;126;289;voll;2026-09-08T10:07:48Z
6a99d9e5a4272c53be6460ce;Monster Collectibles After Hours Season 2 #1;2026-09-06T17:00:00.000Z;TEF-PBL;STANDARD;236;2610;True;True;8;1;236;615;voll;2026-09-08T10:07:50Z
6a9cdee2ab080c8c957fb8ae;SEASAC League Challenge #1 (SEASON 5) [50 CODES];2026-09-06T11:30:00.000Z;TEF-PBL;STANDARD;157;2623;True;True;8;2;157;409;voll;2026-09-08T10:07:52Z
6a93a43a629039f77d8a55b5;Vault Of Games #1 🏆|SEASON 1|WEEKLY;2026-09-06T01:00:00.000Z;TEF-PBL;STANDARD;214;2226;True;True;7;1;214;544;voll;2026-09-08T11:04:12Z
6a9b05d8a4272c53be646dbe;Rare Candy Club Showdown #42 (50 CODES);2026-09-05T00:00:00.000Z;TEF-PBL;STANDARD;131;2518;True;True;7;2;131;316;voll;2026-09-08T11:04:14Z
6a93c8d6629039f77d8a5638;Full Bench Fridays PTCGL Cash Event $10 #12;2026-09-04T21:15:00.000Z;TEF-PBL;STANDARD;179;2705;True;True;8;2;179;438;voll;2026-09-08T11:04:15Z
6a91f055abb9482237502b21;Nightshades Friday Funday;2026-09-04T17:00:00.000Z;TEF-PBL;STANDARD;137;2579;True;True;5;1;137;266;voll;2026-09-08T11:04:17Z
6a952da0629039f77d8a6535;SEASAC World Championships Qualifiers | $15 PRIZE;2026-09-04T11:30:00.000Z;TEF-PBL;STANDARD;173;2623;True;True;8;2;173;502;voll;2026-09-08T11:04:19Z
6a923dbbabb9482237502ead;🟢Jolly Good Weekly #5 | Top Cut! (50 Codes!);2026-09-04T00:00:00.000Z;TEF-PBL;STANDARD;145;2774;True;True;7;2;145;354;voll;2026-09-08T11:04:20Z
6a93143eabb94822375033d9;🏆Moujii's Dojo🏆 (Late Registration Available!);2026-09-03T16:10:00.000Z;TEF-PBL;STANDARD;252;35;True;True;8;3;252;740;voll;2026-09-08T11:04:22Z
6a952d6fabb9482237504678;SEASAC League Challenge #30 (SEASON 4) [50 CODES];2026-09-03T11:30:00.000Z;TEF-PBL;STANDARD;168;2623;True;True;8;2;168;494;voll;2026-09-08T11:04:23Z
6a8fa6e80580a332c8420d42;REFINE Autumn Series Session 1: Pumpkin Spice;2026-09-02T23:30:00.000Z;TEF-PBL;STANDARD;128;2568;True;True;7;1;128;290;voll;2026-09-08T11:04:25Z
6a93bea9abb9482237503a90;Amyverse PTCG Live Weekly #11 💛 Cash Prize!;2026-09-02T18:00:00.000Z;TEF-PBL;STANDARD;235;2679;True;True;8;2;235;584;voll;2026-09-08T11:04:26Z
6a952c65629039f77d8a6530;SEASAC League Challenge #29 (SEASON 4) [50 CODES];2026-09-02T11:30:00.000Z;TEF-PBL;STANDARD;155;2623;True;True;8;2;155;487;voll;2026-09-08T11:04:27Z
6a961cce629039f77d8a6ff6;Pudding Weekly #11 | ram for game lol;2026-09-02T01:00:00.000Z;TEF-PBL;STANDARD;113;2720;True;True;7;1;113;282;voll;2026-09-08T11:04:29Z
6a95d2fdabb9482237504c9c;Last Chance - Last Prize Season 3;2026-09-01T23:35:00.000Z;TEF-PBL;STANDARD;169;2227;True;True;7;1;169;411;voll;2026-09-08T11:04:31Z
6a93c9a3629039f77d8a563a;Hideout TCG MID-WEEK Meta Clash 100 codes #10;2026-09-01T21:15:00.000Z;TEF-PBL;STANDARD;124;2705;True;True;7;2;124;317;voll;2026-09-08T11:04:32Z
6a947689629039f77d8a5c64;Team Corna Weekly September's #1;2026-09-01T16:00:00.000Z;TEF-PBL;STANDARD;112;2583;True;True;7;2;112;299;voll;2026-09-08T11:04:33Z
6a9409f1629039f77d8a5782;SEASAC League Challenge #28 (SEASON 4) [50 CODES];2026-09-01T11:30:00.000Z;TEF-PBL;STANDARD;165;2623;True;True;8;2;165;469;voll;2026-09-08T11:04:35Z
6a95dc45abb9482237504d26;🏛💫 Card Temple Weekly Battles #74;2026-09-01T02:00:00.000Z;TEF-PBL;STANDARD;102;2152;True;True;6;1;102;246;voll;2026-09-08T11:04:36Z
6a8ca02581741245b151dc07;Sunny's Weekly #271 Beyond Pokémon!;2026-08-31T22:05:00.000Z;TEF-PBL;STANDARD;204;145;True;True;8;1;204;485;voll;2026-09-08T11:04:38Z
6a8de1d27a62de813013f01e;🏆Moujii's Dojo🏆 (Late Registration Available!);2026-08-31T16:10:00.000Z;TEF-PBL;STANDARD;214;35;True;True;8;3;214;644;voll;2026-09-08T11:04:39Z
6a929205629039f77d8a4afa;SEASAC League Challenge #27 (SEASON 4) [50 CODES];2026-08-31T11:30:00.000Z;TEF-PBL;STANDARD;150;2623;True;True;8;2;150;425;voll;2026-09-08T11:04:41Z
6a8f40800580a332c8420852;Rare Candy Club Showdown #41 (50 CODES);2026-08-31T00:00:00.000Z;TEF-PBL;STANDARD;121;2518;True;True;7;2;121;313;voll;2026-09-08T11:04:42Z
6a721a42cdc0391d7fa5c7fb;Turn Zero Rising! #8 (100 Codes);2026-08-30T22:00:00.000Z;TEF-PBL;STANDARD;103;1371;True;True;7;3;103;279;voll;2026-09-08T11:04:44Z
6a8efa8a0580a332c8420481;SEASAC League Challenge #26 (SEASON 4) [50 CODES];2026-08-30T11:30:00.000Z;TEF-PBL;STANDARD;116;2623;True;True;7;2;116;316;voll;2026-09-08T11:04:45Z
6a8a80fb8302ae761e5fa2df;Vault Of Games #7 🏆|OFF-SEASON |WEEKLY;2026-08-30T01:00:00.000Z;TEF-PBL;STANDARD;103;2226;True;True;6;1;103;199;voll;2026-09-08T11:04:46Z
6a6f71edcdc0391d7fa5a4ef;Redacted Chaos #12 (100 Codes);2026-08-29T22:05:00.000Z;TEF-PBL;STANDARD;117;222;True;True;6;4;117;304;voll;2026-09-08T11:07:48Z
6a888d9678baaa6d1c22540b;🟢Jolly Good Weekly #4 | Top Cut! (50 Codes!);2026-08-27T23:00:00.000Z;TEF-PBL;STANDARD;130;2774;True;True;7;2;130;334;voll;2026-09-08T11:08:50Z
6a8893f18302ae761e5f8590;🏆Moujii's Dojo🏆 (Late Registration Available!);2026-08-27T16:10:00.000Z;TEF-PBL;STANDARD;205;35;True;True;8;3;205;554;voll;2026-09-08T11:09:06Z
6a8d7b708302ae761e5fbde4;SEASAC League Challenge #25 (SEASON 4) [50 CODES];2026-08-27T11:30:00.000Z;TEF-PBL;STANDARD;135;2623;True;True;8;2;135;388;voll;2026-09-08T11:09:07Z
6a85cd2978baaa6d1c2238c2;REFINE Summer Series Session 9: Mega Blastoise?;2026-08-26T23:30:00.000Z;TEF-PBL;STANDARD;128;2568;True;True;7;1;128;303;voll;2026-09-08T11:09:09Z
6a8e92c90580a332c84202ed;ASRcristiano # 183 - 60 codes prize pool!;2026-08-26T19:00:00.000Z;TEF-PBL;STANDARD;102;1778;True;True;8;3;102;254;voll;2026-09-08T11:09:10Z
6a7a214b2b308b6067b50518;⚡ Surge's TCG Vault Winner Takes All - 50 Codes;2026-08-26T17:00:00.000Z;TEF-PBL;STANDARD;116;2603;True;True;7;2;116;285;voll;2026-09-08T11:09:12Z
6a8c23ae8302ae761e5fb0bc;SEASAC League Challenge #24 (SEASON 4) [50 CODES];2026-08-26T11:45:00.000Z;TEF-PBL;STANDARD;126;2623;True;False;7;2;126;361;voll;2026-09-08T11:09:13Z
6a8a69d38302ae761e5fa283;Pudding Weekly #10 | STAY IN CHARACTER!;2026-08-26T01:00:00.000Z;TEF-PBL;STANDARD;111;2720;True;True;7;1;111;264;voll;2026-09-08T11:09:15Z
6a85d9ab5a30714095574686;World Practice Tourney - Last Prize Series #14;2026-08-25T23:35:00.000Z;TEF-PBL;STANDARD;182;2227;True;True;7;1;182;430;voll;2026-09-08T11:09:16Z
6a8d5c8c8302ae761e5fbd80;👑PRE WORLDS CrownOfSpain 👑 #5 (10€ paypal);2026-08-25T18:00:00.000Z;TEF-PBL;STANDARD;133;2698;True;True;8;1;133;343;voll;2026-09-08T11:09:17Z
6a7a21572b308b6067b5051a;⚡ Surge's TCG Vault Winner Takes All - 50 Codes;2026-08-25T17:00:00.000Z;TEF-PBL;STANDARD;152;2603;True;True;6;2;152;326;voll;2026-09-08T11:09:19Z
6a8a96bc81741245b151c8ad;SEASAC League Challenge #23 (SEASON 4) [50 CODES];2026-08-25T11:30:00.000Z;TEF-PBL;STANDARD;153;2623;True;True;8;2;153;445;voll;2026-09-08T11:09:20Z
6a8ca01a8302ae761e5fb585;🏛💫 Card Temple Weekly Battles #73;2026-08-25T02:00:00.000Z;TEF-PBL;STANDARD;106;2152;True;True;6;1;106;242;voll;2026-09-08T11:09:22Z
6a835dea78baaa6d1c22251e;Sunny's Weekly #270 Trolley Ride to Worlds!;2026-08-24T22:05:00.000Z;TEF-PBL;STANDARD;237;145;True;True;7;1;237;534;voll;2026-09-08T11:09:23Z
6a8ab6888302ae761e5fa34f;PRE Worlds Pumpkaweekly!;2026-08-24T18:00:00.000Z;TEF-PBL;STANDARD;288;36;True;True;8;1;288;777;voll;2026-09-08T11:09:25Z
6a87fdda78baaa6d1c224f57;SEASAC League Challenge #22 (SEASON 4) [50 CODES];2026-08-24T11:30:00.000Z;TEF-PBL;STANDARD;181;2623;True;True;8;2;181;507;voll;2026-09-08T11:09:27Z
6a83b0f35a3071409557386e;Rare Candy Club Showdown #39 (50 CODES);2026-08-24T00:00:00.000Z;TEF-PBL;STANDARD;282;2518;True;True;8;2;282;740;voll;2026-09-08T11:09:28Z
6a851bbf5a3071409557425a;SEASAC League Challenge #21 (SEASON 4) [50 CODES];2026-08-23T11:30:00.000Z;TEF-PBL;STANDARD;169;2623;True;True;8;2;169;494;voll;2026-09-08T11:09:29Z
6a8132d35a30714095571ed0;Vault Of Games #6 🏆|OFF-SEASON |WEEKLY;2026-08-23T01:00:00.000Z;TEF-PBL;STANDARD;216;2226;True;True;8;1;216;527;voll;2026-09-08T11:09:31Z
6a706e672b308b6067b487cb;LING TV ARENA (Late registration Available);2026-08-22T18:30:00.000Z;TEF-PBL;STANDARD;109;2592;True;True;7;1;109;281;voll;2026-09-08T11:09:32Z
6a8729fc5a30714095575339;SEASAC League Cup #4 (SEASON 4) [150 CODES];2026-08-22T11:30:00.000Z;TEF-PBL;STANDARD;134;2623;True;True;8;2;134;389;voll;2026-09-08T11:09:34Z
6a7cce822b308b6067b523e2;TOURNAMENT OF DOOM! SEASON 3 STARTS NOW!;2026-08-22T02:35:00.000Z;TEF-PBL;STANDARD;548;349;True;True;9;2;548;1398;voll;2026-09-08T11:09:35Z
6a87870778baaa6d1c224c74;Full Bench Fridays PTCGL Cash Event $20 #10;2026-08-21T21:30:00.000Z;TEF-PBL;STANDARD;103;2705;True;True;7;2;103;241;voll;2026-09-08T11:09:37Z
6a84abd678baaa6d1c22307b;ASRcristiano # 182 - 60 codes prize pool!;2026-08-21T19:00:00.000Z;TEF-PBL;STANDARD;143;1778;True;True;8;3;143;394;voll;2026-09-08T11:09:38Z
6a85ebda5a30714095574742;NO Dragapult Tournament! CASH Prize;2026-08-21T14:00:00.000Z;TEF-PBL;STANDARD;144;2435;True;True;7;2;143;369;voll;2026-09-08T11:09:40Z
6a43872bc87cd9ff0a31356d;Oceania Open! | Season 3 - Week 8;2026-08-21T09:30:00.000Z;TEF-PBL;STANDARD;106;1659;True;True;7;2;106;268;voll;2026-09-08T11:09:41Z
6a77f30ccdc0391d7fa61541;🟢Jolly Good Weekly #3 | Top Cut! (50 Codes!);2026-08-21T00:00:00.000Z;TEF-PBL;STANDARD;137;2774;True;True;6;2;137;303;voll;2026-09-08T11:09:43Z
6a7a28522b308b6067b50584;⚡ Surge's TCG Vault Winner Takes All - 100 Codes;2026-08-20T19:00:00.000Z;TEF-PBL;STANDARD;155;2603;True;True;7;2;155;392;voll;2026-09-08T11:09:44Z
6a7f474278baaa6d1c21f248;🏆Moujii's Dojo🏆 (Late Registration Available!);2026-08-20T16:10:00.000Z;TEF-PBL;STANDARD;274;35;True;True;8;3;274;804;voll;2026-09-08T11:09:46Z
6a81a7a55a30714095572196;SEASAC League Challenge #20 (SEASON 4) [50 CODES];2026-08-20T11:30:00.000Z;TEF-PBL;STANDARD;177;2623;True;True;8;2;177;476;voll;2026-09-08T11:09:47Z
6a7d2c8a2b308b6067b528cf;REFINE Summer Series Session 8: Wartortle Edition;2026-08-19T23:30:00.000Z;TEF-PBL;STANDARD;128;2568;True;True;7;1;128;289;voll;2026-09-08T11:09:49Z
6a7cdfc5cdc0391d7fa64f38;Hideout TCG MID-WEEK Meta Clash 100 codes pitch;2026-08-19T21:15:00.000Z;TEF-PBL;STANDARD;101;2705;True;True;7;2;101;247;voll;2026-09-08T11:09:50Z
6a7cdf0fcdc0391d7fa64f32;Amyverse PTCG Live Weekly #9 💛 Cash Prize!;2026-08-19T19:15:00.000Z;TEF-PBL;STANDARD;213;2679;True;True;8;2;213;526;voll;2026-09-08T11:09:51Z
6a81a7825a30714095572195;SEASAC League Challenge #19 (SEASON 4) [50 CODES];2026-08-19T11:30:00.000Z;TEF-PBL;STANDARD;175;2623;True;True;8;2;175;478;voll;2026-09-08T11:14:08Z
6a7e005ecdc0391d7fa65824;Pudding Weekly #9 | GEEG!;2026-08-19T01:00:00.000Z;TEF-PBL;STANDARD;122;2720;True;True;7;1;122;280;voll;2026-09-08T11:14:09Z
6a7a215f2b308b6067b5051b;⚡ Surge's TCG Vault Winner Takes All - 50 Codes;2026-08-18T23:00:00.000Z;TEF-PBL;STANDARD;163;2603;True;True;7;2;163;385;voll;2026-09-08T11:14:11Z
6a819f1978baaa6d1c22139a;SEASAC League Challenge #18 (SEASON 4) [50 CODES];2026-08-18T11:30:00.000Z;TEF-PBL;STANDARD;178;2623;True;True;6;1;178;425;voll;2026-09-08T11:14:12Z
6a8314365a30714095572e93;🏛💫 Card Temple Weekly Battles #72;2026-08-18T02:00:00.000Z;TEF-PBL;STANDARD;118;2152;True;True;6;1;118;274;voll;2026-09-08T11:14:14Z
6a791dd8cdc0391d7fa62496;Sunny's Weekly #269 High Voltage!;2026-08-17T22:05:00.000Z;TEF-PBL;STANDARD;209;145;True;True;8;1;209;496;voll;2026-09-08T11:14:15Z
6a82476c5a3071409557297b;Pumpkaweekly;2026-08-17T18:00:00.000Z;TEF-PBL;STANDARD;259;36;True;True;8;1;259;657;voll;2026-09-08T11:14:17Z
6a7f2c0978baaa6d1c21f0cb;SEASAC League Challenge #17 (SEASON 4) [50 CODES];2026-08-17T11:30:00.000Z;TEF-PBL;STANDARD;182;2623;True;True;8;2;182;520;voll;2026-09-08T11:14:18Z
6a7e153e2b308b6067b53028;Rare Candy Club Showdown #38 (50 CODES);2026-08-17T00:00:00.000Z;TEF-PBL;STANDARD;168;2518;True;True;7;2;168;419;voll;2026-09-08T11:14:20Z
6a7219f62b308b6067b49d9b;Turn Zero Rising! #7 (100 Codes);2026-08-16T22:00:00.000Z;TEF-PBL;STANDARD;172;1371;True;True;7;4;172;502;voll;2026-09-08T11:14:22Z
6a81729a78baaa6d1c22128e;Monster Collectibles After Hours #17;2026-08-16T17:00:00.000Z;TEF-PBL;STANDARD;197;2610;True;True;8;1;197;504;voll;2026-09-08T11:14:23Z
6a2f046d2d97f3b0c2616ef3;WORLDS OF DOOM! 2026! DAY TWO!;2026-08-16T15:00:00.000Z;TEF-PBL;STANDARD;163;349;True;True;6;2;163;380;voll;2026-09-08T11:14:25Z
6a7ea49f2b308b6067b53832;SEASAC League Challenge #16 (SEASON 4) [50 CODES];2026-08-16T11:30:00.000Z;TEF-PBL;STANDARD;164;2623;True;True;8;2;164;458;voll;2026-09-08T11:14:26Z
6a7b1904cdc0391d7fa63d42;The Stache Series 1: Mic Check;2026-08-15T22:00:00.000Z;TEF-PBL;STANDARD;346;2722;True;True;8;2;346;923;voll;2026-09-08T11:14:28Z
6a284de7e334c3c9befd25e9;WORLDS OF DOOM! 2026! DAY ONE!;2026-08-15T15:00:00.000Z;TEF-PBL;STANDARD;909;349;True;True;8;1;909;2228;voll;2026-09-08T11:14:29Z
6a7d35cfcdc0391d7fa65386;SEASAC League Cup #3 (SEASON 4) [150 CODES];2026-08-15T11:30:00.000Z;TEF-PBL;STANDARD;102;2623;True;True;7;2;102;275;voll;2026-09-08T11:14:31Z
6a7e14e22b308b6067b53026;Rare Candy Club Showdown #37 (50 CODES);2026-08-15T00:00:00.000Z;TEF-PBL;STANDARD;211;2518;True;True;7;2;211;504;voll;2026-09-08T11:14:32Z
6a7a2978cdc0391d7fa63281;⚡ Surge's TCG Vault Winner Takes All Live BO3 #19;2026-08-14T18:00:00.000Z;TEF-PBL;STANDARD;133;2603;True;True;6;2;133;272;voll;2026-09-08T11:14:34Z
6a43872683fd320299bd4942;Oceania Open! | Season 3 - Week 7;2026-08-14T09:30:00.000Z;TEF-PBL;STANDARD;110;1659;True;True;7;2;110;280;voll;2026-09-08T11:14:35Z
6a7a97fa2b308b6067b50d7f;💥​Plantel Battle #31 💥​100 CODES ✔️​ TOP 8;2026-08-13T23:00:00.000Z;TEF-PBL;STANDARD;127;1727;True;True;7;2;127;330;voll;2026-09-08T11:14:37Z
6a7a21622b308b6067b5051d;⚡ Surge's TCG Vault Winner Takes All - 100 Codes;2026-08-13T19:00:00.000Z;TEF-PBL;STANDARD;169;2603;True;True;7;2;169;425;voll;2026-09-08T11:14:38Z
6a76139d2b308b6067b4cb68;🏆Moujii's Dojo🏆 (Late Registration Available!);2026-08-13T16:10:00.000Z;TEF-PBL;STANDARD;265;35;True;True;8;3;265;730;voll;2026-09-08T11:14:39Z
6a7aa8e92b308b6067b50e60;SEASAC League Challenge #15 (SEASON 4) [50 CODES];2026-08-13T11:30:00.000Z;TEF-PBL;STANDARD;150;2623;True;True;8;2;150;446;voll;2026-09-08T11:14:41Z
6a7c79d22b308b6067b52012;Vault of Games Midweek Madness | (OFF-SEASON);2026-08-13T01:00:00.000Z;TEF-PBL;STANDARD;105;2226;True;True;5;1;105;196;voll;2026-09-08T11:14:42Z
6a74bc282b308b6067b4bc97;REFINE Summer Series Session 7: Squirtle Edition;2026-08-12T23:30:00.000Z;TEF-PBL;STANDARD;128;2568;True;True;7;1;128;316;voll;2026-09-08T11:14:44Z
6a7a21672b308b6067b5051e;⚡ Surge's TCG Vault Winner Takes All - 50 Codes;2026-08-12T19:00:00.000Z;TEF-PBL;STANDARD;115;2603;True;True;7;2;115;289;voll;2026-09-08T11:14:45Z
6a73b30fcdc0391d7fa5dbed;Amyverse PTCG Live Weekly #8 💛 Cash Prize!;2026-08-12T17:00:00.000Z;TEF-PBL;STANDARD;162;2679;True;True;7;2;162;373;voll;2026-09-08T11:14:47Z
6a79a7f42b308b6067b4feed;SEASAC League Challenge #14 (SEASON 4) [50 CODES];2026-08-12T11:30:00.000Z;TEF-PBL;STANDARD;152;2623;True;True;8;2;152;422;voll;2026-09-08T11:14:48Z
6a755afbcdc0391d7fa5f0e9;Pudding Weekly #8 | National Play in the Sand Day!;2026-08-12T01:00:00.000Z;TEF-PBL;STANDARD;112;2720;True;True;7;1;112;258;voll;2026-09-08T11:14:49Z
6a78d6b82b308b6067b4f569;Pitch Black Tourney - Last Prize Series #12;2026-08-11T23:35:00.000Z;TEF-PBL;STANDARD;206;2227;True;True;7;1;206;467;voll;2026-09-08T11:14:51Z
6a759dfb2b308b6067b4c640;👑 CrownOfSpain 👑 #4 (15€ paypal);2026-08-11T18:00:00.000Z;TEF-PBL;STANDARD;156;2698;True;True;8;1;156;397;voll;2026-09-08T11:14:52Z
6a7a19cf2b308b6067b5047b;⚡ Surge's TCG Vault Winner Takes All - 50 Codes;2026-08-11T17:00:00.000Z;TEF-PBL;STANDARD;107;2603;True;True;7;2;107;299;voll;2026-09-08T11:14:54Z
6a78b14acdc0391d7fa61cc9;SEASAC League Challenge #13 (SEASON 4) [50 CODES];2026-08-11T11:30:00.000Z;TEF-PBL;STANDARD;174;2623;True;True;8;2;174;488;voll;2026-09-08T11:14:55Z
6a5a513152c24ac2da6446d5;CHALLENGE OF DOOM! THE FINAL COUNTDOWN!;2026-08-11T03:35:00.000Z;TEF-PBL;STANDARD;128;349;True;True;7;1;128;282;voll;2026-09-08T11:14:57Z
6a70e60ecdc0391d7fa5b8b7;Sunny's Weekly #268 Stand Up Comedy!;2026-08-10T22:05:00.000Z;TEF-PBL;STANDARD;234;145;True;True;7;1;234;537;voll;2026-09-08T11:17:59Z
6a791a40cdc0391d7fa6237a;Pumpkaweekly;2026-08-10T18:00:00.000Z;TEF-PBL;STANDARD;237;36;True;True;8;1;237;629;voll;2026-09-08T11:19:11Z
6a7601bdcdc0391d7fa5f5bf;SEASAC League Challenge #12 (SEASON 4) [50 CODES];2026-08-10T11:30:00.000Z;TEF-PBL;STANDARD;170;2623;True;True;8;2;170;499;voll;2026-09-08T11:19:13Z
6a75224bcdc0391d7fa5edef;RCC Showdown #36 | $150 USD PRIZE | NO ENTRY FEE;2026-08-10T00:00:00.000Z;TEF-PBL;STANDARD;497;2518;True;True;9;3;497;1379;voll;2026-09-08T11:19:15Z
6a771169cdc0391d7fa606e0;Monster Collectibles After Hours #16;2026-08-09T17:00:00.000Z;TEF-PBL;STANDARD;210;2610;True;True;8;1;210;521;voll;2026-09-08T11:19:16Z
6a75d5eacdc0391d7fa5f3a7;SEASAC League Challenge #11 (SEASON 4) [50 CODES];2026-08-09T11:30:00.000Z;TEF-PBL;STANDARD;132;2623;True;True;8;2;132;383;voll;2026-09-08T11:19:18Z
6a6f70aecdc0391d7fa5a4e5;Redacted Chaos #10 (100 Codes);2026-08-08T22:05:00.000Z;TEF-PBL;STANDARD;189;222;True;True;7;3;189;506;voll;2026-09-08T11:19:19Z
6a75d5d22b308b6067b4c83c;SEASAC League Cup #2 (SEASON 4) [150 CODES];2026-08-08T11:30:00.000Z;TEF-PBL;STANDARD;115;2623;True;True;7;2;115;304;voll;2026-09-08T11:19:21Z
6a5a50bc52c24ac2da6446d2;TOURNAMENT OF DOOM! WORLDS LCQ!;2026-08-08T02:35:00.000Z;TEF-PBL;STANDARD;657;349;True;True;9;2;657;1659;voll;2026-09-08T11:19:22Z
6a6f99d42b308b6067b48068;Team Corna Weekly August #2;2026-08-07T16:00:00.000Z;TEF-PBL;STANDARD;113;2583;True;True;7;2;113;283;voll;2026-09-08T11:19:24Z
6a74a4f02b308b6067b4bb3b;💥​Plantel Battle #30 PITCH 💥​100 CODES ✔️​ TOP 8;2026-08-06T23:00:00.000Z;TEF-PBL;STANDARD;103;1727;True;True;7;2;103;242;voll;2026-09-08T11:19:25Z
6a7113f32b308b6067b493e3;⚡ Surge's TCG Vault Winner Takes All - 100 Codes;2026-08-06T19:00:00.000Z;TEF-PBL;STANDARD;123;2603;True;True;7;2;123;316;voll;2026-09-08T11:19:27Z
6a6ce63dcdc0391d7fa5784b;🏆Moujii's Dojo🏆 (Late Registration Available!);2026-08-06T16:10:00.000Z;TEF-PBL;STANDARD;244;35;True;True;8;3;244;705;voll;2026-09-08T11:19:28Z
6a6ef66ecdc0391d7fa59e54;SEASAC League Challenge #10 (SEASON 4) [50 CODES];2026-08-06T11:30:00.000Z;TEF-PBL;STANDARD;144;2623;True;True;8;2;144;403;voll;2026-09-08T11:19:30Z
6a6b8596937230b102d492c6;REFINE Summer Series Session 6: Charizard Edition;2026-08-06T00:00:00.000Z;TEF-PBL;STANDARD;115;2568;True;True;7;1;115;262;voll;2026-09-08T11:19:31Z
6a6ffa5d2b308b6067b48537;Hideout TCG MID-WEEK Meta Clash 50 codes pitch;2026-08-05T21:15:00.000Z;TEF-PBL;STANDARD;103;2705;True;True;6;2;103;239;voll;2026-09-08T11:19:33Z
6a7113d8cdc0391d7fa5bc82;⚡ Surge's TCG Vault Winner Takes All - 50 Codes;2026-08-05T16:59:00.000Z;TEF-PBL;STANDARD;102;2603;True;True;7;2;102;234;voll;2026-09-08T11:19:34Z
6a6ef65a2b308b6067b477cc;SEASAC League Challenge #9 (SEASON 4) [50 CODES];2026-08-05T11:30:00.000Z;TEF-PBL;STANDARD;132;2623;True;True;8;2;132;384;voll;2026-09-08T11:19:35Z
6a7134422b308b6067b4960d;Pitch Black Tourney - Last Prize Series #11;2026-08-04T23:35:00.000Z;TEF-PBL;STANDARD;178;2227;True;True;7;1;178;407;voll;2026-09-08T11:19:37Z
6a711369cdc0391d7fa5bc4f;⚡ Surge's TCG Vault Winner Takes All - 50 Codes;2026-08-04T18:00:00.000Z;TEF-PBL;STANDARD;148;2603;True;True;8;2;148;391;voll;2026-09-08T11:19:38Z
6a6f99d52b308b6067b48069;Team Corna Weekly August #1;2026-08-04T16:00:00.000Z;TEF-PBL;STANDARD;118;2583;True;True;7;2;118;299;voll;2026-09-08T11:19:40Z
6a6ef634cdc0391d7fa59e53;SEASAC League Challenge #8 (SEASON 4) [50 CODES];2026-08-04T11:30:00.000Z;TEF-PBL;STANDARD;154;2623;True;True;8;2;154;439;voll;2026-09-08T11:19:41Z
6a7103e1cdc0391d7fa5bb21;🏛💫 Card Temple Weekly Battles #70;2026-08-04T02:00:00.000Z;TEF-PBL;STANDARD;103;2152;True;True;6;1;103;237;voll;2026-09-08T11:19:43Z
6a640d6f937230b102d439ac;Sunny's Weekly #267 Return of the Kingdra!;2026-08-03T22:05:00.000Z;TEF-PBL;STANDARD;194;145;True;True;8;1;194;454;voll;2026-09-08T11:19:44Z
6a6f9fd8cdc0391d7fa5a78e;Pumpkaweekly;2026-08-03T18:00:00.000Z;TEF-PBL;STANDARD;127;36;True;True;7;1;127;319;voll;2026-09-08T11:19:45Z
6a6b5b9052c24ac2da64fd67;🏆Moujii's Dojo🏆 (Late Registration Available!);2026-08-03T16:10:00.000Z;TEF-PBL;STANDARD;261;35;True;True;8;3;261;765;voll;2026-09-08T11:19:47Z
6a6c306552c24ac2da650b06;Rare Candy Club Showdown #35 (50 CODES);2026-08-03T00:00:00.000Z;TEF-PBL;STANDARD;158;2518;True;True;7;2;158;407;voll;2026-09-08T11:19:48Z
6a67c6de937230b102d46e9f;Turn Zero Rising! #6 (100 Codes);2026-08-02T22:00:00.000Z;TEF-PBL;STANDARD;173;1371;True;True;7;4;173;472;voll;2026-09-08T11:19:50Z
6a6e598f2b308b6067b47028;Monster Collectibles After Hours #15;2026-08-02T17:00:00.000Z;TEF-PBL;STANDARD;166;2610;True;True;7;1;166;399;voll;2026-09-08T11:19:51Z
6a6d9123cdc0391d7fa586cd;SEASAC League Challenge #6 (SEASON 4) [50 CODES];2026-08-02T11:30:00.000Z;TEF-PBL;STANDARD;119;2623;True;True;7;2;119;298;voll;2026-09-08T11:19:53Z
6a658393937230b102d45378;Vault Of Games #3 🏆|OFF-SEASON |WEEKLY;2026-08-02T01:00:00.000Z;TEF-PBL;STANDARD;105;2226;True;True;6;1;105;229;voll;2026-09-08T11:19:54Z
6a50f90665724db9ded42072;The Stache Series 0: Trial Run;2026-08-01T22:00:00.000Z;TEF-PBL;STANDARD;228;2722;True;True;8;1;228;582;voll;2026-09-08T11:20:56Z
6a6a0698937230b102d482c0;SEASAC League Cup #1 (SEASON 4) [150 CODES];2026-08-01T11:30:00.000Z;TEF-PBL;STANDARD;115;2623;True;True;7;2;115;311;voll;2026-09-08T11:22:58Z
6a5a508552c24ac2da6446cf;TOURNAMENT OF DOOM! DRAGAPULT IS....;2026-08-01T02:35:00.000Z;TEF-PBL;STANDARD;514;349;True;True;9;2;514;1301;voll;2026-09-08T11:24:12Z
6a699fa6937230b102d4811f;ASRcristiano # 178 - 60 codes prize pool!;2026-07-31T19:20:00.000Z;TEF-PBL;STANDARD;100;1778;True;True;7;3;100;241;voll;2026-09-08T11:24:13Z
6a5e305b52c24ac2da64732d;⚡ Surge's TCG Vault Winner Takes All TCG Live #17;2026-07-31T18:00:00.000Z;TEF-PBL;STANDARD;102;2603;True;True;5;2;102;191;voll;2026-09-08T11:24:15Z
6a68191b52c24ac2da64e30d;💥​Plantel Battle #29 PITCH 💥​100 CODES ✔️​ TOP 8;2026-07-30T23:00:00.000Z;TEF-PBL;STANDARD;197;1727;True;True;7;2;197;494;voll;2026-09-08T11:24:17Z
6a5e302452c24ac2da647321;⚡ Surge's TCG Vault Winner Takes All - 50 Codes;2026-07-30T19:00:00.000Z;TEF-PBL;STANDARD;105;2603;True;True;7;2;105;259;voll;2026-09-08T11:24:18Z
6a63970f52c24ac2da64aa36;🏆Moujii's Dojo🏆 (Late Registration Available!);2026-07-30T16:10:00.000Z;TEF-PBL;STANDARD;215;35;True;True;8;3;215;652;voll;2026-09-08T11:24:19Z
6a67099f52c24ac2da64d607;SEASAC League Challenge #5 (SEASON 4) [50 CODES];2026-07-30T11:30:00.000Z;TEF-PBL;STANDARD;138;2623;True;True;8;2;138;378;voll;2026-09-08T11:24:21Z
6a58f6f1cc68177ec6c56a71;REFINE Summer Series Session 5: Pika Cinco;2026-07-29T23:30:00.000Z;TEF-PBL;STANDARD;127;2568;True;True;7;1;127;291;voll;2026-09-08T11:24:22Z
6a699f7b937230b102d4811e;ASRcristiano # 177 - 60 codes prize pool!;2026-07-29T19:00:00.000Z;TEF-PBL;STANDARD;135;1778;True;True;8;3;135;375;voll;2026-09-08T11:24:24Z
6a5e2f31937230b102d401c3;⚡ Surge's TCG Vault Winner Takes All - 50 Codes;2026-07-29T17:00:00.000Z;TEF-PBL;STANDARD;116;2603;True;True;7;2;116;265;voll;2026-09-08T11:24:25Z
6a67097952c24ac2da64d606;SEASAC League Challenge #4 (SEASON 4) [50 CODES];2026-07-29T11:30:00.000Z;TEF-PBL;STANDARD;100;2623;True;True;7;2;100;266;voll;2026-09-08T11:24:27Z
6a628c3252c24ac2da64a05e;Pitch Black Tourney - Last Prize Series #10;2026-07-28T23:35:00.000Z;TEF-PBL;STANDARD;220;2227;True;True;7;1;220;520;voll;2026-09-08T11:24:28Z
6a6728ae52c24ac2da64d669;👑 CrownOfSpain 👑 #3 (10€ paypal);2026-07-28T18:00:00.000Z;TEF-PBL;STANDARD;128;2698;True;True;7;1;128;303;voll;2026-09-08T11:24:30Z
6a5e2eee52c24ac2da647317;⚡ Surge's TCG Vault Winner Takes All - 50 Codes;2026-07-28T17:00:00.000Z;TEF-PBL;STANDARD;102;2603;True;True;7;2;102;260;voll;2026-09-08T11:24:31Z
6a63d849937230b102d436f7;Team Corna Weekly July #6;2026-07-28T16:00:00.000Z;TEF-PBL;STANDARD;108;2583;True;True;7;2;108;279;voll;2026-09-08T11:24:33Z
6a670957937230b102d46707;SEASAC League Challenge #3 (SEASON 4) [50 CODES];2026-07-28T11:30:00.000Z;TEF-PBL;STANDARD;104;2623;True;True;7;2;104;269;voll;2026-09-08T11:24:34Z
6a5a50f9937230b102d3da09;CHALLENGE OF DOOM! THAT'S ALOT OF CATS!;2026-07-28T03:35:00.000Z;TEF-PBL;STANDARD;128;349;True;True;7;1;128;279;voll;2026-09-08T11:24:36Z
6a672281937230b102d46759;Pumpkaweekly;2026-07-27T18:00:00.000Z;TEF-PBL;STANDARD;108;36;True;True;7;1;108;249;voll;2026-09-08T11:24:37Z
6a5fa0c5937230b102d40ede;🏆Moujii's Dojo🏆 (Late Registration Available!);2026-07-27T16:10:00.000Z;TEF-PBL;STANDARD;246;35;True;True;8;3;246;686;voll;2026-09-08T11:24:38Z
6a64f9a4937230b102d44a8a;SEASAC League Challenge #2 (SEASON 4) [50 CODES];2026-07-27T11:30:00.000Z;TEF-PBL;STANDARD;131;2623;True;True;7;2;131;347;voll;2026-09-08T11:24:40Z
6a5ed9bb937230b102d40ab3;Rare Candy Club Showdown #34 (PITCH BLACK LEGAL);2026-07-27T00:00:00.000Z;TEF-PBL;STANDARD;202;2518;True;True;8;2;202;574;voll;2026-09-08T11:24:41Z
6a563d13232a1a55ee10c311;Turn Zero Rising! #5 (100 Codes);2026-07-26T22:00:00.000Z;TEF-PBL;STANDARD;137;1371;True;True;6;3;137;374;voll;2026-09-08T11:24:43Z
6a649972937230b102d4422e;Monster Collectibles After Hours #14;2026-07-26T17:00:00.000Z;TEF-PBL;STANDARD;134;2610;True;True;7;1;134;330;voll;2026-09-08T11:24:44Z
6a6456a4937230b102d4405f;SEASAC League Challenge #1 (SEASON 4) [50 CODES];2026-07-26T11:30:00.000Z;TEF-PBL;STANDARD;126;2623;True;True;7;2;126;342;voll;2026-09-08T11:24:46Z
6a4aeae265724db9ded3da7f;Redacted Chaos 2nd Chance #6 (50 Codes);2026-07-25T23:45:00.000Z;TEF-PBL;STANDARD;111;222;True;True;7;2;111;279;voll;2026-09-08T11:24:47Z
6a4aea4965724db9ded3da7a;Redacted Chaos #8 (100 Codes);2026-07-25T22:05:00.000Z;TEF-PBL;STANDARD;168;222;True;True;7;4;168;448;voll;2026-09-08T11:24:49Z
6a4578d8c87cd9ff0a314b60;($340+ PRIZE POOL) BOUNTY HUNTERS COOKOFF;2026-07-25T18:00:00.000Z;TEF-PBL;STANDARD;193;2315;True;True;8;1;193;512;voll;2026-09-08T11:24:50Z
6a5a5032937230b102d3da04;TOURNAMENT OF DOOM! Have you heard...;2026-07-25T02:35:00.000Z;TEF-PBL;STANDARD;504;349;True;True;9;2;504;1274;voll;2026-09-08T11:24:52Z
6a60c53152c24ac2da648d96;ASRcristiano # 176 - 60 codes prize pool!;2026-07-24T19:00:00.000Z;TEF-PBL;STANDARD;105;1778;True;True;8;3;105;268;voll;2026-09-08T11:24:53Z
6a5e2d9f937230b102d401a6;⚡ Surge's TCG Vault Winner Takes All TCG Live #16;2026-07-24T18:00:00.000Z;TEF-PBL;STANDARD;115;2603;True;True;5;2;115;189;voll;2026-09-08T11:24:55Z
6a5baf52937230b102d3eb53;Team Corna Weekly July #5;2026-07-24T16:00:00.000Z;TEF-PBL;STANDARD;111;2583;True;True;7;2;111;281;voll;2026-09-08T11:24:56Z
6a5f729b52c24ac2da6480ec;SEASAC World Championships Qualifiers | $15 PRIZE;2026-07-24T11:30:00.000Z;TEF-PBL;STANDARD;133;2623;True;True;8;2;133;382;voll;2026-09-08T11:24:57Z
6a5e4d3752c24ac2da647443;💥​Plantel Battle #28 PITCH 💥​100 CODES ✔️​ TOP 8;2026-07-23T23:00:00.000Z;TEF-PBL;STANDARD;121;1727;True;True;7;2;121;295;voll;2026-09-08T11:26:59Z
6a5e2d63937230b102d401a2;⚡ Surge's TCG Vault Winner Takes All - 50 Codes;2026-07-23T18:59:00.000Z;TEF-PBL;STANDARD;104;2603;True;True;7;2;104;238;voll;2026-09-08T11:29:01Z
6a5a671b52c24ac2da644850;🏆Moujii's Dojo🏆 (Late Registration Available!);2026-07-23T16:10:00.000Z;TEF-PBL;STANDARD;229;35;True;True;8;3;229;677;voll;2026-09-08T11:29:16Z
6a58f606cc68177ec6c56a6c;REFINE Summer Series Session 4: Pitchin' Black;2026-07-22T23:30:00.000Z;TEF-PBL;STANDARD;108;2568;True;True;7;1;108;248;voll;2026-09-08T11:29:18Z
6a5e2d30937230b102d401a0;⚡ Surge's TCG Vault Winner Takes All - 50 Codes;2026-07-22T17:00:00.000Z;TEF-PBL;STANDARD;156;2603;True;True;8;2;156;405;voll;2026-09-08T11:29:20Z
6a5bb770937230b102d3ec7d;SEASAC League Challenge #24 (SEASON 3) [50 CODES];2026-07-22T11:30:00.000Z;TEF-PBL;STANDARD;103;2623;True;True;7;2;103;279;voll;2026-09-08T11:29:21Z
6a5e8d4b937230b102d40671;Pitch Black Legal - Last Prize Series #9;2026-07-21T23:35:00.000Z;TEF-PBL;STANDARD;177;2227;True;True;7;1;177;413;voll;2026-09-08T11:29:23Z
6a4e22cd063cb29d318e68d8;👑 CrownOfSpain 👑 #2;2026-07-21T18:00:00.000Z;TEF-PBL;STANDARD;118;2698;True;True;7;1;118;288;voll;2026-09-08T11:29:24Z
6a5baefb52c24ac2da645a63;Team Corna Weekly July #4;2026-07-21T16:00:00.000Z;TEF-PBL;STANDARD;141;2583;True;True;8;2;141;370;voll;2026-09-08T11:29:26Z
6a5b9ac952c24ac2da645851;SEASAC League Challenge #23 (SEASON 3) [50 CODES];2026-07-21T11:30:00.000Z;TEF-PBL;STANDARD;114;2623;True;True;7;2;114;315;voll;2026-09-08T11:29:27Z
6a5e8dd6937230b102d40677;🏛💫 Card Temple Weekly Battles #68;2026-07-21T02:00:00.000Z;TEF-PBL;STANDARD;117;2152;True;True;6;1;117;268;voll;2026-09-08T11:29:29Z
6a543fe6c0a6bab82fbbcca8;Sunny's Weekly #266 Live from The Abyss!;2026-07-20T22:05:00.000Z;TEF-PBL;STANDARD;210;145;True;True;7;1;210;485;voll;2026-09-08T11:29:31Z
6a5d1549937230b102d3fa6f;Pumpkaweekly;2026-07-20T18:00:00.000Z;TEF-PBL;STANDARD;133;36;True;True;7;1;133;319;voll;2026-09-08T11:29:32Z
6a56672b6355385f44dd4a4d;🏆Moujii's Dojo🏆 (Late Registration Available!);2026-07-20T16:10:00.000Z;TEF-PBL;STANDARD;224;35;True;True;8;3;224;644;voll;2026-09-08T11:29:34Z
6a5b9aa7937230b102d3e961;SEASAC League Challenge #22 (SEASON 3) [50 CODES];2026-07-20T11:30:00.000Z;TEF-PBL;STANDARD;104;2623;True;True;7;2;104;264;voll;2026-09-08T11:29:35Z
6a5938d8cc68177ec6c56e10;Rare Candy Club Showdown #33 (PITCH BLACK LEGAL);2026-07-20T00:00:00.000Z;TEF-PBL;STANDARD;267;2518;True;True;8;2;267;744;voll;2026-09-08T11:29:36Z
6a5b622f937230b102d3e577;Monster Collectibles After Hours #13;2026-07-19T17:00:00.000Z;TEF-PBL;STANDARD;120;2610;True;True;6;1;120;260;voll;2026-09-08T11:29:38Z
6a4ae98265724db9ded3da75;Redacted Chaos #7 (100 Codes);2026-07-18T22:05:00.000Z;TEF-PBL;STANDARD;145;222;True;True;7;3;145;407;voll;2026-09-08T11:29:39Z
6a4d528d063cb29d318e6182;TOURNAMENT OF DOOM! IS THAT THE.....;2026-07-18T02:35:00.000Z;TEF-PBL;STANDARD;416;349;True;True;9;2;416;1053;voll;2026-09-08T11:29:41Z
6a578f76232a1a55ee10cd84;ASRcristiano # 172 - Pitch Black legal!;2026-07-16T19:00:00.000Z;TEF-CRI;STANDARD;136;1778;;;0;0;136;0;archetypen;2026-09-08T11:39:43Z
6a511572063cb29d318e8c3f;🏆Moujii's Dojo🏆 (Late Registration Available!);2026-07-16T16:10:00.000Z;TEF-CRI;STANDARD;104;35;;;0;0;104;0;archetypen;2026-09-08T11:39:44Z
6a53a6d63614df026848d798;LAST PRIZE SERIES #8 - CHAOS RISING;2026-07-14T23:35:00.000Z;TEF-CRI;STANDARD;151;2227;;;0;0;151;0;archetypen;2026-09-08T11:39:45Z
6a4c0d3d063cb29d318e5153;Sunny's Weekly #265 Summer of Luvdisc;2026-07-13T22:05:00.000Z;TEF-CRI;STANDARD;143;145;;;0;0;143;0;archetypen;2026-09-08T11:39:46Z
6a4d2cd565724db9ded3f5e3;🏆Moujii's Dojo🏆 (Late Registration Available!);2026-07-13T16:10:00.000Z;TEF-CRI;STANDARD;149;35;;;0;0;149;0;archetypen;2026-09-08T11:39:47Z
6a4f5042063cb29d318e783e;SEASAC League Challenge #17 (SEASON 3) [50 CODES];2026-07-13T11:30:00.000Z;TEF-CRI;STANDARD;104;2623;;;0;0;104;0;archetypen;2026-09-08T11:39:47Z
6a4eac9f65724db9ded40814;Rare Candy Club Showdown #32 (50 CODES);2026-07-13T00:00:00.000Z;TEF-CRI;STANDARD;233;2518;;;0;0;233;0;archetypen;2026-09-08T11:39:48Z
6a4ae8c365724db9ded3da6d;A Very Redacted Birthday! (200 Codes);2026-07-11T22:05:00.000Z;TEF-CRI;STANDARD;104;222;;;0;0;104;0;archetypen;2026-09-08T11:39:49Z
6a400627c87cd9ff0a3113bf;TOURNAMENT OF DOOM! LAST WEEK OF CHAOS!;2026-07-11T02:35:00.000Z;TEF-CRI;STANDARD;365;349;;;0;0;365;0;archetypen;2026-09-08T11:39:50Z
6a47f19765724db9ded3b627;🏆Moujii's Dojo🏆 (Late Registration Available!);2026-07-09T16:10:00.000Z;TEF-CRI;STANDARD;148;35;;;0;0;148;0;archetypen;2026-09-08T11:39:51Z
6a4d1d71063cb29d318e5e4f;SEASAC League Challenge #15 (SEASON 3) [50 CODES];2026-07-09T11:30:00.000Z;TEF-CRI;STANDARD;117;2623;;;0;0;117;0;archetypen;2026-09-08T11:39:52Z
6a3eb961c87cd9ff0a310222;REFINE Summer Series Session 2;2026-07-08T23:30:00.000Z;TEF-CRI;STANDARD;115;2568;;;0;0;115;0;archetypen;2026-09-08T11:39:52Z
6a4c32a965724db9ded3eb6f;HIdeout TCG Thx for 500+ members PTCGL $45 cash;2026-07-08T21:15:00.000Z;TEF-CRI;STANDARD;179;2705;;;0;0;179;0;archetypen;2026-09-08T11:39:53Z
6a4c3df0063cb29d318e5594;⚡ Surge's TCG Vault Winner Takes All - 50 Codes;2026-07-08T17:00:00.000Z;TEF-CRI;STANDARD;103;2603;;;0;0;103;0;archetypen;2026-09-08T11:39:54Z
6a46b80e83fd320299bd68e9;LAST PRIZE SERIES #7 - CHAOS RISING;2026-07-07T23:35:00.000Z;TEF-CRI;STANDARD;151;2227;;;0;0;151;0;archetypen;2026-09-08T11:39:55Z
6a4c3dc765724db9ded3ec3d;⚡ Surge's TCG Vault Winner Takes All - 50 Codes;2026-07-07T20:00:00.000Z;TEF-CRI;STANDARD;100;2603;;;0;0;100;0;archetypen;2026-09-08T11:39:56Z
6a2be310e334c3c9befd4622;👑 CrownOfSpain 👑 (10€ paypal);2026-07-07T18:00:00.000Z;TEF-CRI;STANDARD;157;2698;;;0;0;157;0;archetypen;2026-09-08T11:39:56Z
6a284d862d97f3b0c26124ea;CHALLENGE OF DOOM! BURGERS OR HOTDOGS?;2026-07-07T03:35:00.000Z;TEF-CRI;STANDARD;128;349;;;0;0;128;0;archetypen;2026-09-08T11:39:57Z
6a431ad383fd320299bd46b4;Sunny's Weekly #264 Down the Slowpoke Well;2026-07-06T22:05:00.000Z;TEF-CRI;STANDARD;145;145;;;0;0;145;0;archetypen;2026-09-08T11:39:58Z
6a44081f83fd320299bd5014;🏆Moujii's Dojo🏆 (Late Registration Available!);2026-07-06T16:10:00.000Z;TEF-CRI;STANDARD;184;35;;;0;0;184;0;archetypen;2026-09-08T11:39:59Z
6a4856e465724db9ded3bc7e;Rare Candy Club Showdown #31 (50 CODES);2026-07-06T00:00:00.000Z;TEF-CRI;STANDARD;213;2518;;;0;0;213;0;archetypen;2026-09-08T11:40:00Z
6a43de5cc87cd9ff0a313932;Redacted Chaos AMERICA 250! (250 Codes);2026-07-04T22:05:00.000Z;TEF-CRI;STANDARD;142;222;;;0;0;142;0;archetypen;2026-09-08T11:40:01Z
6a284d04e334c3c9befd25e2;TOURNAMENT OF DOOM! WAIT, WUT?;2026-07-04T02:35:00.000Z;TEF-CRI;STANDARD;346;349;;;0;0;346;0;archetypen;2026-09-08T11:40:02Z
6a45bed1c87cd9ff0a314f10;💥​Plantel Battle #27 CHAOS 💥​100 CODES ✔️​ TOP 8;2026-07-02T23:00:00.000Z;TEF-CRI;STANDARD;123;1727;;;0;0;123;0;archetypen;2026-09-08T11:40:02Z
6a3eb6de83fd320299bd0dfc;🏆Moujii's Dojo🏆 (Late Registration Available!);2026-07-02T16:10:00.000Z;TEF-CRI;STANDARD;164;35;;;0;0;164;0;archetypen;2026-09-08T11:40:03Z
6a3f5d3e83fd320299bd18de;SEASAC League Challenge #10 (SEASON 3) [50 CODES];2026-07-02T11:30:00.000Z;TEF-CRI;STANDARD;102;2623;;;0;0;102;0;archetypen;2026-09-08T11:40:04Z
6a238bf047f3797bf6bad37d;REFINE Summer Series Session 1;2026-07-01T23:30:00.000Z;TEF-CRI;STANDARD;128;2568;;;0;0;128;0;archetypen;2026-09-08T11:40:05Z
6a2a2ad82d97f3b0c2613980;Hideout TCG MID-WEEK Meta Clash 50 codes;2026-07-01T21:15:00.000Z;TEF-CRI;STANDARD;109;2705;;;0;0;109;0;archetypen;2026-09-08T11:40:06Z
6a42564583fd320299bd3d12;⚡ Surge's TCG Vault Winner Takes All - 50 Codes;2026-07-01T17:00:00.000Z;TEF-CRI;STANDARD;114;2603;;;0;0;114;0;archetypen;2026-09-08T11:40:07Z
6a427cb383fd320299bd3ed1;LAST PRIZE SERIES #6 - CHAOS RISING;2026-06-30T23:35:00.000Z;TEF-CRI;STANDARD;116;2227;;;0;0;116;0;archetypen;2026-09-08T11:40:08Z
6a3e9f8d83fd320299bd0c18;SEASAC League Challenge #8 (SEASON 3) [50 CODES];2026-06-30T11:30:00.000Z;TEF-CRI;STANDARD;107;2623;;;0;0;107;0;archetypen;2026-09-08T11:40:08Z
6a42ef9d83fd320299bd444f;🏛💫 Card Temple Weekly Battles #65;2026-06-30T02:00:00.000Z;TEF-CRI;STANDARD;102;2152;;;0;0;102;0;archetypen;2026-09-08T11:40:09Z
6a39ac0083fd320299bce1d9;Sunny's Weekly #263 A Grand Empire!;2026-06-29T22:05:00.000Z;TEF-CRI;STANDARD;156;145;;;0;0;156;0;archetypen;2026-09-08T11:40:10Z
6a3869c7ceacae7d6441c1d9;⚡ Surge's TCG Vault Winner Takes All - 50 Codes;2026-06-29T20:00:00.000Z;TEF-CRI;STANDARD;124;2603;;;0;0;124;0;archetypen;2026-09-08T11:40:11Z
6a3aa95283fd320299bce9ba;🏆Moujii's Dojo🏆 (Late Registration Available!);2026-06-29T16:10:00.000Z;TEF-CRI;STANDARD;162;35;;;0;0;162;0;archetypen;2026-09-08T11:40:12Z
6a03e4e413f957d6d4b4720f;RCC 1000 MEMBERS | $100 USD PRIZE | NO ENTRY FEE;2026-06-29T00:00:00.000Z;TEF-CRI;STANDARD;382;2518;;;0;0;382;0;archetypen;2026-09-08T11:40:13Z
6a31d0cae334c3c9befd817e;Redacted Chaos #4 (100 Codes);2026-06-27T22:05:00.000Z;TEF-CRI;STANDARD;114;222;;;0;0;114;0;archetypen;2026-09-08T11:40:13Z
6a284cb42d97f3b0c26124e7;TOURNAMENT OF DOOM! BUGS! BUGS! BUGS!;2026-06-27T02:35:00.000Z;TEF-CRI;STANDARD;376;349;;;0;0;376;0;archetypen;2026-09-08T11:40:14Z
6a35668cceacae7d64419aa0;🏆Moujii's Dojo🏆 (Late Registration Available!);2026-06-25T16:10:00.000Z;TEF-CRI;STANDARD;142;35;;;0;0;142;0;archetypen;2026-09-08T11:40:15Z
6a3869d3af50e12308407ffe;⚡ Surge's TCG Vault Winner Takes All - 50 Codes;2026-06-24T17:00:00.000Z;TEF-CRI;STANDARD;104;2603;;;0;0;104;0;archetypen;2026-09-08T11:40:16Z
6a348858e334c3c9befd9b30;LastPrize Series (100 Codes Prize Pool);2026-06-23T23:35:00.000Z;TEF-CRI;STANDARD;155;2227;;;0;0;155;0;archetypen;2026-09-08T11:40:17Z
6a3869d7af50e12308407fff;⚡ Surge's TCG Vault Winner Takes All - 50 Codes;2026-06-23T17:00:00.000Z;TEF-CRI;STANDARD;107;2603;;;0;0;107;0;archetypen;2026-09-08T11:40:18Z
6a36158daf50e12308405e02;SEASAC League Challenge #2 (SEASON 3) [50 CODES];2026-06-23T11:30:00.000Z;TEF-CRI;STANDARD;100;2623;;;0;0;100;0;archetypen;2026-09-08T11:40:18Z
6a284d382d97f3b0c26124e8;CHALLENGE OF DOOM! I THINK I'M NOT SO TIRED NOW!;2026-06-23T03:35:00.000Z;TEF-CRI;STANDARD;128;349;;;0;0;128;0;archetypen;2026-09-08T11:40:19Z
6a3068072d97f3b0c2617872;Sunny's Weekly #262 Pizza Pizza!;2026-06-22T22:05:00.000Z;TEF-CRI;STANDARD;130;145;;;0;0;130;0;archetypen;2026-09-08T11:40:20Z
6a316326e334c3c9befd7f8b;🏆Moujii's Dojo🏆 (Late Registration Available!);2026-06-22T16:10:00.000Z;TEF-CRI;STANDARD;127;35;;;0;0;127;0;archetypen;2026-09-08T11:40:21Z
6a380828ceacae7d6441bda1;SEASAC League Cup #1 (SEASON 3) [150 CODES];2026-06-22T11:30:00.000Z;TEF-CRI;STANDARD;103;2623;;;0;0;103;0;archetypen;2026-09-08T11:40:22Z
6a35ed32ceacae7d6441a2e1;Rare Candy Club Showdown #30 (50 CODES);2026-06-22T00:00:00.000Z;TEF-CRI;STANDARD;119;2518;;;0;0;119;0;archetypen;2026-09-08T11:40:22Z
6a29ca7f2d97f3b0c2613476;Turn Zero Rising! #3 (100 Codes);2026-06-21T22:00:00.000Z;TEF-CRI;STANDARD;105;1371;;;0;0;105;0;archetypen;2026-09-08T11:40:23Z
6a2f0446e334c3c9befd6dc5;Monster Collectibles: After Hours #10;2026-06-21T17:00:00.000Z;TEF-CRI;STANDARD;105;2610;;;0;0;105;0;archetypen;2026-09-08T11:40:24Z
6a284c5e2d97f3b0c26124e6;TOURNAMENT OF DOOM! IS NOT GOING AWAY!;2026-06-20T02:35:00.000Z;TEF-CRI;STANDARD;302;349;;;0;0;302;0;archetypen;2026-09-08T11:40:25Z
6a0b676d13f957d6d4b4aed0;⚡ Surge's TCG Vault Winner Takes All TCG Live #12;2026-06-19T18:00:00.000Z;TEF-CRI;STANDARD;102;2603;;;0;0;102;0;archetypen;2026-09-08T11:40:26Z
6a2eca29e334c3c9befd6934;SEASAC World Championships Qualifiers | $50 PRIZE;2026-06-19T11:30:00.000Z;TEF-CRI;STANDARD;129;2623;;;0;0;129;0;archetypen;2026-09-08T11:40:27Z
6a2c30502d97f3b0c2614c64;🏆Moujii's Dojo🏆 (Late Registration Available!);2026-06-18T16:10:00.000Z;TEF-CRI;STANDARD;151;35;;;0;0;151;0;archetypen;2026-09-08T11:40:27Z
6a28d75ce334c3c9befd2cd9;After NAIC LAST PRIZE SERIES;2026-06-16T23:35:00.000Z;TEF-CRI;STANDARD;206;2227;;;0;0;206;0;archetypen;2026-09-08T11:40:28Z
6a3054592d97f3b0c26177c9;🏛💫 Card Temple Weekly Battles #63;2026-06-16T02:00:00.000Z;TEF-CRI;STANDARD;108;2152;;;0;0;108;0;archetypen;2026-09-08T11:40:29Z
6a271ec756b11a587a94c62a;Sunny's Weekly #261 Sunny's Twitch Anniversary;2026-06-15T22:05:00.000Z;TEF-CRI;STANDARD;136;145;;;0;0;136;0;archetypen;2026-09-08T11:40:30Z
6a27213f47f3797bf6baf54d;🏆Moujii's Dojo🏆 (Late Registration Available!);2026-06-15T16:10:00.000Z;TEF-CRI;STANDARD;162;35;;;0;0;162;0;archetypen;2026-09-08T11:40:31Z
6a272b2856b11a587a94c6c3;Rare Candy Club Showdown #29 (50 CODES);2026-06-15T00:00:00.000Z;TEF-CRI;STANDARD;141;2518;;;0;0;141;0;archetypen;2026-09-08T11:40:32Z
6a2cae432d97f3b0c2615295;⚡ Surge's TCG Vault Winner Takes All - 50 Codes;2026-06-13T17:15:00.000Z;TEF-CRI;STANDARD;104;2603;;;0;0;104;0;archetypen;2026-09-08T11:40:32Z
6a19c0ff56b11a587a942cd3;TOURNAMENT OF DOOM! BACK TO STAYING UP ALL NIGHT!;2026-06-13T02:35:00.000Z;TEF-CRI;STANDARD;266;349;;;0;0;266;0;archetypen;2026-09-08T11:40:33Z
6a26df6747f3797bf6baf1e7;🏆Moujii's Dojo🏆 (Late Registration Available!);2026-06-11T16:10:00.000Z;TEF-CRI;STANDARD;135;35;;;0;0;135;0;archetypen;2026-09-08T11:40:34Z
6a1fa4b756b11a587a947287;PRE NAIC LAST PRIZE SERIES;2026-06-09T23:35:00.000Z;TEF-CRI;STANDARD;143;2227;;;0;0;143;0;archetypen;2026-09-08T11:40:35Z
6a22eb7747f3797bf6bac764;SEASAC League Challenge #17 [50 CODES];2026-06-09T11:30:00.000Z;TEF-CRI;STANDARD;100;2623;;;0;0;100;0;archetypen;2026-09-08T11:40:36Z
6a26d71a56b11a587a94c21b;🏛💫 Card Temple Weekly Battles #62;2026-06-09T02:00:00.000Z;TEF-CRI;STANDARD;139;2152;;;0;0;139;0;archetypen;2026-09-08T11:40:37Z
6a1de09847f3797bf6ba93c0;Sunny's Weekly #260 Poké Voodoo;2026-06-08T22:05:00.000Z;TEF-CRI;STANDARD;181;145;;;0;0;181;0;archetypen;2026-09-08T11:40:37Z
6a256e4747f3797bf6bae558;Pumpkaweekly;2026-06-08T18:00:00.000Z;TEF-CRI;STANDARD;123;36;;;0;0;123;0;archetypen;2026-09-08T11:40:38Z
6a1f23b847f3797bf6baa1a4;🏆Moujii's Dojo🏆 (Late Registration Available!);2026-06-08T16:10:00.000Z;TEF-CRI;STANDARD;168;35;;;0;0;168;0;archetypen;2026-09-08T11:40:39Z
6a23a40447f3797bf6bad463;SEASAC Regional #1 [200 CODES];2026-06-08T11:30:00.000Z;TEF-CRI;STANDARD;112;2623;;;0;0;112;0;archetypen;2026-09-08T11:40:40Z
6a233b3f47f3797bf6bacdb5;Rare Candy Club Showdown #27 (50 CODES);2026-06-08T00:00:00.000Z;TEF-CRI;STANDARD;105;2518;;;0;0;105;0;archetypen;2026-09-08T11:40:41Z
6a0c8905dfbdf089cbbdd5e8;Turn Zero Rising! #2 (100 Codes);2026-06-07T22:00:00.000Z;TEF-CRI;STANDARD;176;1371;;;0;0;176;0;archetypen;2026-09-08T11:40:41Z
69cada2ad478313a15a37972;CHAMPIONSHIP OF DOOM! IX;2026-06-06T15:00:00.000Z;TEF-CRI;STANDARD;450;349;;;0;0;450;0;archetypen;2026-09-08T11:40:42Z
6a1e390347f3797bf6ba9953;Hideout TCG ptcgl cash tournament $10.00 (chaos✓);2026-06-05T22:45:00.000Z;TEF-CRI;STANDARD;102;2705;;;0;0;102;0;archetypen;2026-09-08T11:40:43Z
69fdf82e2b59cd9b66b26f70;⚡Surge's TCG Vault Winner Takes All - TCG Live #10;2026-06-05T18:00:00.000Z;TEF-CRI;STANDARD;102;2603;;;0;0;102;0;archetypen;2026-09-08T11:40:44Z
6a1661c08c163b8097998337;Chaos Rising LAST PRIZE SERIES Season 3;2026-06-02T23:35:00.000Z;TEF-CRI;STANDARD;170;2227;;;0;0;170;0;archetypen;2026-09-08T11:44:23Z
6a1eaac047f3797bf6ba9d10;⚡ Surge's TCG Vault Winner Takes All - 50 Codes;2026-06-02T17:00:00.000Z;TEF-CRI;STANDARD;134;2603;;;0;0;134;0;archetypen;2026-09-08T11:44:24Z
6a19c09b47f3797bf6ba6859;CHALLENGE OF DOOM! Eh, why not?;2026-06-02T03:35:00.000Z;TEF-CRI;STANDARD;128;349;;;0;0;128;0;archetypen;2026-09-08T11:44:25Z
6a149cd28c163b809799739d;Sunny's Weekly #259 5 Years of Sunny's Weekly!;2026-06-01T22:05:00.000Z;TEF-CRI;STANDARD;168;145;;;0;0;168;0;archetypen;2026-09-08T11:44:26Z
6a15d93e8c163b8097997d76;🏆Moujii's Dojo🏆 (Late Registration Available!);2026-06-01T16:10:00.000Z;TEF-CRI;STANDARD;170;35;;;0;0;170;0;archetypen;2026-09-08T11:44:27Z
6a17753a0f6c1f08998626af;Rare Candy Club Showdown #26 (CHAOS RISING LEGAL);2026-06-01T00:00:00.000Z;TEF-CRI;STANDARD;181;2518;;;0;0;181;0;archetypen;2026-09-08T11:44:28Z
6a1358470f6c1f089986042b;Monster Collectibles After Hours #7;2026-05-31T17:00:00.000Z;TEF-CRI;STANDARD;129;2610;;;0;0;129;0;archetypen;2026-09-08T11:44:28Z
6a18254a8c163b8097998d06;SEASAC League Cup #1 [200 CODES];2026-05-30T11:30:00.000Z;TEF-CRI;STANDARD;100;2623;;;0;0;100;0;archetypen;2026-09-08T11:44:29Z
69f4c3264f71d664893e8efe;TOURNAMENT OF DOOM! SOON! SOON! SOON!;2026-05-30T02:35:00.000Z;TEF-CRI;STANDARD;289;349;;;0;0;289;0;archetypen;2026-09-08T11:44:30Z
69fdf8222b59cd9b66b26f6e;⚡ Surge's TCG Vault Winner Takes All - TCG Live #9;2026-05-29T18:05:00.000Z;TEF-CRI;STANDARD;108;2603;;;0;0;108;0;archetypen;2026-09-08T11:44:31Z
6a15f7da8c163b8097997eb4;💥​Plantel Battle #24 CHAOS 💥​100 CODES ✔️​ TOP 8;2026-05-28T23:00:00.000Z;TEF-CRI;STANDARD;107;1727;;;0;0;107;0;archetypen;2026-09-08T11:44:32Z
6a183bec0f6c1f0899862992;ASRcristiano # 162 - Road to Turin Special;2026-05-28T19:00:00.000Z;TEF-CRI;STANDARD;117;1778;;;0;0;117;0;archetypen;2026-09-08T11:44:33Z
6a0f9b31dfbdf089cbbdec47;🏆Moujii's Dojo🏆 (Late Registration Available!);2026-05-28T16:15:00.000Z;TEF-CRI;STANDARD;186;35;;;0;0;186;0;archetypen;2026-09-08T11:44:33Z
6a09ede013f957d6d4b4a556;Chaos Rising LAST PRIZE SERIES Season 3;2026-05-26T23:35:00.000Z;TEF-CRI;STANDARD;216;2227;;;0;0;216;0;archetypen;2026-09-08T11:44:34Z
697253489c739a2ff7bf5585;Turtwig Den Revival Series Challenge 35;2026-05-26T16:05:00.000Z;TEF-CRI;STANDARD;101;196;;;0;0;101;0;archetypen;2026-09-08T11:44:35Z
69ffcd8fdfbdf089cbbd68d6;CHALLENGE OF DOOM! TRY'S REALLY HARD!;2026-05-26T03:35:00.000Z;TEF-CRI;STANDARD;128;349;;;0;0;128;0;archetypen;2026-09-08T11:44:36Z
6a0b5f2913f957d6d4b4ae56;Sunny's Weekly #258 Sunny's Birthday Bash!;2026-05-25T22:05:00.000Z;TEF-CRI;STANDARD;170;145;;;0;0;170;0;archetypen;2026-09-08T11:44:37Z
6a1353ec0f6c1f0899860401;Pumpkaweekly;2026-05-25T18:00:00.000Z;TEF-CRI;STANDARD;127;36;;;0;0;127;0;archetypen;2026-09-08T11:44:38Z
6a0c908513f957d6d4b4b729;🏆Moujii's Dojo🏆 (Late Registration Available!);2026-05-25T16:10:00.000Z;TEF-CRI;STANDARD;260;35;;;0;0;260;0;archetypen;2026-09-08T11:44:39Z
6a0ae95213f957d6d4b4ab3a;SEASAC League Challenge #7 [50 CODES];2026-05-25T11:30:00.000Z;TEF-CRI;STANDARD;101;2623;;;0;0;101;0;archetypen;2026-09-08T11:44:39Z
6a0d4df7dfbdf089cbbddba5;Rare Candy Club Showdown #25 (CHAOS RISING LEGAL);2026-05-25T00:00:00.000Z;TEF-CRI;STANDARD;140;2518;;;0;0;140;0;archetypen;2026-09-08T11:44:40Z
6a0c882813f957d6d4b4b701;Turn Zero Rising! #1 (200 Codes);2026-05-24T22:00:00.000Z;TEF-CRI;STANDARD;181;1371;;;0;0;181;0;archetypen;2026-09-08T11:44:41Z
6a1051be0f6c1f089985e5c5;Monster collectibles after hours #6;2026-05-24T17:00:00.000Z;TEF-CRI;STANDARD;102;2610;;;0;0;102;0;archetypen;2026-09-08T11:44:42Z
6a0ae8dedfbdf089cbbdc90e;SEASAC League Challenge #6 [50 CODES];2026-05-24T11:30:00.000Z;TEF-CRI;STANDARD;100;2623;;;0;0;100;0;archetypen;2026-09-08T11:44:43Z
6a0dfdc813f957d6d4b4bfb4;Trainers Travel Weekly #3 POR $100 OR Free Hotel;2026-05-23T22:00:00.000Z;TEF-CRI;STANDARD;170;2446;;;0;0;170;0;archetypen;2026-09-08T11:44:43Z
69f4c2e74f71d664893e8ef9;TOURNAMENT OF DOOM! YES, CHAOS!;2026-05-23T02:35:00.000Z;TEF-CRI;STANDARD;284;349;;;0;0;284;0;archetypen;2026-09-08T11:44:44Z
6a075d6cdfbdf089cbbdae47;🏆Moujii's Dojo🏆 (Late Registration Available!);2026-05-21T16:10:00.000Z;TEF-POR;STANDARD;161;35;;;0;0;161;0;archetypen;2026-09-08T11:44:45Z
6a0db12ddfbdf089cbbddd0f;ASRcristiano # 159 - Road to Turin Special;2026-05-20T19:00:00.000Z;TEF-POR;STANDARD;112;1778;;;0;0;112;0;archetypen;2026-09-08T11:44:46Z
6a05e7e913f957d6d4b47be5;🏛💫 Card Temple Weekly Battles #59;2026-05-19T02:00:00.000Z;TEF-POR;STANDARD;128;2152;;;0;0;128;0;archetypen;2026-09-08T11:44:47Z
6a01268213f957d6d4b4574a;Sunny's Weekly #257 Miltank Is Udder Perfection;2026-05-18T22:05:00.000Z;TEF-POR;STANDARD;163;145;;;0;0;163;0;archetypen;2026-09-08T11:44:48Z
6a02f37213f957d6d4b46851;🏆Moujii's Dojo🏆 (Late Registration Available!);2026-05-18T16:10:00.000Z;TEF-POR;STANDARD;201;35;;;0;0;201;0;archetypen;2026-09-08T11:44:49Z
6a04e3e2dfbdf089cbbd9b5e;Rare Candy Club Showdown #24 (50 CODES);2026-05-18T00:00:00.000Z;TEF-POR;STANDARD;213;2518;;;0;0;213;0;archetypen;2026-09-08T11:44:49Z
6a04a54e13f957d6d4b474d6;Defenders Arena #15🏆|INDY REGIONAL PREP|50+ CODES;2026-05-17T00:30:00.000Z;TEF-POR;STANDARD;108;2226;;;0;0;108;0;archetypen;2026-09-08T11:44:50Z
6a0476cb13f957d6d4b47405;Trainers Travel Weekly #2 |$100 OR Free Hotel;2026-05-16T22:00:00.000Z;TEF-POR;STANDARD;215;2446;;;0;0;215;0;archetypen;2026-09-08T11:44:51Z
69f4c2ade23aab068aad71d5;TOURNAMENT OF DOOM! ART! ART! ART!;2026-05-16T02:35:00.000Z;TEF-POR;STANDARD;276;349;;;0;0;276;0;archetypen;2026-09-08T11:44:52Z
6a04910adfbdf089cbbd9803;💥​Plantel Battle #23 💥​100 CODES ✔️​ TOP 8;2026-05-14T23:00:00.000Z;TEF-POR;STANDARD;103;1727;;;0;0;103;0;archetypen;2026-09-08T11:44:53Z
69fe22972b59cd9b66b271bd;🏆Moujii's Dojo🏆 (Late Registration Available!);2026-05-14T16:10:00.000Z;TEF-POR;STANDARD;200;35;;;0;0;200;0;archetypen;2026-09-08T11:44:54Z
69c9518a36f5b5c303dc144e;Ascended Nexus! #12 (100 Codes);2026-05-13T22:00:00.000Z;TEF-POR;STANDARD;153;1371;;;0;0;153;0;archetypen;2026-09-08T11:44:55Z
6a008dd4dfbdf089cbbd7088;🏆 PokeMagee weekly 🤙Week#3 - top 8 codes!;2026-05-13T18:00:00.000Z;TEF-POR;STANDARD;129;2659;;;0;0;129;0;archetypen;2026-09-08T11:44:55Z
6a027c0adfbdf089cbbd87cf;Last Chance- Last Prize Season 2;2026-05-12T23:35:00.000Z;TEF-POR;STANDARD;133;2227;;;0;0;133;0;archetypen;2026-09-08T11:44:56Z
6a01d5f2dfbdf089cbbd7da0;🏛💫 Card Temple Weekly Battles #58;2026-05-12T02:00:00.000Z;TEF-POR;STANDARD;114;2152;;;0;0;114;0;archetypen;2026-09-08T11:44:57Z
69f911d8e23aab068aadafe5;Sunny's Weekly #256 Ciphermaniac’s 256-Bit Gaming!;2026-05-11T22:05:00.000Z;TEF-POR;STANDARD;171;145;;;0;0;171;0;archetypen;2026-09-08T11:44:58Z
6a00e0c0dfbdf089cbbd7654;Pumpkaweekly;2026-05-11T18:00:00.000Z;TEF-POR;STANDARD;125;36;;;0;0;125;0;archetypen;2026-09-08T11:44:59Z
69fa0db04f71d664893ed8b4;🏆Moujii's Dojo🏆 (Late Registration Available!);2026-05-11T16:10:00.000Z;TEF-POR;STANDARD;182;35;;;0;0;182;0;archetypen;2026-09-08T11:45:00Z
69f4579be23aab068aad6b4a;SEASAC Regional #2 | $25 PRIZE | FREE ENTRY;2026-05-11T11:30:00.000Z;TEF-POR;STANDARD;109;2623;;;0;0;109;0;archetypen;2026-09-08T11:45:00Z
69f9383e4f71d664893ed246;Trainers Travel Weekly #1 |$100 OR Free Hotel;2026-05-09T22:00:00.000Z;TEF-POR;STANDARD;232;2446;;;0;0;232;0;archetypen;2026-09-08T11:45:01Z
69eb980548d465883f71bd66;TOURNAMENT OF DOOM! Is.....;2026-05-09T02:35:00.000Z;TEF-POR;STANDARD;257;349;;;0;0;257;0;archetypen;2026-09-08T11:45:02Z
69f0df364f71d664893e65fe;💥​Plantel Battle #22 💥​100 CODES ✔️​ TOP 8;2026-05-07T23:00:00.000Z;TEF-POR;STANDARD;104;1727;;;0;0;104;0;archetypen;2026-09-08T11:45:03Z
69fb3adc4f71d664893ee513;ASRcristiano # 158 - Road to Turin Special;2026-05-07T19:15:00.000Z;TEF-POR;STANDARD;156;1778;;;0;0;156;0;archetypen;2026-09-08T11:45:04Z
69f553544f71d664893e99f0;🏆Moujii's Dojo🏆 (Late Registration Available!);2026-05-07T16:10:00.000Z;TEF-POR;STANDARD;197;35;;;0;0;197;0;archetypen;2026-09-08T11:45:05Z
69fb3abc4f71d664893ee510;ASRcristiano # 157 - Road to Turin Special;2026-05-06T19:00:00.000Z;TEF-POR;STANDARD;129;1778;;;0;0;129;0;archetypen;2026-09-08T11:45:05Z
69f442124f71d664893e8a93;Torneo Gratuito Sidedeck Online 5 Mayo;2026-05-06T00:00:00.000Z;TEF-POR;STANDARD;102;2306;;;0;0;102;0;archetypen;2026-09-08T11:45:06Z
69f3c02c4f71d664893e8327;LastPrize Series (100 Codes Prize Pool);2026-05-05T23:35:00.000Z;TEF-POR;STANDARD;196;2227;;;0;0;196;0;archetypen;2026-09-08T11:45:07Z
69f5fcfce23aab068aad84d5;Hydra TCG Serbia online tournament v3 (codes);2026-05-05T19:00:00.000Z;TEF-POR;STANDARD;158;2555;;;0;0;158;0;archetypen;2026-09-08T11:45:08Z
69cab8a6d478313a15a3766c;CHALLENGE OF DOOM! WORST SOUND IN THE WORLD?;2026-05-05T03:35:00.000Z;TEF-POR;STANDARD;128;349;;;0;0;128;0;archetypen;2026-09-08T11:45:09Z
69efb755e23aab068aad3a72;Sunny's Weekly #255 May the 4th be with You!;2026-05-04T22:05:00.000Z;TEF-POR;STANDARD;190;145;;;0;0;190;0;archetypen;2026-09-08T11:45:10Z
69f0ef394f71d664893e6676;🏆Moujii's Dojo🏆 (Late Registration Available!);2026-05-04T18:10:00.000Z;TEF-POR;STANDARD;237;35;;;0;0;237;0;archetypen;2026-09-08T11:45:11Z
69f7b19d4f71d664893ebb8d;Pumpkaweekly;2026-05-04T18:00:00.000Z;TEF-POR;STANDARD;137;36;;;0;0;137;0;archetypen;2026-09-08T11:45:11Z
69f0ea064f71d664893e6657;Rare Candy Club Showdown #21 (50 CODES);2026-05-04T00:00:00.000Z;TEF-POR;STANDARD;129;2518;;;0;0;129;0;archetypen;2026-09-08T11:45:12Z
69f74c70e23aab068aad9a7f;Redacted Heroes Open Cup;2026-05-03T22:00:00.000Z;TEF-POR;STANDARD;197;222;;;0;0;197;0;archetypen;2026-09-08T11:45:13Z
69f4bd75e23aab068aad7131;Monster Collectibles After Hours #4;2026-05-03T17:00:00.000Z;TEF-POR;STANDARD;149;2610;;;0;0;149;0;archetypen;2026-09-08T11:45:14Z
69f23003e23aab068aad5364;SEASAC League Cup #4 (100 CODES);2026-05-03T11:30:00.000Z;TEF-POR;STANDARD;129;2623;;;0;0;129;0;archetypen;2026-09-08T11:45:15Z
69e4f52248d465883f718019;Redacted Heroes #13 (100 Codes);2026-05-02T22:05:00.000Z;TEF-POR;STANDARD;166;222;;;0;0;166;0;archetypen;2026-09-08T11:45:15Z
69eb924f78b359b789d6adf6;TOURNAMENT OF DOOM! THE SEARCH FOR....;2026-05-02T02:35:00.000Z;TEF-POR;STANDARD;374;349;;;0;0;374;0;archetypen;2026-09-08T11:45:16Z
69e608b248d465883f718a90;⚡ Surge's TCG Vault Winner Takes All - TCG Live #5;2026-05-01T18:00:00.000Z;TEF-POR;STANDARD;103;2603;;;0;0;103;0;archetypen;2026-09-08T11:45:17Z
697252cab1294bfab7203637;Turtwig Den Revival Series Cup 7;2026-05-01T16:05:00.000Z;TEF-POR;STANDARD;111;196;;;0;0;111;0;archetypen;2026-09-08T11:45:18Z
69ed5e502c2dde355260a31d;Gamers Alley Weekly 300 Codes;2026-04-30T23:00:00.000Z;TEF-POR;STANDARD;107;1463;;;0;0;107;0;archetypen;2026-09-08T11:45:19Z
69f1f2f84f71d664893e6fc6;ASRcristiano # 156 - Road to Turin Special;2026-04-30T19:00:00.000Z;TEF-POR;STANDARD;132;1778;;;0;0;132;0;archetypen;2026-09-08T11:45:20Z
69eb8d9948d465883f71bcd3;🏆Moujii's Dojo🏆 (Late Registration Available!);2026-04-30T16:10:00.000Z;TEF-POR;STANDARD;200;35;;;0;0;200;0;archetypen;2026-09-08T11:45:21Z
69f1f2d24f71d664893e6fb2;ASRcristiano # 155 - Road to Turin Special;2026-04-29T19:00:00.000Z;TEF-POR;STANDARD;111;1778;;;0;0;111;0;archetypen;2026-09-08T11:45:21Z
69f0de9fe23aab068aad4449;Perfer Order Format - Last Prize Season 2;2026-04-28T23:30:00.000Z;TEF-POR;STANDARD;164;2227;;;0;0;164;0;archetypen;2026-09-08T11:45:22Z
69ee835463e53b0bb0b70194;HydraTCG Serbia online tournament v2 (codes);2026-04-28T19:00:00.000Z;TEF-POR;STANDARD;135;2555;;;0;0;135;0;archetypen;2026-09-08T11:45:23Z
69ef98dee23aab068aad380d;💫 Card Temple Weekly Battles #56;2026-04-28T02:00:00.000Z;TEF-POR;STANDARD;110;2152;;;0;0;110;0;archetypen;2026-09-08T11:45:24Z
69e5409148d465883f718547;Sunny's Weekly #254 Get in the Zone! Magnezone!;2026-04-27T22:05:00.000Z;TEF-POR;STANDARD;180;145;;;0;0;180;0;archetypen;2026-09-08T11:45:25Z
69eb8d3e48d465883f71bccc;🏆Moujii's Dojo🏆 (Late Registration Available!);2026-04-27T18:10:00.000Z;TEF-POR;STANDARD;237;35;;;0;0;237;0;archetypen;2026-09-08T11:45:26Z
69e9be0148d465883f71ac10;SEASAC League Cup #3 (100 CODES);2026-04-27T11:30:00.000Z;TEF-POR;STANDARD;100;2623;;;0;0;100;0;archetypen;2026-09-08T11:45:26Z
69e86a5078b359b789d6939c;Rare Candy Club Showdown #20 (50 CODES);2026-04-27T00:00:00.000Z;TEF-POR;STANDARD;123;2518;;;0;0;123;0;archetypen;2026-09-08T11:45:27Z
69c94f8bd478313a15a36404;Ascended Nexus! #10 (100 Codes);2026-04-26T22:00:00.000Z;TEF-POR;STANDARD;163;1371;;;0;0;163;0;archetypen;2026-09-08T11:45:28Z
69ea14d878b359b789d69ee5;Monster Collectibles After Hours #3;2026-04-26T17:00:00.000Z;TEF-POR;STANDARD;121;2610;;;0;0;121;0;archetypen;2026-09-08T11:45:29Z
69c0199836f5b5c303dbb7eb;Redacted Heroes #12 (100 Codes);2026-04-25T22:05:00.000Z;TEF-POR;STANDARD;187;222;;;0;0;187;0;archetypen;2026-09-08T11:45:30Z
69cab6bb36f5b5c303dc2765;TOURNAMENT OF DOOM! BEST MEGA!;2026-04-25T02:35:00.000Z;TEF-POR;STANDARD;377;349;;;0;0;377;0;archetypen;2026-09-08T11:45:30Z
69e69c2048d465883f719400;💥​Plantel Battle #21 💥​100 CODES ✔️​ TOP 8;2026-04-23T23:00:00.000Z;TEF-POR;STANDARD;163;1727;;;0;0;163;0;archetypen;2026-09-08T11:45:31Z
69e204ad78b359b789d64327;🏆Moujii's Dojo🏆 (Late Registration Available!);2026-04-23T16:10:00.000Z;TEF-POR;STANDARD;259;35;;;0;0;259;0;archetypen;2026-09-08T11:45:32Z
69d2e78a800d329be2e73457;Tokyo Nation Monthly #2;2026-04-22T23:00:00.000Z;TEF-POR;STANDARD;179;2422;;;0;0;179;0;archetypen;2026-09-08T11:45:33Z
69e699f778b359b789d682f4;Dragapult Party - LastPrize Series (100 Codes);2026-04-21T23:35:00.000Z;TEF-POR;STANDARD;227;2227;;;0;0;227;0;archetypen;2026-09-08T11:45:34Z
69dd4d8948d465883f712c9d;Sunny's Weekly #253 Party Time in Prague!;2026-04-20T22:05:00.000Z;TEF-POR;STANDARD;196;145;;;0;0;196;0;archetypen;2026-09-08T11:45:35Z
69e60ad748d465883f718a9a;Pumpkaweekly;2026-04-20T19:00:00.000Z;TEF-POR;STANDARD;234;36;;;0;0;234;0;archetypen;2026-09-08T11:45:36Z
69e03b0b48d465883f714794;Rare Candy Club Showdown #19 (50 CODES);2026-04-20T00:00:00.000Z;TEF-POR;STANDARD;123;2518;;;0;0;123;0;archetypen;2026-09-08T11:45:36Z
69c94e1c36f5b5c303dc141f;Ascended Nexus! #9 (100 Codes);2026-04-19T22:00:00.000Z;TEF-POR;STANDARD;193;1371;;;0;0;193;0;archetypen;2026-09-08T11:45:37Z
69e128c248d465883f714f1c;Monster Collectibles After Hours #2;2026-04-19T17:00:00.000Z;TEF-POR;STANDARD;172;2610;;;0;0;172;0;archetypen;2026-09-08T11:45:38Z
69c0199136f5b5c303dbb7ea;Redacted Heroes #11;2026-04-18T22:05:00.000Z;TEF-POR;STANDARD;174;222;;;0;0;174;0;archetypen;2026-09-08T11:45:39Z
69dace3e48d465883f710a26;🦇Nachtwache #16 Season Start 100 Codes Prizing🦇;2026-04-18T16:00:00.000Z;TEF-POR;STANDARD;107;2501;;;0;0;107;0;archetypen;2026-09-08T11:45:40Z
69cab620d478313a15a375f7;TOURNAMENT OF DOOM! BEST MEAL?;2026-04-18T02:35:00.000Z;TEF-POR;STANDARD;412;349;;;0;0;412;0;archetypen;2026-09-08T11:45:41Z
69e06c7278b359b789d6336f;Gamers Alley Discord Tournament;2026-04-16T23:00:00.000Z;TEF-POR;STANDARD;101;1463;;;0;0;101;0;archetypen;2026-09-08T11:45:42Z
69df46e178b359b789d628a0;ASRcristiano # 153 - Road to Prague Regional;2026-04-16T19:00:00.000Z;TEF-POR;STANDARD;143;1778;;;0;0;143;0;archetypen;2026-09-08T11:45:42Z
69d9142548d465883f70e296;🏆Moujii's Dojo🏆 (Late Registration Available!);2026-04-16T16:10:00.000Z;TEF-POR;STANDARD;233;35;;;0;0;233;0;archetypen;2026-09-08T11:45:43Z
69df46ba48d465883f713d62;ASRcristiano # 152 - Road to Prague Regional;2026-04-15T19:00:00.000Z;TEF-POR;STANDARD;143;1778;;;0;0;143;0;archetypen;2026-09-08T11:45:44Z
69d99b0748d465883f70ecf4;N's Castle Showdown! | Hand disruption please 🥀;2026-04-15T17:00:00.000Z;TEF-POR;STANDARD;163;2564;;;0;0;163;0;archetypen;2026-09-08T11:45:45Z
69de46e178b359b789d62023;Torneo Gratuito Sidedeck Online 14 Abril;2026-04-15T00:00:00.000Z;TEF-POR;STANDARD;104;2306;;;0;0;104;0;archetypen;2026-09-08T11:47:46Z
69d5c66cb9ec970afa605628;Post-Rotation - Last Prize Series;2026-04-14T23:05:00.000Z;TEF-POR;STANDARD;192;2227;;;0;0;192;0;archetypen;2026-09-08T11:47:47Z
69cab79436f5b5c303dc2774;CHALLENGE OF DOOM! I'm so tired.....;2026-04-14T03:35:00.000Z;TEF-POR;STANDARD;128;349;;;0;0;128;0;archetypen;2026-09-08T11:49:25Z
69d469a10e548b5c2fbe5318;Sunny's Weekly #252 Mew World Order;2026-04-13T22:05:00.000Z;TEF-POR;STANDARD;225;145;;;0;0;225;0;archetypen;2026-09-08T11:49:26Z
69dbfa8f78b359b789d60954;Pumpkaweekly;2026-04-13T18:00:00.000Z;TEF-POR;STANDARD;163;36;;;0;0;163;0;archetypen;2026-09-08T11:49:26Z
69d9140648d465883f70e294;🏆Moujii's Dojo🏆 (Late Registration Available!);2026-04-13T16:10:00.000Z;TEF-POR;STANDARD;233;35;;;0;0;233;0;archetypen;2026-09-08T11:49:27Z
69dab4f478b359b789d5f621;Rare Candy Club Showdown #18 (50 CODES);2026-04-13T00:00:00.000Z;TEF-POR;STANDARD;233;2518;;;0;0;233;0;archetypen;2026-09-08T11:49:28Z
69d64cbab9ec970afa6058d9;Monster Collectibles After Hours #1;2026-04-12T17:00:00.000Z;TEF-POR;STANDARD;137;2610;;;0;0;137;0;archetypen;2026-09-08T11:49:29Z
69c01982d478313a15a30b9d;Redacted Heroes #10;2026-04-11T22:05:00.000Z;TEF-POR;STANDARD;276;222;;;0;0;276;0;archetypen;2026-09-08T11:49:30Z
69d79d4fc734cfa1af2b5c86;🦇Nachtwache Post Rotation #14 200 Codes Prizing🦇;2026-04-11T16:00:00.000Z;TEF-POR;STANDARD;132;2501;;;0;0;132;0;archetypen;2026-09-08T11:49:30Z
69cab5e036f5b5c303dc275b;TOURNAMENT OF DOOM! BASIC ENERGY CARDS!;2026-04-11T02:35:00.000Z;TEF-POR;STANDARD;390;349;;;0;0;390;0;archetypen;2026-09-08T11:49:31Z
69d65cddb9ec970afa605913;ASRcristiano # 151 - Road to Prague Regional;2026-04-10T19:00:00.000Z;TEF-POR;STANDARD;108;1778;;;0;0;108;0;archetypen;2026-09-08T11:49:32Z
69d65cbbc734cfa1af2b4dd4;ASRcristiano # 150 - Road to Prague Regional;2026-04-09T19:00:00.000Z;TEF-POR;STANDARD;136;1778;;;0;0;136;0;archetypen;2026-09-08T11:49:33Z
69cffea2800d329be2e70f41;🏆Moujii's Dojo🏆 (Late Registration Available!);2026-04-09T16:10:00.000Z;TEF-POR;STANDARD;205;35;;;0;0;205;0;archetypen;2026-09-08T11:49:34Z
69d65ca0b9ec970afa605912;ASRcristiano # 149 - Road to Prague Regional;2026-04-08T19:00:00.000Z;TEF-POR;STANDARD;156;1778;;;0;0;156;0;archetypen;2026-09-08T11:49:35Z
69d007970e548b5c2fbe1e64;Post-Rotation Clash - Last Prize Series;2026-04-07T23:05:00.000Z;TEF-POR;STANDARD;240;2227;;;0;0;240;0;archetypen;2026-09-08T11:49:36Z
69d3f86e800d329be2e73e67;🏛💫 Card Temple Weekly Battles #53;2026-04-07T02:00:00.000Z;TEF-POR;STANDARD;102;2152;;;0;0;102;0;archetypen;2026-09-08T11:49:36Z
69cae57036f5b5c303dc2c49;Sunny's Weekly #251 The Sunfather;2026-04-06T22:05:00.000Z;TEF-POR;STANDARD;256;145;;;0;0;256;0;archetypen;2026-09-08T11:49:37Z
69d2a4fd0e548b5c2fbe3f3f;Pumpkaweekly;2026-04-06T18:00:00.000Z;TEF-POR;STANDARD;266;36;;;0;0;266;0;archetypen;2026-09-08T11:49:38Z
69d2ac7f0e548b5c2fbe3f6e;Tcg Live Pop Up 5$ usd;2026-04-05T23:35:00.000Z;TEF-POR;STANDARD;120;2045;;;0;0;120;0;archetypen;2026-09-08T11:49:39Z
69c4a32c36f5b5c303dbdb38;Tokyo Nation Bi-Weekly #1;2026-04-05T22:00:00.000Z;TEF-POR;STANDARD;204;2422;;;0;0;204;0;archetypen;2026-09-08T11:49:40Z
69d00dfe800d329be2e71035;POST ROTATION Circuito TCG #2 | Z2 Gaming;2026-04-05T15:00:00.000Z;TEF-POR;STANDARD;126;2585;;;0;0;126;0;archetypen;2026-09-08T11:49:41Z
69b05926f39e6e7096a00d91;RCC 500 MEMBERS | $50 USD PRIZE | NO ENTRY FEE;2026-04-05T00:00:00.000Z;TEF-POR;STANDARD;323;2518;;;0;0;323;0;archetypen;2026-09-08T11:49:42Z
69cab1db36f5b5c303dc26e5;TOURNAMENT OF DOOM! IT'S A NEW DAY!;2026-04-04T02:35:00.000Z;TEF-POR;STANDARD;435;349;;;0;0;435;0;archetypen;2026-09-08T11:49:43Z
69cc2759d478313a15a3858a;ASRcristiano # 148 - POST ROTATION LEGAL;2026-04-03T19:00:00.000Z;TEF-POR;STANDARD;121;1778;;;0;0;121;0;archetypen;2026-09-08T11:49:43Z
69c9a7ef36f5b5c303dc1bee;Pokemon TCG TOPDECK LEAGUE Online Reborn;2026-04-03T15:30:00.000Z;TEF-POR;STANDARD;104;362;;;0;0;104;0;archetypen;2026-09-08T11:49:44Z
69cc272e36f5b5c303dc399a;ASRcristiano # 147 - POST ROTATION LEGAL;2026-04-02T19:00:00.000Z;TEF-POR;STANDARD;139;1778;;;0;0;139;0;archetypen;2026-09-08T11:49:45Z
69c264c036f5b5c303dbca67;🏆Moujii's Dojo🏆 (Late Registration Available!);2026-04-02T16:10:00.000Z;TEF-POR;STANDARD;252;35;;;0;0;252;0;archetypen;2026-09-08T11:49:46Z
69cc270b36f5b5c303dc3999;ASRcristiano # 146 - POST ROTATION LEGAL;2026-04-01T19:00:00.000Z;TEF-POR;STANDARD;138;1778;;;0;0;138;0;archetypen;2026-09-08T11:49:47Z
69c2d69636f5b5c303dbcbff;N's Castle Showdown! Rotation is Here!!! 🔁;2026-04-01T17:00:00.000Z;TEF-POR;STANDARD;194;2564;;;0;0;194;0;archetypen;2026-09-08T11:49:48Z
69c35c1bd478313a15a32370;Last Prize Season 2 Perfect Order Edition;2026-03-31T23:05:00.000Z;TEF-POR;STANDARD;178;2227;;;0;0;178;0;archetypen;2026-09-08T11:49:49Z
697251ec9c739a2ff7bf5579;Turtwig Den Revival Series Regional 3;2026-03-31T16:05:00.000Z;TEF-POR;STANDARD;155;196;;;0;0;155;0;archetypen;2026-09-08T11:49:50Z
69c189fdd478313a15a31742;Sunny's Weekly #250 Is Live Ready for Launch Yet?;2026-03-30T22:05:00.000Z;TEF-POR;STANDARD;179;145;;;0;0;179;0;archetypen;2026-09-08T11:49:50Z
69c6aa89d478313a15a34044;🏆Moujii's Dojo🏆 (Late Registration Available!);2026-03-30T16:10:00.000Z;TEF-POR;STANDARD;237;35;;;0;0;237;0;archetypen;2026-09-08T11:49:51Z
69a8e5a7f39e6e70969fc17c;Ascended Nexus! #8 (100 Codes);2026-03-29T22:00:00.000Z;TEF-POR;STANDARD;162;1371;;;0;0;162;0;archetypen;2026-09-08T11:49:52Z
69c45755d478313a15a32a95;🦇Nachtwache Post Rotation #12 100 Codes Prizing🦇;2026-03-29T15:00:00.000Z;TEF-POR;STANDARD;118;2501;;;0;0;118;0;archetypen;2026-09-08T11:49:53Z
69a76e5f6a05f00a8c4a38ac;Redacted Heroes #9 (200 Codes);2026-03-28T22:05:00.000Z;TEF-POR;STANDARD;124;222;;;0;0;124;0;archetypen;2026-09-08T11:49:54Z
691e3039b11d3f5498bc26a0;CHAMPIONSHIPS OF DOOM! VIII;2026-03-28T15:00:00.000Z;TEF-POR;STANDARD;341;349;;;0;0;341;0;archetypen;2026-09-08T11:49:55Z
6a9f32eba4272c53be64a4ad;Invite Qualifier - Last Prize Series;2026-09-08T23:35:00.000Z;TEF-PBL;STANDARD;132;2227;True;True;7;1;132;316;voll;2026-09-09T03:47:31Z
6a9eec66a4272c53be649d4e;⚡ Surge's TCG Vault Winner Takes All - 50 Codes;2026-09-08T19:30:00.000Z;TEF-PBL;STANDARD;142;2603;True;True;7;2;142;351;voll;2026-09-09T03:47:32Z
6a99af5fab080c8c957f8edc;👑CrownOfSpain 👑 #6  (10€ paypal);2026-09-08T18:00:00.000Z;TEF-PBL;STANDARD;189;2698;True;True;8;1;189;494;voll;2026-09-09T03:47:34Z
6a9c6e29ab080c8c957fb0e5;Team Corna Weekly September's #2;2026-09-08T16:00:00.000Z;TEF-PBL;STANDARD;124;2583;True;True;7;2;124;299;voll;2026-09-09T03:47:36Z
6a9e3b3aab080c8c957fca1b;SEASAC League Challenge #3 (SEASON 5) [50 CODES];2026-09-08T11:30:00.000Z;TEF-PBL;STANDARD;166;2623;True;True;8;2;166;470;voll;2026-09-09T03:47:37Z
6a99789aab080c8c957f8ad7;REFINE Autumn Series Session 2: Apple Cider;2026-09-09T23:30:00.000Z;TEF-PBL;STANDARD;128;2568;True;True;7;1;128;314;voll;2026-09-10T03:47:28Z
6aa127aea4272c53be64b8e3;ASRcristiano # 185 - 60 codes - Road to Frankfurt!;2026-09-09T19:00:00.000Z;TEF-PBL;STANDARD;101;1778;True;True;8;3;101;260;voll;2026-09-10T03:47:30Z
6a98f8efab080c8c957f87af;Amyverse PTCG Live Weekly #12 💛 Cash Prize!;2026-09-09T18:00:00.000Z;TEF-PBL;STANDARD;156;2679;True;True;8;2;156;413;voll;2026-09-10T03:47:32Z
6a9cd456ab080c8c957fb85a;Pudding Weekly #12 | TRADE TRADE TRADE;2026-09-09T01:00:00.000Z;TEF-PBL;STANDARD;113;2720;True;True;7;1;113;263;voll;2026-09-10T03:47:35Z
6aa0d9e1ab080c8c957fed59;SEASAC League Challenge #5 (SEASON 5) [50 CODES];2026-09-10T11:30:00.000Z;TEF-PBL;STANDARD;108;2623;True;True;6;1;108;247;voll;2026-09-11T03:47:27Z
6aa17dbaab080c8c957ff0fd;Vault Of Games 🎮| Midweek Mayhem #2;2026-09-10T01:00:00.000Z;TEF-PBL;STANDARD;102;2226;True;True;6;2;102;214;voll;2026-09-11T03:47:28Z
6a9f71b8a4272c53be64a95f;SEASAC League Challenge #4 (SEASON 5) [50 CODES];2026-09-09T11:30:00.000Z;TEF-PBL;STANDARD;139;2623;True;True;8;2;139;377;voll;2026-09-11T03:47:30Z
6aa18cb7a4272c53be64bcbb;Team Corna Weekly September's #3;2026-09-11T16:00:00.000Z;TEF-PBL;STANDARD;102;2583;True;True;7;2;102;262;voll;2026-09-12T03:46:15Z
6a9f6e4dab080c8c957fdba8;​Plantel Battle #32 💥​100 CODES ✔️​ TOP 8;2026-09-10T23:00:00.000Z;TEF-PBL;STANDARD;156;1727;True;True;7;2;156;363;voll;2026-09-12T03:46:17Z
