deck_name;tournaments_seen;total_brought_weighted;top8_count_weighted;top16_count_weighted;top8_conv_rate;top16_conv_rate;avg_winrate_in_top8;last_seen_date;source_format;total_brought;top8_count;top16_count
Dragapult;91;751.0;68.0;133.0;0.0905;0.1771;20.93;2026-10-01;30C;1246;109;211
N's Zoroark;88;391.5;29.5;49.5;0.0754;0.1264;20.17;2026-10-01;30C;661;47;78
Dragapult Dusknoir;89;377.0;30.0;58.0;0.0796;0.1538;19.48;2026-10-01;30C;639;52;99
Alakazam Dudunsparce;89;372.5;18.5;45.0;0.0497;0.1208;20.38;2026-10-01;30C;652;34;76
Slowking;88;355.5;23.5;49.0;0.0661;0.1378;20.32;2026-10-01;30C;606;40;85
Basic Box;86;338.0;24.5;50.0;0.0725;0.1479;20.77;2026-10-01;30C;542;40;82
Mega Excadrill;87;280.5;21.0;43.5;0.0749;0.1551;21.0;2026-10-01;30C;468;36;73
Dhelmise;87;275.5;18.5;41.5;0.0672;0.1506;22.39;2026-10-01;30C;447;31;66
Dragapult Blaziken;89;223.5;19.0;33.5;0.085;0.1499;21.0;2026-10-01;30C;372;30;55
Lopunny Dudunsparce;80;177.5;15.5;27.5;0.0873;0.1549;20.29;2026-10-01;30C;272;24;42
Crustle;82;174.0;16.5;30.5;0.0948;0.1753;21.5;2026-10-01;30C;310;32;57
Festival Lead;78;172.5;8.0;16.5;0.0464;0.0957;22.43;2026-10-01;30C;291;14;30
Ogerpon Meganium Hydrapple;76;159.0;18.5;26.5;0.1164;0.1667;21.14;2026-10-01;30C;238;28;41
Lucario Hariyama;77;155.0;6.5;17.0;0.0419;0.1097;21.36;2026-10-01;30C;256;11;28
Alakazam Dusknoir;71;141.5;5.0;14.0;0.0353;0.0989;20.0;2026-10-01;30C;210;8;21
Sharpedo Toxtricity;68;125.5;12.0;20.5;0.0956;0.1633;21.44;2026-10-01;30C;193;16;29
Rocket's Honchkrow;72;114.0;12.0;24.5;0.1053;0.2149;20.55;2026-10-01;30C;198;22;43
Cynthia's Garchomp;70;111.5;14.5;21.0;0.13;0.1883;20.95;2026-10-01;30C;179;22;35
Mega Lucario;75;108.0;4.5;11.5;0.0417;0.1065;20.75;2026-10-01;30C;190;8;20
Lopunny Dusknoir;71;106.0;6.0;15.0;0.0566;0.1415;19.33;2026-10-01;30C;158;9;23
Grimmsnarl Froslass;72;104.5;5.0;14.0;0.0478;0.134;19.78;2026-10-01;30C;182;9;26
Mega Greninja;58;77.5;3.5;6.0;0.0452;0.0774;17.4;2026-10-01;30C;123;5;9
Rocket's Mewtwo;57;72.0;3.0;7.0;0.0417;0.0972;20.2;2026-10-01;30C;129;5;13
Raging Bolt Ogerpon;53;63.0;1.0;7.5;0.0159;0.119;24.5;2026-10-01;30C;111;2;13
Greninja;55;60.0;1.5;7.5;0.025;0.125;20.67;2026-10-01;30C;95;3;12
Dragapult Dudunsparce;56;54.0;5.5;8.0;0.1019;0.1481;20.22;2026-10-01;30C;88;9;12
Toxtricity Box;45;51.0;5.0;6.5;0.098;0.1275;26.14;2026-10-01;30C;86;7;10
Ogerpon Meganium Arboliva;49;50.5;6.0;9.0;0.1188;0.1782;21.27;2026-09-30;30C;83;11;16
Mega Chandelure;42;46.5;2.5;5.5;0.0538;0.1183;20.25;2026-10-01;30C;68;4;8
Hop's Trevenant;53;45.5;3.0;5.0;0.0659;0.1099;23.5;2026-10-01;30C;80;4;7
Beedrill;49;45.5;1.5;6.5;0.033;0.1429;23.0;2026-09-30;30C;73;2;10
Starmie Froslass;35;40.0;3.5;6.0;0.0875;0.15;22.25;2026-10-01;30C;61;4;9
Mega Starmie;39;37.5;3.0;3.0;0.08;0.08;21.0;2026-10-01;30C;58;4;4
Seaking Festival Lead;45;37.5;1.5;4.0;0.04;0.1067;19.67;2026-09-30;30C;67;3;8
Toucannon;37;37.0;0.5;2.0;0.0135;0.0541;24.0;2026-10-01;30C;55;1;4
Steven's Metagross;43;37.0;1.5;3.0;0.0405;0.0811;19.5;2026-10-01;30C;64;2;5
Mew Box;27;32.0;0.0;3.0;0.0;0.0938;0.0;2026-10-01;30C;49;0;4
Ethan's Typhlosion;39;32.0;1.0;2.0;0.0312;0.0625;15.0;2026-10-01;30C;51;1;3
Kangaskhan Bouffalant;35;30.0;2.5;4.5;0.0833;0.15;20.75;2026-10-01;30C;54;4;8
Starmie Dusknoir;35;29.0;1.5;2.5;0.0517;0.0862;19.5;2026-10-01;30C;47;2;4
Mega Venusaur;36;28.5;1.5;2.0;0.0526;0.0702;21.0;2026-10-01;30C;46;3;4
Ceruledge;28;24.5;1.0;4.5;0.0408;0.1837;18.0;2026-10-01;30C;35;1;5
Clefairy Ogerpon;32;24.5;2.0;4.0;0.0816;0.1633;19.67;2026-09-30;30C;41;3;7
Mega Darkrai;31;24.0;0.5;0.5;0.0208;0.0208;18.0;2026-10-01;30C;43;1;1
Mega Absol Box;28;22.5;1.5;2.5;0.0667;0.1111;20.0;2026-09-30;30C;35;2;3
Manectric Eelektrik;28;22.5;0.5;1.0;0.0222;0.0444;18.0;2026-09-29;30C;38;1;2
Gengar;20;19.5;0.0;0.0;0.0;0.0;0.0;2026-10-01;30C;30;0;0
Okidogi Barbaracle;23;19.5;2.5;3.5;0.1282;0.1795;20.67;2026-10-01;30C;27;3;4
Cinccino;28;19.5;0.5;3.0;0.0256;0.1538;15.0;2026-10-01;30C;33;1;4
Hydreigon;25;17.5;0.0;0.5;0.0;0.0286;0.0;2026-10-01;30C;29;0;1
Toxtricity;31;17.5;0.5;0.5;0.0286;0.0286;15.0;2026-09-30;30C;32;1;1
Mega Charizard X;20;15.5;0.0;0.0;0.0;0.0;0.0;2026-10-01;30C;24;0;0
Marnie's Grimmsnarl;20;15.5;0.5;0.5;0.0323;0.0323;27.0;2026-10-01;30C;26;1;1
Mega Camerupt;19;12.0;1.5;1.5;0.125;0.125;18.67;2026-09-28;30C;21;3;3
Lillie's Clefairy;15;10.5;0.0;0.0;0.0;0.0;0.0;2026-09-26;30C;20;0;0
Ogerpon Meganium;17;10.5;0.0;0.5;0.0;0.0476;0.0;2026-09-25;30C;20;0;1
Froslass Munkidori;14;9.5;0.0;0.0;0.0;0.0;0.0;2026-09-30;30C;17;0;0
Mega Abomasnow;15;9.5;0.0;0.0;0.0;0.0;0.0;2026-09-28;30C;16;0;0
Hop's Zacian;14;9.0;0.0;0.0;0.0;0.0;0.0;2026-09-30;30C;16;0;0
Mega Froslass;14;8.5;0.0;0.0;0.0;0.0;0.0;2026-09-30;30C;14;0;0
Doublade;12;8.0;0.0;0.5;0.0;0.0625;0.0;2026-10-01;30C;12;0;1
Zygarde Barbaracle;10;8.0;0.5;1.5;0.0625;0.1875;18.0;2026-09-30;30C;11;1;2
Dragapult Froslass;12;7.5;0.0;0.5;0.0;0.0667;0.0;2026-09-29;30C;13;0;1
Yanmega;11;7.0;0.5;2.0;0.0714;0.2857;21.0;2026-09-28;30C;12;1;3
Joltik Box;10;7.0;0.0;0.0;0.0;0.0;0.0;2026-09-26;30C;12;0;0
Mega Zygarde;9;6.5;0.5;1.0;0.0769;0.1538;21.0;2026-09-30;30C;11;1;2
Mega Lopunny;10;6.5;0.0;0.0;0.0;0.0;0.0;2026-09-30;30C;10;0;0
Ursaluna Lunatone;10;6.5;0.0;1.0;0.0;0.1538;0.0;2026-09-29;30C;10;0;1
Blaziken Zoroark;11;6.5;1.0;1.5;0.1538;0.2308;17.5;2026-09-24;30C;13;2;3
Flareon Noctowl;10;6.0;0.0;0.5;0.0;0.0833;0.0;2026-09-24;30C;12;0;1
Tera Box;7;5.5;0.0;1.0;0.0;0.1818;0.0;2026-09-30;30C;7;0;1
Diancie Dusknoir;7;5.5;0.0;0.0;0.0;0.0;0.0;2026-09-28;30C;9;0;0
Mega Dragonite;6;5.0;2.0;2.0;0.4;0.4;19.5;2026-10-01;30C;7;2;2
Rocket's Spidops;7;5.0;0.0;0.0;0.0;0.0;0.0;2026-09-29;30C;8;0;0
Paldean Tauros;6;4.5;0.0;0.5;0.0;0.1111;0.0;2026-10-01;30C;8;0;1
Decidueye;7;4.5;0.0;0.0;0.0;0.0;0.0;2026-09-30;30C;7;0;0
Mega Feraligatr;7;4.5;0.0;0.0;0.0;0.0;0.0;2026-09-29;30C;7;0;0
Metagross;8;4.5;0.0;0.5;0.0;0.1111;0.0;2026-09-29;30C;8;0;1
Archaludon Dudunsparce;8;4.5;0.0;1.0;0.0;0.2222;0.0;2026-09-28;30C;8;0;2
Iono's Bellibolt;8;4.5;0.0;0.0;0.0;0.0;0.0;2026-09-28;30C;8;0;0
Alakazam;5;4.0;1.0;1.0;0.25;0.25;19.5;2026-09-27;30C;6;2;2
Mega Gengar;8;4.0;0.0;0.0;0.0;0.0;0.0;2026-09-21;30C;8;0;0
Dudunsparce Control;7;4.0;0.0;0.0;0.0;0.0;0.0;2026-09-19;30C;8;0;0
Sinistcha Ogerpon;5;3.5;0.5;0.5;0.1429;0.1429;22.0;2026-09-30;30C;5;1;1
Ethan's Magcargo;5;3.5;0.0;0.0;0.0;0.0;0.0;2026-09-30;30C;6;0;0
Mega Diancie;5;3.5;0.0;0.0;0.0;0.0;0.0;2026-09-29;30C;5;0;0
Flareon;4;3.5;0.0;0.0;0.0;0.0;0.0;2026-09-29;30C;4;0;0
Palafin;6;3.0;0.0;0.0;0.0;0.0;0.0;2026-09-23;30C;6;0;0
Greninja Froslass;3;2.5;0.0;0.0;0.0;0.0;0.0;2026-09-29;30C;3;0;0
Archaludon Zoroark;4;2.5;0.0;0.0;0.0;0.0;0.0;2026-09-29;30C;4;0;0
Erika's Victreebel;5;2.5;0.0;0.0;0.0;0.0;0.0;2026-09-19;30C;5;0;0
Archaludon;4;2.5;0.0;0.0;0.0;0.0;0.0;2026-09-17;30C;5;0;0
Froslass Dudunsparce;5;2.5;0.0;0.0;0.0;0.0;0.0;2026-09-15;30C;5;0;0
Greninja Blaziken;5;2.5;0.0;0.0;0.0;0.0;0.0;2026-09-13;30C;5;0;0
Jellicent Dusknoir;3;2.0;0.0;0.0;0.0;0.0;0.0;2026-09-26;30C;3;0;0
Eelektrik;4;2.0;0.0;0.0;0.0;0.0;0.0;2026-09-23;30C;4;0;0
Raging Bolt Bellibolt;4;2.0;0.0;0.0;0.0;0.0;0.0;2026-09-22;30C;4;0;0
Wailord;4;2.0;0.0;0.0;0.0;0.0;0.0;2026-09-22;30C;4;0;0
Misty's Gyarados;4;2.0;0.0;0.0;0.0;0.0;0.0;2026-09-21;30C;4;0;0
Azumarill;3;2.0;0.0;0.0;0.0;0.0;0.0;2026-09-18;30C;4;0;0
Blissey;2;1.5;0.0;0.0;0.0;0.0;0.0;2026-09-29;30C;2;0;0
Mamoswine;3;1.5;0.5;0.5;0.3333;0.3333;12.0;2026-09-19;30C;3;1;1
Blaziken;1;1.0;0.0;0.0;0.0;0.0;0.0;2026-09-30;30C;1;0;0
Incineroar;1;1.0;0.0;0.0;0.0;0.0;0.0;2026-09-28;30C;1;0;0
Rocket's Nidoking;1;1.0;0.0;0.0;0.0;0.0;0.0;2026-09-26;30C;1;0;0
Slaking;2;1.0;0.0;0.0;0.0;0.0;0.0;2026-09-24;30C;2;0;0
Sylveon;2;1.0;0.0;0.0;0.0;0.0;0.0;2026-09-15;30C;2;0;0
Hydrapple Ogerpon;2;1.0;0.0;0.0;0.0;0.0;0.0;2026-09-13;30C;2;0;0
Mega Manectric;2;1.0;0.0;0.0;0.0;0.0;0.0;2026-09-13;30C;2;0;0
Ancient Box;2;1.0;0.0;0.0;0.0;0.0;0.0;2026-09-12;30C;2;0;0
Feraligatr;2;1.0;0.0;0.0;0.0;0.0;0.0;2026-09-09;30C;2;0;0
Tyranitar;2;1.0;0.0;0.0;0.0;0.0;0.0;2026-09-07;30C;2;0;0
Bronzong;1;1.0;0.0;0.0;0.0;0.0;0.0;2026-09-06;30C;2;0;0
Bloodmoon Ursaluna;1;0.5;0.0;0.0;0.0;0.0;0.0;2026-09-23;30C;1;0;0
Alolan Exeggutor ex;1;0.5;0.0;0.0;0.0;0.0;0.0;2026-09-21;30C;1;0;0
Heatran Metang;1;0.5;0.0;0.0;0.0;0.0;0.0;2026-09-19;30C;1;0;0
Okidogi;1;0.5;0.0;0.0;0.0;0.0;0.0;2026-09-11;30C;1;0;0
Hydrapple;1;0.5;0.0;0.0;0.0;0.0;0.0;2026-09-07;30C;1;0;0
Dragapult Iron Thorns;1;0.5;0.0;0.0;0.0;0.0;0.0;2026-09-06;30C;1;0;0
Galvantula;1;0.5;0.0;0.0;0.0;0.0;0.0;2026-09-06;30C;1;0;0
Mega Sharpedo;1;0.5;0.0;0.0;0.0;0.0;0.0;2026-09-06;30C;1;0;0
Toxtricity Brute Bonnet;1;0.5;0.0;0.0;0.0;0.0;0.0;2026-09-04;30C;1;0;0
Farigiraf;1;0.5;0.0;0.0;0.0;0.0;0.0;2026-09-04;30C;1;0;0
