klasse,set,number,name,eur_price,our_product_id,our_product_name,ppl_product_id,ppl_product_name,card_text,url
bad-index,SSH,209,Professor's Research,"22,54€",448168,Professor's Research - Professor Magnolia,568803,Altaria [Tempting Tune | Glide],,https://pokepricelab.com/de/catalog/sword-shield-promos-altaria-s-p-209-sword-shield-promos-209
bad-index,SUM,158,Nest Ball,"11,60€",295471,Nest Ball,469309,Luxio [Disconnect],,https://pokepricelab.com/de/catalog/sun-moon-promos-luxio-sm-p-158-sun-moon-promos-158
bad-index,SVI,217,Klawf,"4,24€",702513,Klawf [Vise Grip | Adrenaline Hammer],780801,Pawmi [Light Punch | Zap Kick],Vise Grip Adrenaline Hammer,https://pokepricelab.com/de/catalog/scarlet-violet-promos-pawmi-sv-p-217-scarlet-violet-promos-217
bad-index,SSH,15,Rillaboom,"3,52€",701500,Rillaboom [Voltage Beat | Hammer In],609682,Choice Belt,Drum Roll Drum Beating,https://pokepricelab.com/de/catalog/sword-shield-starter-set-lucario-vstar-choice-belt-015
bad-index,SSH,36,Cinderace,"2,07€",436334,Cinderace [Flame Cloak | Bright Flame],463094,Rescue Team DX's Pikachu [Rescue Friends | Electro Ball],Flame Cloak Bright Flame,https://pokepricelab.com/de/catalog/sword-shield-promos-rescue-team-dx-s-pikachu-s-p-36-sword-shield-promos-36
bad-index,SVI,234,Oinkologne ex,"1,38€",702530,Oinkologne ex [Maddening Scent | Heavy Stomp],807436,Drifloon [Pull],Maddening Scent Heavy Stomp,https://pokepricelab.com/de/catalog/scarlet-violet-promos-drifloon-sv-p-234-scarlet-violet-promos-234
bad-index,SSH,59,Inteleon,"1,30€",450623,Inteleon [Shady Dealings | Aqua Bullet],852626,Koffing [Suffocating Gas],Silent Shot Hydro Snipe,https://pokepricelab.com/de/catalog/sword-shield-simplified-chinese-promos-koffing-s-p-cs-059-sword-shield-simplified-chinese-promos-059
bad-index,BS,52,Machop,"0,72€",273747,Machop [Low Kick],273975,Marowak [Bonemerang | Call for Friend],Low Kick,https://pokepricelab.com/de/catalog/base-set-2-marowak-52
bad-index,SSH,35,Cinderace,"0,67€",450573,Cinderace [Libero | Flare Striker],463089,Morpeko [Famished | Thunder Shock],Pyro Ball Burning Kick,https://pokepricelab.com/de/catalog/sword-shield-promos-morpeko-s-p-35-sword-shield-promos-35
bad-index,SUM,136,Double Colorless Energy,"0,64€",312212,Double Colorless Energy,469189,Fairy Energy,,https://pokepricelab.com/de/catalog/sun-moon-promos-fairy-energy-sm-p-136-sun-moon-promos-136
bad-index,SSH,34,Cinderace,"0,48€",427226,Cinderace [Libero | Flare Striker],463084,Scorbunny [Super Singe],Libero Flare Striker,https://pokepricelab.com/de/catalog/sword-shield-promos-scorbunny-s-p-34-sword-shield-promos-34
bad-index,SSH,76,Boltund,"0,48€",436504,Boltund [Big Bite | Fighting Fangs],525110,Greedent V [Crunch | Stumbling Press],Bite Electrodash,https://pokepricelab.com/de/catalog/sword-shield-promos-greedent-v-s-p-76-sword-shield-promos-76
bad-index,SUM,113,Oranguru,"0,46€",295425,Oranguru [Instruct | Psychic],468959,Incineroar [Fire Fang | Darkest Lariat],Instruct Psychic,https://pokepricelab.com/de/catalog/sun-moon-promos-incineroar-sm-p-113-sun-moon-promos-113
bad-index,SSH,14,Rillaboom,"0,39€",427196,Rillaboom [Voltage Beat | Hammer In],609703,Pokégear 3.0,Voltage Beat Hammer In,https://pokepricelab.com/de/catalog/sword-shield-starter-set-darkrai-vstar-pokegear-3-0-014
bad-index,SSH,110,Sandaconda,"0,36€",436669,Sandaconda [Sand Sac | Power Press],852867,Pikachu V-UNION [Shocking Shock],Sand Sac Power Press,https://pokepricelab.com/de/catalog/sword-shield-simplified-chinese-promos-pikachu-v-union-s-p-cs-110-sword-shield-simplified-chinese-promos-110
bad-index,SSH,58,Inteleon,"0,35€",436429,Inteleon [Silent Shot | Hydro Snipe],852625,Trapinch [Land's Pulse],Shady Dealings Aqua Bullet,https://pokepricelab.com/de/catalog/sword-shield-simplified-chinese-promos-trapinch-s-p-cs-058-sword-shield-simplified-chinese-promos-058
bad-index,SSH,75,Boltund,"0,23€",436509,Boltund [Bite | Electrodash],525105,Eevee [Signs of Evolution | Wild Kick],Big Bite Fighting Fangs,https://pokepricelab.com/de/catalog/sword-shield-promos-eevee-s-p-75-sword-shield-promos-75
bad-index,SSH,3,Roselia,"0,16€",436189,Roselia [Absorb],609670,Medicham [Battle Step],Sweet Scent Sting,https://pokepricelab.com/de/catalog/sword-shield-starter-set-lucario-vstar-medicham-003
bad-index,FLI,15,Fennekin,"0,15€",355535,Fennekin [Live Coal | Rear Kick],559560,Litleo [Headbutt],Live Coal Rear Kick,https://pokepricelab.com/de/catalog/forbidden-light-jp-litleo-015
bad-index,SSH,146,Minccino,"0,15€",436819,Minccino [Glance | Tail Slap],852904,Manaphy [Pulling Currents | Aqua Bullet],Tail Whap,https://pokepricelab.com/de/catalog/sword-shield-simplified-chinese-promos-manaphy-s-p-cs-146-sword-shield-simplified-chinese-promos-146
bad-index,SSH,68,Chinchou,"0,15€",436469,Chinchou [Gentle Slap],525070,Morpeko [Famished | Thunder Shock],Luring Glow Lightning Ball,https://pokepricelab.com/de/catalog/sword-shield-promos-morpeko-s-p-68-sword-shield-promos-68
bad-index,FLI,14,Fennekin,"0,14€",355534,Fennekin [Ember],559559,Delphox [Mystical Torch | Fire Spin],Ember,https://pokepricelab.com/de/catalog/forbidden-light-jp-delphox-014
bad-index,SSH,43,Krabby,"0,14€",436369,Krabby [Super Slice],852204,Chinchou [Luring Glow | Lightning Ball],Super Slice,https://pokepricelab.com/de/catalog/sword-shield-simplified-chinese-promos-chinchou-s-p-cs-043-sword-shield-simplified-chinese-promos-043
bad-index,SSH,11,Grookey,"0,13€",427156,Grookey [Scratch | Beat],609678,Gutsy Pickaxe,Scratch Beat,https://pokepricelab.com/de/catalog/sword-shield-starter-set-lucario-vstar-gutsy-pickaxe-011
bad-index,SSH,112,Clobbopus,"0,12€",436674,Clobbopus [Bind],852869,Pikachu V-UNION [Electro Ball Together],Punch,https://pokepricelab.com/de/catalog/sword-shield-simplified-chinese-promos-pikachu-v-union-s-p-cs-112-sword-shield-simplified-chinese-promos-112
bad-index,SSH,145,Minccino,"0,12€",436824,Minccino [Tail Whap],852902,Infernape V [Meteor Punch | Bright Flame],Glance Tail Slap,https://pokepricelab.com/de/catalog/sword-shield-simplified-chinese-promos-infernape-v-s-p-cs-145-sword-shield-simplified-chinese-promos-145
bad-index,SVI,175,Jacq,"0,11€",702471,Jacq,877668,Litten [Fake Out],,https://pokepricelab.com/de/catalog/scarlet-violet-simplified-chinese-promos-litten-sv-p-cs-175-scarlet-violet-simplified-chinese-promos-175
bad-index,SUM,24,Litten,"0,10€",294121,Litten [Bite | Flare],565176,Hariyama [Push Out | Megaton Slap Push],Bite Flare,https://pokepricelab.com/de/catalog/sun-moon-starter-set-hariyama-024
bad-index,SVI,190,Professor's Research,"0,10€",702485,Professor's Research - Professor Sada,793386,Jet Energy,,https://pokepricelab.com/de/catalog/scarlet-violet-promos-jet-energy-sv-p-190-scarlet-violet-promos-190
bad-index,SSH,17,Blipbug,"0,09€",436249,Blipbug [Gnaw],609684,Barry,Call for Family,https://pokepricelab.com/de/catalog/sword-shield-starter-set-lucario-vstar-barry-017
bad-index,SSH,45,Goldeen,"0,09€",436379,Goldeen [Horn Attack | SSH],463139,Struggle Gloves,Horn Attack,https://pokepricelab.com/de/catalog/sword-shield-promos-struggle-gloves-s-p-45-sword-shield-promos-45
bad-index,SSH,46,Goldeen,"0,09€",436384,Goldeen [Collect | Waterfall],852207,Polteageist [Tea Break | Mad Party],Collect Waterfall,https://pokepricelab.com/de/catalog/sword-shield-simplified-chinese-promos-polteageist-s-p-cs-046-sword-shield-simplified-chinese-promos-046
bad-index,SSH,10,Grookey,"0,08€",436229,Grookey [Fury Swipes],609677,Crobat V [Dark Asset | Venomous Fang],Fury Swipes,https://pokepricelab.com/de/catalog/sword-shield-starter-set-lucario-vstar-crobat-v-010
bad-index,SUM,10,Dartrix,"0,08€",295316,Dartrix [Sharp Blade Quill | Leaf Blade],565162,Torracat [Fury Swipes | Flamethrower],Sharp Blade Quill Leaf Blade,https://pokepricelab.com/de/catalog/sun-moon-starter-set-torracat-010
bad-index,SVI,136,Maschiff,"0,08€",702430,Maschiff [Rear Kick | Darkness Fang],749917,Battle Compressor Team Flare Gear,Crunch,https://pokepricelab.com/de/catalog/scarlet-violet-promos-battle-compressor-team-flare-gear-sv-p-136-scarlet-violet-promos-136
bad-index,SVI,95,Dedenne,"0,08€",702390,Dedenne [Energy Munch],824701,Pincurchin [Stun Needle | Follow-Up Kerzap],Second Bite,https://pokepricelab.com/de/catalog/scarlet-violet-thai-promos-pincurchin-sv-p-th-095-scarlet-violet-thai-promos-095
bad-index,FLI,46,Honedge,"0,07€",355565,Honedge [Final Hour | Slash],559591,Tyrantrum [Tyrannical Heart | Crunch],Final Hour Slash,https://pokepricelab.com/de/catalog/forbidden-light-jp-tyrantrum-046
bad-index,SSH,111,Clobbopus,"0,07€",436679,Clobbopus [Punch],852868,Pikachu V-UNION [Disconnect],Bind,https://pokepricelab.com/de/catalog/sword-shield-simplified-chinese-promos-pikachu-v-union-s-p-cs-111-sword-shield-simplified-chinese-promos-111
bad-index,SVI,113,Riolu,"0,07€",702409,Riolu [Punch | Reckless Charge],851946,Victini ex [Strafe | Victory Flame],Punch Reckless Charge,https://pokepricelab.com/de/catalog/scarlet-violet-simplified-chinese-promos-victini-ex-sv-p-cs-113-scarlet-violet-simplified-chinese-promos-113
bad-index,SVI,40,Charcadet,"0,07€",702334,Charcadet [Ember],695781,Basic Lightning Energy,Heat Blast,https://pokepricelab.com/de/catalog/scarlet-violet-promos-basic-lightning-energy-sv-p-040-scarlet-violet-promos-040
bad-index,SVI,94,Dedenne,"0,07€",702391,Dedenne [Second Bite],824700,Pikachu [Growl | Pika Bolt],Energy Munch,https://pokepricelab.com/de/catalog/scarlet-violet-thai-promos-pikachu-sv-p-th-094-scarlet-violet-thai-promos-094
bad-index,SSH,153,Wooloo,"0,06€",436854,Wooloo [Expand],525445,Darkness Energy,Tackle Headbutt,https://pokepricelab.com/de/catalog/sword-shield-promos-darkness-energy-s-p-153-sword-shield-promos-153
bad-index,SSH,32,Raboot,"0,06€",436319,Raboot [Flame Charge | Magnum Kick],852193,Electabuzz [Low Kick | Thunder],Flame Charge Magnum Kick,https://pokepricelab.com/de/catalog/sword-shield-simplified-chinese-promos-electabuzz-s-p-cs-032-sword-shield-simplified-chinese-promos-032
bad-index,SVI,101,Flittle,"0,06€",702396,Flittle [Ram],731905,Basic Fire Energy,Spinning Attack,https://pokepricelab.com/de/catalog/scarlet-violet-promos-basic-fire-energy-sv-p-101-scarlet-violet-promos-101
bad-index,SVI,155,Lechonk,"0,06€",702450,Lechonk [Repelling Odor | Stampede],766671,Kilowattrel ex [Return Charge | Thunder Lance],Collect Tackle,https://pokepricelab.com/de/catalog/scarlet-violet-promos-kilowattrel-ex-sv-p-155-scarlet-violet-promos-155
bad-index,SVI,30,Growlithe,"0,06€",702326,Growlithe [Relentless Flames],851884,Maushold [Gentle Slap | Gnaw Relentlessly],Relentless Flames,https://pokepricelab.com/de/catalog/scarlet-violet-simplified-chinese-promos-maushold-sv-p-cs-030-scarlet-violet-simplified-chinese-promos-030
bad-index,SVI,31,Growlithe,"0,06€",702327,Growlithe [Stoke | Fire Claws],761051,Riolu [Punch],Stoke Fire Claws,https://pokepricelab.com/de/catalog/scarlet-violet-battle-academy-riolu-031
bad-index,SVI,74,Pawmi,"0,06€",702369,Pawmi [Jolt],727983,Pikachu [Growl | Pika Bolt],Light Punch Zap Kick,https://pokepricelab.com/de/catalog/scarlet-violet-promos-pikachu-sv-p-074-scarlet-violet-promos-074
bad-index,SVI,98,Fidough,"0,06€",702394,Fidough [Springy | Flop],851944,Charmander [Heat Tackle],Springy Flop,https://pokepricelab.com/de/catalog/scarlet-violet-simplified-chinese-promos-charmander-sv-p-cs-098-scarlet-violet-simplified-chinese-promos-098
bad-index,SVI,104,Greavard,"0,05€",702400,Greavard [Graveyard Gamboling],824724,Miraidon [Sharp Fang | Lightning Laser],Graveyard Gamboling,https://pokepricelab.com/de/catalog/scarlet-violet-thai-promos-miraidon-sv-p-th-104-scarlet-violet-thai-promos-104
bad-index,SVI,105,Greavard,"0,05€",702401,Greavard [Underworld Stroll | Sharp Fang],824726,Koraidon [Claw Slash | Rampaging Fang],Underworld Stroll Sharp Fang,https://pokepricelab.com/de/catalog/scarlet-violet-thai-promos-koraidon-sv-p-th-105-scarlet-violet-thai-promos-105
bad-index,SVI,115,Sandile,"0,05€",702411,Sandile [Gnaw | Ram],858980,Veluza [Ram | Slim Screw],Gnaw Ram,https://pokepricelab.com/de/catalog/scarlet-violet-simplified-chinese-promos-veluza-sv-p-cs-115-scarlet-violet-simplified-chinese-promos-115
bad-index,SVI,164,Cyclizar,"0,05€",702460,Cyclizar [Touring | Speed Attack],778392,Yanmega [Gyro Shockwave],Touring Speed Attack,https://pokepricelab.com/de/catalog/scarlet-violet-promos-yanmega-sv-p-164-scarlet-violet-promos-164
bad-index,SVI,28,Capsakid,"0,05€",702323,Capsakid [Slightly Spicy],851882,Kingambit [Leadership | Hack At],Increasing Spice Playful Kick,https://pokepricelab.com/de/catalog/scarlet-violet-simplified-chinese-promos-kingambit-sv-p-cs-028-scarlet-violet-simplified-chinese-promos-028
bad-index,SVI,70,Rotom,"0,05€",702365,Rotom [Linear Attack],824656,Froakie [Try Bouncing],Junk Hunt Thunder Shock,https://pokepricelab.com/de/catalog/scarlet-violet-thai-promos-froakie-sv-p-th-070-scarlet-violet-thai-promos-070
bad-index,FLI,91,Goomy,"0,04€",355606,Goomy [Rain Splash | Flail],559636,Lillie,Sticky Membrane Ram,https://pokepricelab.com/de/catalog/forbidden-light-jp-lillie-091
bad-index,SVI,154,Lechonk,"0,04€",702452,Lechonk [Whimsy Tackle],764619,Nemona,Repelling Odor Stampede,https://pokepricelab.com/de/catalog/scarlet-violet-promos-nemona-sv-p-154-scarlet-violet-promos-154
bad-index,SVI,27,Capsakid,"0,04€",702324,Capsakid [Increasing Spice | Playful Kick],851881,Tyranitar [Rout | Dread Mountain],Slightly Spicy,https://pokepricelab.com/de/catalog/scarlet-violet-simplified-chinese-promos-tyranitar-sv-p-cs-027-scarlet-violet-simplified-chinese-promos-027
bad-index,SVI,39,Charcadet,"0,04€",702335,Charcadet [Heat Blast],824491,Pikachu [Charge | Pika Punch],Ember,https://pokepricelab.com/de/catalog/scarlet-violet-thai-promos-pikachu-sv-p-th-039-scarlet-violet-thai-promos-039
bad-index,SVI,58,Cetoddle,"0,04€",702354,Cetoddle [Icicle | Sharp Fin],708469,Cetitan [Avalanche | Rolling Slider],Tackle,https://pokepricelab.com/de/catalog/scarlet-violet-promos-cetitan-sv-p-058-scarlet-violet-promos-058
bad-index,SVI,16,Tarountula,"0,03€",702313,Tarountula [String Shot],699713,Rare Candy,String Haul Bug Bite,https://pokepricelab.com/de/catalog/scarlet-violet-promos-rare-candy-sv-p-016-scarlet-violet-promos-016
duplicate,SVP,224,Paradise Resort,"451,02€",727542,Paradise Resort,844367,Paradise Resort,,https://pokepricelab.com/de/catalog/sv-black-star-promos-paradise-resort-224
duplicate,E1,37,Blastoise,"206,69€",274879,Blastoise [Jet Stream | Energy Cannon],274912,Blastoise [Jet Stream | Energy Cannon],Jet Stream Energy Cannon,https://pokepricelab.com/de/catalog/expedition-base-set-blastoise-37
duplicate,LTR,114,Reshiram,"199,52€",281139,Reshiram [Outrage | Blue Flare],281265,Reshiram [Outrage | Blue Flare],Outrage Blue Flare,https://pokepricelab.com/de/catalog/legendary-treasures-reshiram-114
duplicate,NP,12,Pikachu,"148,31€",573476,Pikachu [Agility | Thundershock],275485,Pikachu [Agility | Thundershock],Agility Thundershock,https://pokepricelab.com/de/catalog/nintendo-black-star-promos-pikachu-12
duplicate,SVP,150,Paradise Resort,"126,60€",726924,Paradise Resort,783445,Paradise Resort,,https://pokepricelab.com/de/catalog/sv-black-star-promos-paradise-resort-150
duplicate,OBF,130,Umbreon,"107,82€",727071,Umbreon [Feint Attack | Pitch-Black Blade],725210,Umbreon [Feint Attack | Pitch-Black Blade],Feint Attack Pitch-Black Blade,https://pokepricelab.com/de/catalog/obsidian-flames-umbreon-130
duplicate,FCO,63,Lucario,"94,74€",449708,Lucario [Vacuum Wave | Fight Alone],289884,Lucario [Vacuum Wave | Fight Alone],Vacuum Wave Fight Alone,https://pokepricelab.com/de/catalog/fates-collide-lucario-63
duplicate,SVP,45,Paradise Resort,"83,24€",844367,Paradise Resort,726924,Paradise Resort,,https://pokepricelab.com/de/catalog/sv-black-star-promos-paradise-resort-045
duplicate,E1,47,Feraligatr,"73,34€",274887,Feraligatr [Major Tsunami | Rending Jaws],274922,Feraligatr [Major Tsunami | Rending Jaws],Major Tsunami Rending Jaws,https://pokepricelab.com/de/catalog/expedition-base-set-feraligatr-47
duplicate,SSH,142,Snorlax VMAX,"51,82€",427236,Snorlax VMAX [G-Max Fall],687429,Snorlax VMAX [G-Max Fall],G-Max Fall,https://pokepricelab.com/de/catalog/sword-shield-snorlax-vmax-142
duplicate,E1,54,Meganium,"49,61€",274893,Meganium [Soothing Aroma | Poisonpowder],274929,Meganium [Soothing Aroma | Poisonpowder],Soothing Aroma Poisonpowder,https://pokepricelab.com/de/catalog/expedition-base-set-meganium-54
duplicate,DR,19,Salamence,"42,05€",280584,Salamence [Intimidating Fang | Dragon Flame],275896,Salamence [Intimidating Fang | Dragon Flame],Intimidating Fang Dragon Flame,https://pokepricelab.com/de/catalog/ex-dragon-salamence-19
duplicate,E1,65,Typhlosion,"39,65€",274903,Typhlosion [Heat Up | Super Singe],274940,Typhlosion [Heat Up | Super Singe],Heat Up Super Singe,https://pokepricelab.com/de/catalog/expedition-base-set-typhlosion-65
duplicate,E1,68,Venusaur,"34,46€",274905,Venusaur [Harvest Bounty | Body Slam],274943,Venusaur [Harvest Bounty | Body Slam],Harvest Bounty Body Slam,https://pokepricelab.com/de/catalog/expedition-base-set-venusaur-68
duplicate,E1,70,Weezing,"30,82€",274907,Weezing [Foul Gas | Misfire],274945,Weezing [Foul Gas | Misfire],Foul Gas Misfire,https://pokepricelab.com/de/catalog/expedition-base-set-weezing-70
duplicate,SVP,196,Charizard ex,"21,61€",751798,Charizard ex [Infernal Reign | Burning Darkness],821617,Charizard ex [Infernal Reign | Burning Darkness],Infernal Reign Burning Darkness,https://pokepricelab.com/de/catalog/sv-black-star-promos-charizard-ex-196
duplicate,SVP,173,Eevee,"18,39€",805370,Eevee [Boosted Evolution | Reckless Charge],806407,Eevee [Boosted Evolution | Reckless Charge],Boosted Evolution Reckless Charge,https://pokepricelab.com/de/catalog/sv-black-star-promos-eevee-173
duplicate,TR,8,Dark Gyarados,"15,77€",274078,Dark Gyarados [Final Beam | Ice Beam],274061,Dark Gyarados [Final Beam | Ice Beam],Final Beam Ice Beam,https://pokepricelab.com/de/catalog/team-rocket-dark-gyarados-8
duplicate,E1,28,Typhlosion,"10,94€",274940,Typhlosion [Heat Up | Super Singe],274903,Typhlosion [Heat Up | Super Singe],Heat Up Super Singe,https://pokepricelab.com/de/catalog/expedition-base-set-typhlosion-28
duplicate,SIT,207,Serena,"10,83€",682241,Serena,682256,Serena,,https://pokepricelab.com/de/catalog/silver-tempest-serena-207
duplicate,E1,22,Pichu,"10,42€",274933,Pichu [Energy Patch],274897,Pichu [Energy Patch],Energy Patch,https://pokepricelab.com/de/catalog/expedition-base-set-pichu-22
duplicate,SVP,14,Koraidon,"9,39€",692235,Koraidon [Claw Slash | Rampaging Fang],692236,Koraidon [Claw Slash | Rampaging Fang],Claw Slash Rampaging Fang,https://pokepricelab.com/de/catalog/sv-black-star-promos-koraidon-014
duplicate,VIV,195,Leon,"8,66€",512620,Leon,512685,Leon,,https://pokepricelab.com/de/catalog/vivid-voltage-leon-195
duplicate,STS,15,Volcarona,"8,53€",450483,Volcarona [Shimmering Scales | Power Hurricane],291522,Volcarona [Shimmering Scales | Power Hurricane],Shimmering Scales Power Hurricane,https://pokepricelab.com/de/catalog/steam-siege-volcarona-15
duplicate,SIT,193,Serena,"8,25€",682256,Serena,682241,Serena,,https://pokepricelab.com/de/catalog/silver-tempest-serena-193
duplicate,BST,173,Cheryl,"7,81€",546471,Cheryl,546656,Cheryl,,https://pokepricelab.com/de/catalog/battle-styles-cheryl-173
duplicate,CRE,214,Doctor,"7,54€",567298,Doctor,567322,Doctor,,https://pokepricelab.com/de/catalog/chilling-reign-doctor-214
duplicate,BST,159,Cheryl,"7,45€",546656,Cheryl,546471,Cheryl,,https://pokepricelab.com/de/catalog/battle-styles-cheryl-159
duplicate,EVS,224,Raihan,"7,37€",574260,Raihan,574282,Raihan,,https://pokepricelab.com/de/catalog/evolving-skies-raihan-224
duplicate,VIV,193,Bea,"7,33€",512610,Bea,512675,Bea,,https://pokepricelab.com/de/catalog/vivid-voltage-bea-193
duplicate,VIV,182,Leon,"7,29€",512685,Leon,512620,Leon,,https://pokepricelab.com/de/catalog/vivid-voltage-leon-182
duplicate,CRE,190,Doctor,"6,81€",567322,Doctor,567298,Doctor,,https://pokepricelab.com/de/catalog/chilling-reign-doctor-190
duplicate,BRS,18,Charizard VSTAR,"6,78€",608462,Charizard VSTAR [Explosive Fire | Star Blaze],610907,Charizard VSTAR [Explosive Fire | Star Blaze],Explosive Fire Star Blaze,https://pokepricelab.com/de/catalog/brilliant-stars-charizard-vstar-018
duplicate,LOR,203,Hisuian Zoroark VSTAR,"6,76€",674219,Hisuian Zoroark VSTAR [Ticking Curse | Phantom Star],674209,Hisuian Zoroark VSTAR [Ticking Curse | Phantom Star],Phantom Star Ticking Curse,https://pokepricelab.com/de/catalog/lost-origin-hisuian-zoroark-vstar-203
duplicate,E1,1,Alakazam,"6,56€",274908,Alakazam [Psymimic | Syncroblast],274876,Alakazam [Psymimic | Syncroblast],Psymimic Syncroblast,https://pokepricelab.com/de/catalog/expedition-base-set-alakazam-1
duplicate,SIT,204,Candice,"6,55€",682237,Candice,682252,Candice,,https://pokepricelab.com/de/catalog/silver-tempest-candice-204
duplicate,VIV,180,Bea,"6,54€",512675,Bea,512610,Bea,,https://pokepricelab.com/de/catalog/vivid-voltage-bea-180
duplicate,SIT,210,Serperior VSTAR,"6,29€",682244,Serperior VSTAR [Regal Blender | Star Winder],682259,Serperior VSTAR [Regal Blender | Star Winder],Regal Blender Star Winder,https://pokepricelab.com/de/catalog/silver-tempest-serperior-vstar-210
duplicate,EVS,225,Zinnia's Resolve,"6,27€",574261,Zinnia's Resolve,574283,Zinnia's Resolve,,https://pokepricelab.com/de/catalog/evolving-skies-zinnia-s-resolve-225
duplicate,EVS,203,Zinnia's Resolve,"6,22€",574283,Zinnia's Resolve,574261,Zinnia's Resolve,,https://pokepricelab.com/de/catalog/evolving-skies-zinnia-s-resolve-203
duplicate,SIT,189,Candice,"5,95€",682252,Candice,682237,Candice,,https://pokepricelab.com/de/catalog/silver-tempest-candice-189
duplicate,UPR,153,Lusamine,"5,42€",449883,Lusamine,316077,Lusamine,,https://pokepricelab.com/de/catalog/ultra-prism-lusamine-153
duplicate,SSH,201,Professor's Research,"5,30€",437134,Professor's Research - Professor Magnolia,433949,Professor's Research - Professor Magnolia,,https://pokepricelab.com/de/catalog/sword-shield-professor-s-research-201
duplicate,SIT,196,Serperior VSTAR,"5,28€",682259,Serperior VSTAR [Regal Blender | Star Winder],682244,Serperior VSTAR [Regal Blender | Star Winder],Regal Blender Star Winder,https://pokepricelab.com/de/catalog/silver-tempest-serperior-vstar-196
duplicate,EVS,202,Raihan,"5,09€",574282,Raihan,574260,Raihan,,https://pokepricelab.com/de/catalog/evolving-skies-raihan-202
duplicate,BST,82,Sandaconda,"3,87€",569897,Sandaconda [Big Sand Cannon | Skull Bash],569898,Sandaconda [Big Sand Cannon | Skull Bash],Big Sand Cannon Skull Bash,https://pokepricelab.com/de/catalog/battle-styles-sandaconda-82
duplicate,SP,301,Lugia V,"3,10€",719677,Lugia V [Read the Wind | Aero Dive],719676,Lugia V [Read the Wind | Aero Dive],Read the Wind Aero Dive,https://pokepricelab.com/de/catalog/swsh-black-star-promos-lugia-v-301
duplicate,BUS,143,Guzma,"3,02€",312287,Guzma,299541,Guzma,,https://pokepricelab.com/de/catalog/burning-shadows-guzma-143
duplicate,ROS,92,Trainers' Mail,"3,02€",297897,Trainers' Mail,282760,Trainers' Mail,,https://pokepricelab.com/de/catalog/roaring-skies-trainers-mail-92
duplicate,SP,99,Crobat VMAX,"2,88€",549401,Crobat VMAX [Stealth Poison | Max Cutter],556553,Crobat VMAX [Stealth Poison | Max Cutter],Stealth Poison Max Cutter,https://pokepricelab.com/de/catalog/swsh-black-star-promos-crobat-vmax-099
duplicate,EVS,40,Glaceon V,"2,59€",574064,Glaceon V [Frozen Awakening | Heavy Snow],740474,Glaceon V [Frozen Awakening | Heavy Snow],Frozen Awakening Heavy Snow,https://pokepricelab.com/de/catalog/evolving-skies-glaceon-v-040
duplicate,SP,1,Grookey,"2,51€",427081,Grookey [Branch Poke],547426,Grookey [Branch Poke],Branch Poke,https://pokepricelab.com/de/catalog/swsh-black-star-promos-grookey-001
duplicate,TEU,99,Jirachi,"2,00€",369028,Jirachi [Stellar Wish | Slap],722925,Jirachi [Stellar Wish | Slap],Stellar Wish Slap,https://pokepricelab.com/de/catalog/team-up-jirachi-99
duplicate,SP,83,Alakazam V,"1,92€",530487,Alakazam V [Zen Spoon | Mind Ruler],530482,Alakazam V [Zen Spoon | Mind Ruler],Zen Spoon Mind Ruler,https://pokepricelab.com/de/catalog/swsh-black-star-promos-alakazam-v-083
duplicate,SP,61,Pikachu V,"1,84€",565010,Pikachu V [Charge | Thunderbolt],540616,Pikachu V [Charge | Thunderbolt],Charge Thunderbolt,https://pokepricelab.com/de/catalog/swsh-black-star-promos-pikachu-v-061
duplicate,RS,74,Torchic,"1,65€",275722,Torchic [Singe],547271,Torchic [Singe],Singe,https://pokepricelab.com/de/catalog/ex-ruby-sapphire-torchic-74
duplicate,SP,21,Polteageist V,"1,64€",461664,Polteageist V [Teapot of Surpises | Mind Bend],576518,Polteageist V [Teapot of Surpises | Mind Bend],Teapot of Surprises Mind Bend,https://pokepricelab.com/de/catalog/swsh-black-star-promos-polteageist-v-021
duplicate,SVP,216,Team Rocket's Mewtwo ex,"1,62€",830111,Team Rocket's Mewtwo ex [Power Saver | Erasure Ball],832225,Team Rocket's Mewtwo ex [Power Saver | Erasure Ball],Power Saver Erasure Ball,https://pokepricelab.com/de/catalog/sv-black-star-promos-team-rocket-s-mewtwo-ex-216
duplicate,BWP,3,Oshawott,"1,46€",279923,Oshawott [Water Pulse],547306,Oshawott [Water Pulse],Water Pulse,https://pokepricelab.com/de/catalog/bw-black-star-promos-oshawott-03
duplicate,DAA,37,Suicune,"1,42€",483059,Suicune [Wave Splash | Aurora Loop],547901,Suicune [Wave Splash | Aurora Loop],Wave Splash Aurora Loop,https://pokepricelab.com/de/catalog/darkness-ablaze-suicune-37
duplicate,SIT,33,Alolan Vulpix V,"1,36€",682075,Alolan Vulpix V [White Drop | Frost Smash],740473,Alolan Vulpix V [White Drop | Frost Smash],White Drop Frost Smash,https://pokepricelab.com/de/catalog/silver-tempest-alolan-vulpix-v-033
duplicate,SP,30,Copperajah V,"1,30€",477159,Copperajah V [Adamantine Press | Wrack Down],576519,Copperajah V [Adamantine Press | Wrack Down],Adamantine Press Wrack Down,https://pokepricelab.com/de/catalog/swsh-black-star-promos-copperajah-v-030
duplicate,CES,95,Metagross,"1,23€",360408,Metagross [Extend | Meteor Mash],371634,Metagross [Extend | Meteor Mash],Extend Meteor Mash,https://pokepricelab.com/de/catalog/celestial-storm-metagross-95
duplicate,FCO,105,N,"0,88€",295213,N,289925,N,,https://pokepricelab.com/de/catalog/fates-collide-n-105
duplicate,SUM,161,Ultra Ball,"0,88€",312291,Ultra Ball,295474,Ultra Ball,,https://pokepricelab.com/de/catalog/sun-moon-ultra-ball-161
duplicate,MEP,36,Mega Feraligatr ex,"0,74€",873722,Mega Feraligatr ex [Mortal Crunch],873721,Mega Feraligatr ex [Mortal Crunch],Mortal Crunch,https://pokepricelab.com/de/catalog/mep-black-star-promos-mega-feraligatr-ex-036
duplicate,PAL,58,Frigibax,"0,72€",785461,Frigibax [Chilly | Bite],715533,Frigibax [Chilly | Bite],Chilly Bite,https://pokepricelab.com/de/catalog/paldea-evolved-frigibax-058
duplicate,MEP,11,Mega Latias ex,"0,67€",851063,Mega Latias ex [Strafe | Illusory Impulse],851066,Mega Latias ex [Strafe | Illusory Impulse],Strafe Illusory Impulse,https://pokepricelab.com/de/catalog/mep-black-star-promos-mega-latias-ex-011
duplicate,PLB,5,Tropius,"0,63€",281026,Tropius [Return | Energy Press],449213,Tropius [Return | Energy Press],Return Energy Press,https://pokepricelab.com/de/catalog/plasma-blast-tropius-5
duplicate,ASR,97,Absol,"0,55€",658743,Absol [Swirling Disaster | Claw Rend],700338,Absol [Swirling Disaster | Claw Rend],Swirling Disaster Claw Rend,https://pokepricelab.com/de/catalog/astral-radiance-absol-097
duplicate,BS,97,Fighting Energy,"0,55€",273792,Fighting Energy,660105,Fighting Energy,,https://pokepricelab.com/de/catalog/base-set-fighting-energy-97
duplicate,BKP,57,Garbodor,"0,50€",368705,Garbodor [Garbotoxin | Offensive Bomb],288232,Garbodor [Garbotoxin | Offensive Bomb],Garbotoxin Offensive Bomb,https://pokepricelab.com/de/catalog/breakpoint-garbodor-57
duplicate,CRE,98,Galarian Slowking,"0,38€",567206,Galarian Slowking [Mysterious Potion | Spray Fluid],752310,Galarian Slowking [Mysterious Potion | Spray Fluid],Mysterious Potion Spray Fluid,https://pokepricelab.com/de/catalog/chilling-reign-galarian-slowking-098
duplicate,ASR,147,Irida,"0,30€",658808,Irida,700342,Irida,,https://pokepricelab.com/de/catalog/astral-radiance-irida-147
duplicate,SIT,147,Archeops,"0,29€",682194,Archeops [Primal Turbo | Speed Wing],700347,Archeops [Primal Turbo | Speed Wing],Primal Turbo Speed Wing,https://pokepricelab.com/de/catalog/silver-tempest-archeops-147
duplicate,BRS,8,Torterra,"0,26€",608432,Torterra [Evopress | Hammer In],700329,Torterra [Evopress | Hammer In],Evopress Hammer In,https://pokepricelab.com/de/catalog/brilliant-stars-torterra-008
duplicate,LOR,37,Kingdra,"0,25€",670811,Kingdra [Seething Currents | Hydro Splash],700343,Kingdra [Seething Currents | Hydro Splash],Seething Currents Hydro Splash,https://pokepricelab.com/de/catalog/lost-origin-kingdra-037
duplicate,LOR,84,Hisuian Arcanine,"0,23€",674097,Hisuian Arcanine [Very Vulnerable | Sharp Fang],700345,Hisuian Arcanine [Very Vulnerable | Sharp Fang],Very Vulnerable Sharp Fang,https://pokepricelab.com/de/catalog/lost-origin-hisuian-arcanine-084
duplicate,TEF,121,Miraidon,"0,22€",761975,Miraidon [Peak Acceleration | Sparking Strike],760751,Miraidon [Peak Acceleration | Sparking Strike],Peak Acceleration Sparking Strike,https://pokepricelab.com/de/catalog/temporal-forces-miraidon-121
duplicate,FFI,12,Torchic,"0,20€",281676,Torchic [Quick Attack],449208,Torchic [Quick Attack],Quick Attack,https://pokepricelab.com/de/catalog/furious-fists-torchic-12
duplicate,PAL,107,Primeape,"0,20€",709538,Primeape [Low Kick | Pummel],715582,Primeape [Low Kick | Pummel],Low Kick Pummel,https://pokepricelab.com/de/catalog/paldea-evolved-primeape-107
duplicate,GEN,8,Tangela,"0,17€",288450,Tangela [Absorb | Vine Whip],722692,Tangela [Absorb | Vine Whip],Absorb Vine Whip,https://pokepricelab.com/de/catalog/generations-tangela-8
duplicate,GRI,46,Oricorio,"0,17€",297508,Oricorio [Feather Dance | Pom-Pom Punch],371620,Oricorio [Feather Dance | Pom-Pom Punch],Feather Dance Pom-Pom Punch,https://pokepricelab.com/de/catalog/guardians-rising-oricorio-46
duplicate,TEF,84,Relicanth,"0,16€",760714,Relicanth [Memory Dive | Razor Fin],761973,Relicanth [Memory Dive | Razor Fin],Memory Dive Razor Fin,https://pokepricelab.com/de/catalog/temporal-forces-relicanth-084
duplicate,MEW,25,Pikachu,"0,13€",733620,Pikachu [Charge | Pika Punch],748474,Pikachu [Charge | Pika Punch],Charge Pika Punch,https://pokepricelab.com/de/catalog/151-pikachu-025
duplicate,FLF,94,Pokémon Fan Club,"0,11€",281577,Pokémon Fan Club,371603,Pokémon Fan Club,,https://pokepricelab.com/de/catalog/flashfire-pokemon-fan-club-94
duplicate,BKP,56,Trubbish,"0,10€",368704,Trubbish [Acid Spray],288231,Trubbish [Acid Spray],Acid Spray,https://pokepricelab.com/de/catalog/breakpoint-trubbish-56
duplicate,CRE,10,Abomasnow,"0,08€",567090,Abomasnow [Toughness Boost | Mega Punch],672374,Abomasnow [Toughness Boost | Mega Punch],Toughness Boost Mega Punch,https://pokepricelab.com/de/catalog/chilling-reign-abomasnow-010
duplicate,FST,84,Snom,"0,04€",582218,Snom [Find Ice],740470,Snom [Find Ice],Find Ice,https://pokepricelab.com/de/catalog/fusion-strike-snom-084
duplicate,SCR,107,Archaludon,"0,04€",785961,Archaludon [Metal Bridge | Iron Blaster],786546,Archaludon [Metal Bridge | Iron Blaster],Metal Bridge Iron Blaster,https://pokepricelab.com/de/catalog/stellar-crown-archaludon-107
duplicate,SCR,119,Bouffalant,"0,04€",785973,Bouffalant [Curly Wall | Boundless Power],789025,Bouffalant [Curly Wall | Boundless Power],Curly Wall Boundless Power,https://pokepricelab.com/de/catalog/stellar-crown-bouffalant-119
duplicate,BG,1,Electabuzz,"0,02€",283081,Electabuzz [Thundershock | Thunderpunch],275411,Electabuzz [Thundershock | Thunderpunch],Thundershock Thunderpunch,https://pokepricelab.com/de/catalog/best-of-game-cards-promos-electabuzz-1
duplicate,BKT,149,Super Rod,"0,02€",295270,Super Rod,286395,Super Rod,,https://pokepricelab.com/de/catalog/breakthrough-super-rod-149
duplicate,STS,114,Professor Sycamore,"0,02€",295231,Professor Sycamore,291561,Professor Sycamore,,https://pokepricelab.com/de/catalog/steam-siege-professor-sycamore-114
ppl-wrong,PHF,10,Talonflame,"1,01€",281811,Talonflame [Acrobatics | Jet Shoot],281812,Talonflame (Theme Deck),Acrobatics Jet Shoot,https://pokepricelab.com/de/catalog/phantom-forces-talonflame-10
undecided,HS,114,Lugia LEGEND,"81,27€",279085,Lugia LEGEND [Top],279086,Lugia LEGEND [Ocean Grow | Elemental Blast | Bottom],Ocean Grow Elemental Blast,https://pokepricelab.com/de/catalog/heartgold-soulsilver-lugia-legend-114
undecided,TM,102,Palkia & Dialga LEGEND,"77,01€",279631,Palkia & Dialga LEGEND [Top],279632,Palkia & Dialga LEGEND [Sudden Delete | Time Control | Bottom],Sudden Delete Time Control,https://pokepricelab.com/de/catalog/triumphant-palkia-dialga-legend-102
undecided,HS,113,Lugia LEGEND,"69,39€",279086,Lugia LEGEND [Ocean Grow | Elemental Blast | Bottom],279085,Lugia LEGEND [Top],Ocean Grow Elemental Blast,https://pokepricelab.com/de/catalog/heartgold-soulsilver-lugia-legend-113
undecided,UL,91,Entei & Raikou LEGEND,"64,87€",279246,Entei & Raikou LEGEND [Top],279247,Entei & Raikou LEGEND [Detonation Spin | Thunder Fall | Bottom],Detonation Spin Thunder Fall,https://pokepricelab.com/de/catalog/unleashed-entei-raikou-legend-91
undecided,TM,101,Palkia & Dialga LEGEND,"54,22€",279632,Palkia & Dialga LEGEND [Sudden Delete | Time Control | Bottom],279631,Palkia & Dialga LEGEND [Top],Sudden Delete Time Control,https://pokepricelab.com/de/catalog/triumphant-palkia-dialga-legend-101
undecided,UL,93,Raikou & Suicune LEGEND,"45,70€",279248,Raikou & Suicune LEGEND [Top],279249,Raikou & Suicune LEGEND [Thunderbolt Spear | Aurora Gain | Bottom],Thunderbolt Spear Aurora Gain,https://pokepricelab.com/de/catalog/unleashed-raikou-suicune-legend-93
undecided,UL,92,Raikou & Suicune LEGEND,"41,57€",279249,Raikou & Suicune LEGEND [Thunderbolt Spear | Aurora Gain | Bottom],279248,Raikou & Suicune LEGEND [Top],Thunderbolt Spear Aurora Gain,https://pokepricelab.com/de/catalog/unleashed-raikou-suicune-legend-92
undecided,BS,9,Magneton,"32,54€",273704,Magneton [Thunder Wave | Selfdestruct],273932,Magneton [Thunder Wave | Selfdestruct],Thunder Wave Selfdestruct,https://pokepricelab.com/de/catalog/base-set-2-magneton-9
undecided,BS,11,Nidoking,"23,52€",273706,Nidoking [Thrash | Toxic],273934,Nidoking [Thrash | Toxic],Thrash Toxic,https://pokepricelab.com/de/catalog/base-set-2-nidoking-11
undecided,PL,23,Dialga,"22,88€",278543,Dialga [G] LV.X [Time Crystal | Remove Lost],278444,Dialga Lv.73 [Energy Stream | Diamond Blow],Energy Stream Diamond Blow,https://pokepricelab.com/de/catalog/platinum-dialga-lv-73-23
undecided,PL,5,Dialga,"7,26€",278428,Dialga [G] Lv.79 [Deafen | Second Strike],278426,Dialga Lv.72 [Reverse Time | Time-Space Traveling],Reverse Time Time-Space Traveling,https://pokepricelab.com/de/catalog/platinum-dialga-lv-72-5
undecided,E1,105,Cyndaquil,"5,10€",274979,Cyndaquil [Singe | Quick Attack],274980,Cyndaquil [Tackle | Ember | e-card],Tackle Ember,https://pokepricelab.com/de/catalog/expedition-base-set-cyndaquil-105
undecided,SP,244,Scorbunny,"3,81€",516354,Scorbunny [Me First | Live Coal],665987,Scorbunny [Flaring Dash | Ember],Flaring Dash Flare,https://pokepricelab.com/de/catalog/swsh-black-star-promos-scorbunny-244
undecided,SV,5,Garchomp,"3,49€",278751,Garchomp [C] Lv.62 [Claw Swipe | Earthquake],278696,Garchomp Lv.71 [Dragon Intimidation | Guard Claw | Speed Impact],Dragon Intimidation Guard Claw Speed Impact 120-,https://pokepricelab.com/de/catalog/supreme-victors-garchomp-lv-71-5
undecided,SVI,241,Professor's Research,"1,98€",702536,Professor's Research - Professor Sada,702537,Professor's Research - Professor Turo,,https://pokepricelab.com/de/catalog/scarlet-violet-professor-s-research-241
undecided,SVI,240,Professor's Research,"1,40€",702537,Professor's Research - Professor Turo,702536,Professor's Research - Professor Sada,,https://pokepricelab.com/de/catalog/scarlet-violet-professor-s-research-240
undecided,BLW,45,Joltik,"0,32€",279782,Joltik [Stun Needle],279783,Joltik [Leech Life | BW],Leech Life,https://pokepricelab.com/de/catalog/black-white-joltik-45
undecided,BST,108,Aegislash,"0,22€",545616,Aegislash [Stance Change | Full Metal Blade],545621,Aegislash [Stance Change | Giganton Bash],Stance Change Gigaton Bash,https://pokepricelab.com/de/catalog/battle-styles-aegislash-108
undecided,CES,25,Torchic,"0,10€",361272,Torchic [Peck | Live Coal],361273,Torchic [Ember | CES],Ember,https://pokepricelab.com/de/catalog/celestial-storm-torchic-25
undecided,SVI,73,Pawmi,"0,05€",702370,Pawmi [Light Punch | Zap Kick],824666,Pawmi [Static Shock],Jolt,https://pokepricelab.com/de/catalog/scarlet-violet-thai-promos-pawmi-sv-p-th-073-scarlet-violet-thai-promos-073
wrong-product,NP,35,Pikachu,"260,24€",275485,Pikachu [Agility | Thundershock],275508,Pikachu δ Delta Species [Thunder Wave | Iron Tail],Thunder Wave Iron Tail,https://pokepricelab.com/de/catalog/nintendo-black-star-promos-pikachu-delta-species-35
wrong-product,NP,16,Treecko,"182,73€",275480,Treecko [Tail Slap | Razor Leaf],275489,Treecko [Pound | Sporadic Sponging],Pound Sporadic Sponging,https://pokepricelab.com/de/catalog/nintendo-black-star-promos-treecko-16
wrong-product,N1,18,Typhlosion,"159,23€",274417,Typhlosion [Fire Recharge | Flame Burst],274418,Typhlosion [Fire Boost | Flame Wheel],Fire Boost Flame Wheel,https://pokepricelab.com/de/catalog/neo-genesis-typhlosion-18
wrong-product,E2,148,Kingdra,"156,26€",275056,Kingdra [Water Cyclone | Rapids],275224,Kingdra [Crystal Type | Aquabomb | Dual Burn],Crystal Type Aquabomb Dual Burn,https://pokepricelab.com/de/catalog/aquapolis-kingdra-148
wrong-product,SVP,148,Miraidon,"147,62€",692234,Miraidon [Sharp Fang | Lightning Laser],769427,Miraidon [Electric Claws | Mach Bolt],Electric Claws Mach Bolt,https://pokepricelab.com/de/catalog/sv-black-star-promos-miraidon-148
wrong-product,SVP,91,Koraidon,"107,80€",692236,Koraidon [Claw Slash | Rampaging Fang],760233,Koraidon [Primordial Beatdown | Shred],Primordial Beatdown Shred,https://pokepricelab.com/de/catalog/sv-black-star-promos-koraidon-091
wrong-product,N1,11,Meganium,"73,46€",274410,Meganium [Herbal Scent | Body Slam],274411,Meganium [Wild Growth | Soothing Scent],Wild Growth Soothing Scent,https://pokepricelab.com/de/catalog/neo-genesis-meganium-11
wrong-product,SP,234,Pikachu,"64,65€",461594,Pikachu [Iron Tail | Electro Ball],653698,Pikachu [Gift Delivery | Pika Ball],Gift Delivery Pika Ball,https://pokepricelab.com/de/catalog/swsh-black-star-promos-pikachu-234
wrong-product,E3,150,Kabutops,"58,68€",275240,Kabutops [Primal Aura | Dual Cut],275408,Kabutops [Crystal Type | Draining Cut | Triple Cutter],Crystal Type Draining Cut Triple Cutter,https://pokepricelab.com/de/catalog/skyridge-kabutops-150
wrong-product,N1,10,Meganium,"47,68€",274411,Meganium [Wild Growth | Soothing Scent],274410,Meganium [Herbal Scent | Body Slam],Herbal Scent Body Slam,https://pokepricelab.com/de/catalog/neo-genesis-meganium-10
wrong-product,SVP,95,Cleffa,"38,75€",761128,Cleffa [Grasping Draw],751816,Cleffa [Twinkling Hope],Twinkling Hope,https://pokepricelab.com/de/catalog/sv-black-star-promos-cleffa-095
wrong-product,E1,36,Blastoise,"20,47€",274912,Blastoise [Jet Stream | Energy Cannon],274911,Blastoise [Bubble | Double Cannon],Bubble Double Cannon,https://pokepricelab.com/de/catalog/expedition-base-set-blastoise-36
wrong-product,E1,132,Squirtle,"19,68€",275006,Squirtle [Wave Splash | Doubleslap],275007,Squirtle [Headbutt | Bubblebeam],Headbutt Bubblebeam,https://pokepricelab.com/de/catalog/expedition-base-set-squirtle-132
wrong-product,E1,67,Venusaur,"17,63€",274943,Venusaur [Harvest Bounty | Body Slam],274942,Venusaur [Leech Seed | Fury Strikes],Leech Seed Fury Strikes,https://pokepricelab.com/de/catalog/expedition-base-set-venusaur-67
wrong-product,DX,18,Deoxys,"16,23€",276419,Deoxys [Form Change | Link Blast],276421,Deoxys [Form Change | Barrier Attack],Form Change Barrier Attack,https://pokepricelab.com/de/catalog/ex-deoxys-deoxys-18
wrong-product,NP,3,Treecko,"16,17€",275489,Treecko [Pound | Sporadic Sponging],275476,Treecko [Tail Slap | Razor Leaf],Tail Slap Razor Leaf,https://pokepricelab.com/de/catalog/nintendo-black-star-promos-treecko-3
wrong-product,E1,30,Venusaur,"16,02€",274942,Venusaur [Leech Seed | Fury Strikes],274905,Venusaur [Harvest Bounty | Body Slam],Harvest Bounty Body Slam,https://pokepricelab.com/de/catalog/expedition-base-set-venusaur-30
wrong-product,SVP,161,Charizard ex,"15,71€",740401,Charizard ex [Infernal Reign | Burning Darkness],791830,Charizard ex [Brave Wing | Explosive Vortex],Brave Wing Explosive Vortex,https://pokepricelab.com/de/catalog/sv-black-star-promos-charizard-ex-161
wrong-product,BWP,99,Genesect,"15,65€",279905,Genesect [Signal Beam | Overdrive Smash],279890,Genesect [Hyper Beam | Breaker Bazooka],Hyper Beam Breaker Bazooka,https://pokepricelab.com/de/catalog/bw-black-star-promos-genesect-99
wrong-product,SP,198,Pikachu V,"13,04€",576742,Pikachu V [Volt Tackle],604984,Pikachu V [Lightning Blast],Lightning Blast,https://pokepricelab.com/de/catalog/swsh-black-star-promos-pikachu-v-198
wrong-product,DEX,61,Umbreon,"12,99€",280388,Umbreon [Shadow Drain | Slashing Strike],280389,Umbreon [Confuse Ray | Shadow Shutdown],Confuse Ray Shadow Shutdown,https://pokepricelab.com/de/catalog/dark-explorers-umbreon-61
wrong-product,E3,20,Magneton,"11,82€",275277,Magneton [Attract Energy | Electric Blast],275278,Magneton [Bounce Off | Magnetic Wave],Bounce Off Magnetic Wave,https://pokepricelab.com/de/catalog/skyridge-magneton-20
wrong-product,E1,131,Squirtle,"11,55€",275007,Squirtle [Headbutt | Bubblebeam],275006,Squirtle [Wave Splash | Doubleslap],Wave Splash Doubleslap,https://pokepricelab.com/de/catalog/expedition-base-set-squirtle-131
wrong-product,E3,115,Weedle,"10,65€",275373,Weedle [Fury Attack],275372,Weedle [Entangling Thread | Poison Horn],Entangling Thread Poison Horn,https://pokepricelab.com/de/catalog/skyridge-weedle-115
wrong-product,SVP,92,Miraidon,"10,40€",692233,Miraidon [Sharp Fang | Lightning Laser],760234,Miraidon [Peak Acceleration | Sparking Strike],Peak Acceleration Sparking Strike,https://pokepricelab.com/de/catalog/sv-black-star-promos-miraidon-092
wrong-product,E3,114,Weedle,"10,38€",275372,Weedle [Entangling Thread | Poison Horn],275373,Weedle [Fury Attack],Fury Attack,https://pokepricelab.com/de/catalog/skyridge-weedle-114
wrong-product,RS,42,Mightyena,"10,29€",275658,Mightyena [Intimidating Fang | Shakedown],275690,Mightyena [Bite | Ambush],Bite Ambush,https://pokepricelab.com/de/catalog/ex-ruby-sapphire-mightyena-42
wrong-product,CG,2,Blastoise,"9,80€",277095,Blastoise [Water Pressure | Hydro Pump],277083,Blastoise δ Delta Species [Shield Veil | Enraged Linear Attack | Skull Bash],Shield Veil Enraged Linear Attack Skull Bash,https://pokepricelab.com/de/catalog/ex-crystal-guardians-blastoise-delta-species-2
wrong-product,E1,135,Totodile,"9,49€",275009,Totodile [Surf | Double Scratch],275010,Totodile [Paralyzing Gaze | Bite],Paralyzing Gaze Bite,https://pokepricelab.com/de/catalog/expedition-base-set-totodile-135
wrong-product,PL,37,Palkia,"8,93€",278433,Palkia [G] Lv.78 [Splashing Turn | Pearl Breath],278458,Palkia Lv.72 [Tsunami | Water Pulse],Tsunami Water Pulse,https://pokepricelab.com/de/catalog/platinum-palkia-lv-72-37
wrong-product,E2,80,Growlithe,"8,90€",275124,Growlithe [Ember],275154,Growlithe [Roar | Firebreathing],Roar Firebreathing,https://pokepricelab.com/de/catalog/aquapolis-growlithe-80
wrong-product,E3,18,Magcargo,"8,62€",275276,Magcargo [Eruption | Fire Stream],275275,Magcargo [Streaming Mantle | Crushing Lava],Streaming Mantle Crushing Lava,https://pokepricelab.com/de/catalog/skyridge-magcargo-18
wrong-product,PL,6,Dialga,"8,14€",371546,Dialga [G] Lv.79 [Deafen | Second Strike],278427,Dialga Lv.70 [Time Aura | Metal Burn],Time Aura Metal Burn,https://pokepricelab.com/de/catalog/platinum-dialga-lv-70-6
wrong-product,DEX,60,Umbreon,"7,71€",280389,Umbreon [Confuse Ray | Shadow Shutdown],280388,Umbreon [Shadow Drain | Slashing Strike],Shadow Drain Slashing Strike,https://pokepricelab.com/de/catalog/dark-explorers-umbreon-60
wrong-product,DX,17,Deoxys,"7,20€",276421,Deoxys [Form Change | Barrier Attack],276420,Deoxys [Form Change | Energy Crush],Form Change Energy Crush,https://pokepricelab.com/de/catalog/ex-deoxys-deoxys-17
wrong-product,E3,19,Magneton,"7,17€",275278,Magneton [Bounce Off | Magnetic Wave],275277,Magneton [Attract Energy | Electric Blast],Attract Energy Electric Blast,https://pokepricelab.com/de/catalog/skyridge-magneton-19
wrong-product,E3,17,Magcargo,"7,15€",275275,Magcargo [Streaming Mantle | Crushing Lava],275276,Magcargo [Eruption | Fire Stream],Eruption Fire Stream,https://pokepricelab.com/de/catalog/skyridge-magcargo-17
wrong-product,SVP,27,Pikachu,"6,85€",832224,Pikachu [Scrappy Spark],703195,Pikachu [Adventuring Together],Adventuring Together,https://pokepricelab.com/de/catalog/sv-black-star-promos-pikachu-027
wrong-product,E3,73,Ledyba,"6,69€",275331,Ledyba [Teary Eyes | Quick Turn],275330,Ledyba [Gnaw | Slam],Gnaw Slam,https://pokepricelab.com/de/catalog/skyridge-ledyba-73
wrong-product,E2,106,Scyther,"6,68€",275130,Scyther [Quick Turn | Cross-Cut],275182,Scyther [Slash | Swift],Slash Swift,https://pokepricelab.com/de/catalog/aquapolis-scyther-106
wrong-product,E2,51,Growlithe,"6,42€",275154,Growlithe [Roar | Firebreathing],275124,Growlithe [Ember],Ember,https://pokepricelab.com/de/catalog/aquapolis-growlithe-51
wrong-product,E1,134,Totodile,"5,91€",275010,Totodile [Paralyzing Gaze | Bite],275009,Totodile [Surf | Double Scratch],Surf Double Scratch,https://pokepricelab.com/de/catalog/expedition-base-set-totodile-134
wrong-product,E2,57,Scyther,"5,30€",275182,Scyther [Slash | Swift],275130,Scyther [Quick Turn | Cross-Cut],Quick Turn Cross-Cut,https://pokepricelab.com/de/catalog/aquapolis-scyther-57
wrong-product,SP,145,Pikachu V,"5,09€",692429,Pikachu V [Pika Drive],576744,Pikachu V [Volt Tackle],Volt Tackle,https://pokepricelab.com/de/catalog/swsh-black-star-promos-pikachu-v-145
wrong-product,E3,72,Ledyba,"4,93€",275330,Ledyba [Gnaw | Slam],275331,Ledyba [Teary Eyes | Quick Turn],Teary Eyes Quick Turn,https://pokepricelab.com/de/catalog/skyridge-ledyba-72
wrong-product,BWP,69,Meloetta,"4,61€",279864,Meloetta [Sing | Psyburn],279862,Meloetta [Smack | Acrobatics],Smack Acrobatics,https://pokepricelab.com/de/catalog/bw-black-star-promos-meloetta-69
wrong-product,SVP,74,Charizard ex,"4,47€",791830,Charizard ex [Brave Wing | Explosive Vortex],751798,Charizard ex [Infernal Reign | Burning Darkness],Infernal Reign Burning Darkness,https://pokepricelab.com/de/catalog/sv-black-star-promos-charizard-ex-074
wrong-product,DR,10,Salamence,"3,96€",275896,Salamence [Intimidating Fang | Dragon Flame],275887,Salamence [Dragon Wind | Agility | Dragon Claw],Dragon Wind Agility Dragon Claw,https://pokepricelab.com/de/catalog/ex-dragon-salamence-10
wrong-product,N1,32,Croconaw,"3,88€",274431,Croconaw [Screech | Jaw Clamp],274432,Croconaw [Tackle | Sweep Away],Tackle Sweep Away,https://pokepricelab.com/de/catalog/neo-genesis-croconaw-32
wrong-product,LTR,83,Stunfisk,"3,66€",281136,Stunfisk [Attract | Mud-Slap],281234,Stunfisk [Muddy Water | Rumble],Muddy Water Rumble,https://pokepricelab.com/de/catalog/legendary-treasures-stunfisk-83
wrong-product,SP,73,Sobble,"3,61€",427091,Sobble [Bind],516364,Sobble [Growl | Rain Splash],Growl Rain Splash,https://pokepricelab.com/de/catalog/swsh-black-star-promos-sobble-073
wrong-product,NVI,15,Victini,"3,54€",280137,Victini [Victory Star | Stored Power],280138,Victini [V-create],V-create,https://pokepricelab.com/de/catalog/noble-victories-victini-15
wrong-product,BWP,68,Meloetta,"3,51€",279862,Meloetta [Smack | Acrobatics],279864,Meloetta [Sing | Psyburn],Sing Psyburn,https://pokepricelab.com/de/catalog/bw-black-star-promos-meloetta-68
wrong-product,NVI,14,Victini,"3,04€",280138,Victini [V-create],280137,Victini [Victory Star | Stored Power],Victory Star Stored Power,https://pokepricelab.com/de/catalog/noble-victories-victini-14
wrong-product,CG,43,Wartortle,"3,03€",277123,Wartortle [Bubble | Tackle],277124,Wartortle [Tail Whip | Bite],Tail Whip Bite,https://pokepricelab.com/de/catalog/ex-crystal-guardians-wartortle-43
wrong-product,DX,16,Deoxys,"3,03€",276420,Deoxys [Form Change | Energy Crush],276419,Deoxys [Form Change | Link Blast],Form Change Link Blast,https://pokepricelab.com/de/catalog/ex-deoxys-deoxys-16
wrong-product,SP,70,Grookey,"2,98€",547426,Grookey [Branch Poke],516349,Grookey [Full On],Full On,https://pokepricelab.com/de/catalog/swsh-black-star-promos-grookey-070
wrong-product,N1,47,Quilava,"2,70€",274446,Quilava [Ember | Fire Wind],274447,Quilava [Smokescreen | Char],Smokescreen Char,https://pokepricelab.com/de/catalog/neo-genesis-quilava-47
wrong-product,RS,50,Aron,"2,67€",275673,Aron [Rollout | Double Stab],275698,Aron [Gnaw],Gnaw,https://pokepricelab.com/de/catalog/ex-ruby-sapphire-aron-50
wrong-product,E2,115,Voltorb,"2,59€",275137,Voltorb [Rollout | Thundershock],275191,Voltorb [Swift],Swift,https://pokepricelab.com/de/catalog/aquapolis-voltorb-115
wrong-product,SP,143,Pikachu V,"2,58€",604984,Pikachu V [Lightning Blast],576742,Pikachu V [Volt Tackle],Volt Tackle,https://pokepricelab.com/de/catalog/swsh-black-star-promos-pikachu-v-143
wrong-product,E2,85,Horsea,"2,55€",275158,Horsea [Bubble],275159,Horsea [Reverse Thrust],Reverse Thrust,https://pokepricelab.com/de/catalog/aquapolis-horsea-85
wrong-product,RS,71,Skitty,"2,53€",275692,Skitty [Minor Errand-Running | Lullaby],275719,Skitty [Tackle | Lunge],Tackle Lunge,https://pokepricelab.com/de/catalog/ex-ruby-sapphire-skitty-71
wrong-product,SV,50,Arcanine,"2,41€",278706,Arcanine [G] Lv.60 [Extreme Speed | Overrun],278741,Arcanine Lv.32 [Overrun | Combustion],Overrun Combustion,https://pokepricelab.com/de/catalog/supreme-victors-arcanine-lv-32-50
wrong-product,DRV,15,Fraxure,"2,35€",281014,Fraxure [Grit | Dragon Claw],281015,Fraxure [Scratch | Sharp Fang],Scratch Sharp Fang,https://pokepricelab.com/de/catalog/dragon-vault-fraxure-15
wrong-product,SP,63,Pikachu V,"2,31€",540616,Pikachu V [Charge | Thunderbolt],496545,Pikachu V [Pika Ball | Circle Circuit],Pika Ball Circle Circuit,https://pokepricelab.com/de/catalog/swsh-black-star-promos-pikachu-v-063
wrong-product,CG,31,Combusken,"2,25€",277097,Combusken [Focus Energy | High Jump Kick],277112,Combusken [Searing Flame | Firebreathing],Searing Flame Firebreathing,https://pokepricelab.com/de/catalog/ex-crystal-guardians-combusken-31
wrong-product,BLW,6,Serperior,"2,04€",279743,Serperior [Vine Whip | Leaf Storm],279744,Serperior [Royal Heal | Leaf Tornado],Royal Heal Leaf Tornado,https://pokepricelab.com/de/catalog/black-white-serperior-6
wrong-product,RS,53,Electrike,"1,89€",275678,Electrike [Charge | Thunder Jolt],275701,Electrike [Super Thunder Wave | Tackle],Super Thunder Wave Tackle,https://pokepricelab.com/de/catalog/ex-ruby-sapphire-electrike-53
wrong-product,E2,64,Voltorb,"1,78€",275191,Voltorb [Swift],275137,Voltorb [Rollout | Thundershock],Rollout Thundershock,https://pokepricelab.com/de/catalog/aquapolis-voltorb-64
wrong-product,LOT,92,Unown,"1,64€",365727,Unown [DAMAGE | Hidden Power],365729,Unown [MISSING | Hidden Power],MISSING Hidden Power,https://pokepricelab.com/de/catalog/lost-thunder-unown-92
wrong-product,N1,54,Chikorita,"1,52€",274453,Chikorita [Tackle | Deflector],274454,Chikorita [Growl | Razor Leaf],Growl Razor Leaf,https://pokepricelab.com/de/catalog/neo-genesis-chikorita-54
wrong-product,RS,60,Mudkip,"1,40€",275707,Mudkip [Bubble],275708,Mudkip [Pound | Fury Swipes],Pound Fury Swipes,https://pokepricelab.com/de/catalog/ex-ruby-sapphire-mudkip-60
wrong-product,BLW,5,Serperior,"1,38€",279744,Serperior [Royal Heal | Leaf Tornado],279743,Serperior [Vine Whip | Leaf Storm],Vine Whip Leaf Storm,https://pokepricelab.com/de/catalog/black-white-serperior-5
wrong-product,PAL,201,Fuecoco,"1,31€",715508,Fuecoco [Tackle],715676,Fuecoco [Spacing Out | Flare],Spacing Out Flare,https://pokepricelab.com/de/catalog/paldea-evolved-fuecoco-201
wrong-product,EPO,57,Excadrill,"1,23€",280021,Excadrill [Metal Claw | Drill Run],280022,Excadrill [Dig | Earthquake],Dig Earthquake,https://pokepricelab.com/de/catalog/emerging-powers-excadrill-57
wrong-product,RS,65,Poochyena,"1,22€",275712,Poochyena [Knock Off | Rear Kick],275713,Poochyena [Shadow Bind],Shadow Bind,https://pokepricelab.com/de/catalog/ex-ruby-sapphire-poochyena-65
wrong-product,EPO,8,Leavanny,"1,17€",279972,Leavanny [Nurturing | X-Scissor],279973,Leavanny [Slash | Triple Cutter],Slash Triple Cutter,https://pokepricelab.com/de/catalog/emerging-powers-leavanny-8
wrong-product,NVI,53,Reuniclus,"1,12€",280175,Reuniclus [Future Sight | Net Force],280176,Reuniclus [Dizzy Punch | Mind Bend],Dizzy Punch Mind Bend,https://pokepricelab.com/de/catalog/noble-victories-reuniclus-53
wrong-product,NVI,52,Reuniclus,"1,07€",280176,Reuniclus [Dizzy Punch | Mind Bend],280175,Reuniclus [Future Sight | Net Force],Future Sight Net Force,https://pokepricelab.com/de/catalog/noble-victories-reuniclus-52
wrong-product,N1,31,Croconaw,"1,01€",274432,Croconaw [Tackle | Sweep Away],274431,Croconaw [Screech | Jaw Clamp],Screech Jaw Clamp,https://pokepricelab.com/de/catalog/neo-genesis-croconaw-31
wrong-product,UD,48,Eevee,"0,99€",279300,Eevee [Tackle | Bite],279301,Eevee [Call for Family | Tickle],Call for Family Tickle,https://pokepricelab.com/de/catalog/undaunted-eevee-48
wrong-product,SP,2,Scorbunny,"0,88€",665987,Scorbunny [Flaring Dash | Ember],427086,Scorbunny [Super Singe],Super Singe,https://pokepricelab.com/de/catalog/swsh-black-star-promos-scorbunny-002
wrong-product,BKT,109,Axew,"0,83€",286354,Axew [Brat Snack | Dragon Claw],286355,Axew [Extra Chop | Dragon Claw],Extra Chop Dragon Claw,https://pokepricelab.com/de/catalog/breakthrough-axew-109
wrong-product,EPO,31,Beartic,"0,82€",279995,Beartic [Sheer Cold | Icicle Crash],279996,Beartic [Icy Wind | Superpower],Icy Wind Superpower,https://pokepricelab.com/de/catalog/emerging-powers-beartic-31
wrong-product,RS,68,Ralts,"0,82€",275714,Ralts [Confuse Ray],275716,Ralts [Pound | Link Blast],Pound Link Blast,https://pokepricelab.com/de/catalog/ex-ruby-sapphire-ralts-68
wrong-product,LOT,91,Unown,"0,79€",365729,Unown [MISSING | Hidden Power],365728,Unown [HAND | Hidden Power],HAND Hidden Power,https://pokepricelab.com/de/catalog/lost-thunder-unown-91
wrong-product,PAL,196,Sprigatito,"0,77€",715486,Sprigatito [Dig Claws],715671,Sprigatito [Gather Sunlight | Seed Bomb],Gather Sunlight Seed Bomb,https://pokepricelab.com/de/catalog/paldea-evolved-sprigatito-196
wrong-product,EPO,7,Leavanny,"0,76€",279973,Leavanny [Slash | Triple Cutter],279972,Leavanny [Nurturing | X-Scissor],Nurturing X-Scissor,https://pokepricelab.com/de/catalog/emerging-powers-leavanny-7
wrong-product,TEU,12,Charmander,"0,75€",368944,Charmander [Scratch | Reprisal],368945,Charmander [Ember],Ember,https://pokepricelab.com/de/catalog/team-up-charmander-12
wrong-product,BCR,96,Skarmory,"0,70€",280682,Skarmory [Claw | Drill Peck],280683,Skarmory [Metal Sound | Swift],Metal Sound Swift,https://pokepricelab.com/de/catalog/boundaries-crossed-skarmory-96
wrong-product,RS,76,Treecko,"0,70€",275723,Treecko [Poison Breath],275724,Treecko [Tail Slap | Razor Leaf],Tail Slap Razor Leaf,https://pokepricelab.com/de/catalog/ex-ruby-sapphire-treecko-76
wrong-product,UD,16,Honchkrow,"0,67€",279268,Honchkrow [Whirlwind | Blindside],279269,Honchkrow [Shadow Bind | Vengeance],Shadow Bind Vengeance,https://pokepricelab.com/de/catalog/undaunted-honchkrow-16
wrong-product,RS,67,Ralts,"0,65€",275716,Ralts [Pound | Link Blast],275715,Ralts [Headbutt | Hypnoblast],Headbutt Hypnoblast,https://pokepricelab.com/de/catalog/ex-ruby-sapphire-ralts-67
wrong-product,SP,85,Boltund V,"0,61€",608109,Boltund V [Smash Turn | Electrobullet],610516,Boltund V [Electrify | Bolt Storm],Electrify Bolt Storm,https://pokepricelab.com/de/catalog/swsh-black-star-promos-boltund-v-085
wrong-product,BKT,108,Axew,"0,60€",286355,Axew [Extra Chop | Dragon Claw],286354,Axew [Brat Snack | Dragon Claw],Brat Snack Dragon Claw,https://pokepricelab.com/de/catalog/breakthrough-axew-108
wrong-product,BCR,95,Skarmory,"0,57€",280683,Skarmory [Metal Sound | Swift],280682,Skarmory [Claw | Drill Peck],Claw Drill Peck,https://pokepricelab.com/de/catalog/boundaries-crossed-skarmory-95
wrong-product,RS,58,Makuhita,"0,55€",275705,Makuhita [Fling | Low Kick],275706,Makuhita [Fake Out],Fake Out,https://pokepricelab.com/de/catalog/ex-ruby-sapphire-makuhita-58
wrong-product,RS,64,Poochyena,"0,54€",275713,Poochyena [Shadow Bind],275712,Poochyena [Knock Off | Rear Kick],Knock Off Rear Kick,https://pokepricelab.com/de/catalog/ex-ruby-sapphire-poochyena-64
wrong-product,UD,65,Scyther,"0,47€",279289,Scyther [Afterimage Strike],279318,Scyther [Cut | Slashing Strike],Cut Slashing Strike,https://pokepricelab.com/de/catalog/undaunted-scyther-65
wrong-product,RS,66,Ralts,"0,45€",275715,Ralts [Headbutt | Hypnoblast],275714,Ralts [Confuse Ray],Confuse Ray,https://pokepricelab.com/de/catalog/ex-ruby-sapphire-ralts-66
wrong-product,CG,19,Grovyle,"0,43€",277113,Grovyle [Detect | Smash Kick],277100,Grovyle δ Delta Species [Scratch | Agility],Scratch Agility,https://pokepricelab.com/de/catalog/ex-crystal-guardians-grovyle-delta-species-19
wrong-product,BLW,28,Oshawott,"0,35€",279765,Oshawott [Tackle | Water Gun],279766,Oshawott [Razor Shell],Razor Shell,https://pokepricelab.com/de/catalog/black-white-oshawott-28
wrong-product,UD,47,Eevee,"0,35€",279301,Eevee [Call for Family | Tickle],279300,Eevee [Tackle | Bite],Tackle Bite,https://pokepricelab.com/de/catalog/undaunted-eevee-47
wrong-product,UD,36,Scyther,"0,34€",279318,Scyther [Cut | Slashing Strike],279289,Scyther [Afterimage Strike],Afterimage Strike,https://pokepricelab.com/de/catalog/undaunted-scyther-36
wrong-product,UNM,148,Dratini,"0,33€",388527,Dratini [Agility],388532,Dratini [Aqua Lift | Jump On],Aqua Lift Jump On,https://pokepricelab.com/de/catalog/unified-minds-dratini-148
wrong-product,UNM,150,Dragonair,"0,33€",388537,Dragonair [Twister],388542,Dragonair [Tail Whap | Destructive Whirlpool],Tail Whap Destructive Whirlpool,https://pokepricelab.com/de/catalog/unified-minds-dragonair-150
wrong-product,FFI,60,Pancham,"0,32€",281723,Pancham [Bad-Influence Evolution | Confront],281724,Pancham [Comet Punch],Comet Punch,https://pokepricelab.com/de/catalog/furious-fists-pancham-60
wrong-product,HL,57,Chinchou,"0,32€",276130,Chinchou [Pound | Spark],276131,Chinchou [Random Spark | Lightning Ball],Random Spark Lightning Ball,https://pokepricelab.com/de/catalog/ex-hidden-legends-chinchou-57
wrong-product,EPO,46,Gothorita,"0,31€",280010,Gothorita [Double Slap | Psybeam],280011,Gothorita [Deleting Glare | Super Psy Bolt],Deleting Glare Super Psy Bolt,https://pokepricelab.com/de/catalog/emerging-powers-gothorita-46
wrong-product,HL,56,Chinchou,"0,30€",276131,Chinchou [Random Spark | Lightning Ball],276130,Chinchou [Pound | Spark],Pound Spark,https://pokepricelab.com/de/catalog/ex-hidden-legends-chinchou-56
wrong-product,UNM,34,Salazzle,"0,30€",388302,Salazzle [Smack | Slashing Claw],388002,Salazzle [Fire Claws],Fire Claws,https://pokepricelab.com/de/catalog/unified-minds-salazzle-34
wrong-product,EPO,10,Cottonee,"0,29€",279974,Cottonee [Absorb],279975,Cottonee [Cotton Guard],Cotton Guard,https://pokepricelab.com/de/catalog/emerging-powers-cottonee-10
wrong-product,UNM,149,Dragonair,"0,29€",388542,Dragonair [Tail Whap | Destructive Whirlpool],388537,Dragonair [Twister],Twister,https://pokepricelab.com/de/catalog/unified-minds-dragonair-149
wrong-product,DEX,81,Chansey,"0,28€",280408,Chansey [Sing | Double-Edge],280409,Chansey [Continuous Tumble],Continuous Tumble,https://pokepricelab.com/de/catalog/dark-explorers-chansey-81
wrong-product,LOT,40,Cyndaquil,"0,27€",365679,Cyndaquil [Smokescreen],365680,Cyndaquil [Hammer In],Hammer In,https://pokepricelab.com/de/catalog/lost-thunder-cyndaquil-40
wrong-product,LOT,6,Chikorita,"0,27€",365573,Chikorita [Synthesis | Razor Leaf],365574,Chikorita [Mini Drain],Mini Drain,https://pokepricelab.com/de/catalog/lost-thunder-chikorita-6
wrong-product,BLW,44,Joltik,"0,26€",279783,Joltik [Leech Life | BW],279782,Joltik [Stun Needle],Stun Needle,https://pokepricelab.com/de/catalog/black-white-joltik-44
wrong-product,EPO,45,Gothorita,"0,25€",280011,Gothorita [Deleting Glare | Super Psy Bolt],280010,Gothorita [Double Slap | Psybeam],Double Slap Psybeam,https://pokepricelab.com/de/catalog/emerging-powers-gothorita-45
wrong-product,GRI,56,Oricorio,"0,25€",297478,Oricorio [Passionate Dance | Kindle],371619,Oricorio [Supernatural Dance | Revelation Dance],Supernatural Dance Revelation Dance,https://pokepricelab.com/de/catalog/guardians-rising-oricorio-56
wrong-product,FCO,87,Minccino,"0,23€",289907,Minccino [Cleaning Up],289908,Minccino [Tail Smack],Tail Smack,https://pokepricelab.com/de/catalog/fates-collide-minccino-87
wrong-product,HL,53,Baltoy,"0,23€",276126,Baltoy [Psyshock],276127,Baltoy [Headbutt | Mud Slap],Headbutt Mud Slap,https://pokepricelab.com/de/catalog/ex-hidden-legends-baltoy-53
wrong-product,BKT,116,Doduo,"0,22€",286361,Doduo [Simultaneous Peck | Doduo Delivery],286362,Doduo [Double Stab | Doduo Delivery],Double Stab Doduo Delivery,https://pokepricelab.com/de/catalog/breakthrough-doduo-116
wrong-product,BLW,81,Lillipup,"0,22€",279818,Lillipup [Pickup | Bite],371575,Lillipup [Collect | Tackle],Collect Tackle,https://pokepricelab.com/de/catalog/black-white-lillipup-81
wrong-product,EPO,55,Drilbur,"0,22€",280019,Drilbur [Hone Claws | Scratch],280020,Drilbur [Mud-Slap],Mud-Slap,https://pokepricelab.com/de/catalog/emerging-powers-drilbur-55
wrong-product,GRI,55,Oricorio,"0,22€",297518,Oricorio [Supernatural Dance | Revelation Dance],450068,Oricorio [Vital Dance | Casual Slap],Vital Dance Casual Slap,https://pokepricelab.com/de/catalog/guardians-rising-oricorio-55
wrong-product,NVI,55,Elgyem,"0,22€",280177,Elgyem [Headbutt | Calm Mind],280178,Elgyem [First Contact | Headbutt],First Contact Headbutt,https://pokepricelab.com/de/catalog/noble-victories-elgyem-55
wrong-product,TEU,3,Weedle,"0,22€",368935,Weedle [Tangle Drag | Bug Bite],368936,Weedle [Reckless Charge],Reckless Charge,https://pokepricelab.com/de/catalog/team-up-weedle-3
wrong-product,BLW,80,Lillipup,"0,21€",279819,Lillipup [Collect | Tackle],279818,Lillipup [Pickup | Bite],Pickup Bite,https://pokepricelab.com/de/catalog/black-white-lillipup-80
wrong-product,FCO,44,Wormadam,"0,20€",289829,Wormadam [Solar Ray | Leaf Cutter],289868,Wormadam [Sand Spray | Twin Bursts],Sand Spray Twin Bursts,https://pokepricelab.com/de/catalog/fates-collide-wormadam-44
wrong-product,BKT,115,Doduo,"0,19€",286362,Doduo [Double Stab | Doduo Delivery],286361,Doduo [Simultaneous Peck | Doduo Delivery],Simultaneous Peck Doduo Delivery,https://pokepricelab.com/de/catalog/breakthrough-doduo-115
wrong-product,EPO,54,Drilbur,"0,19€",280020,Drilbur [Mud-Slap],280019,Drilbur [Hone Claws | Scratch],Hone Claws Scratch,https://pokepricelab.com/de/catalog/emerging-powers-drilbur-54
wrong-product,FCO,86,Minccino,"0,19€",289908,Minccino [Tail Smack],289907,Minccino [Cleaning Up],Cleaning Up,https://pokepricelab.com/de/catalog/fates-collide-minccino-86
wrong-product,HL,52,Baltoy,"0,19€",276127,Baltoy [Headbutt | Mud Slap],276126,Baltoy [Psyshock],Psyshock,https://pokepricelab.com/de/catalog/ex-hidden-legends-baltoy-52
wrong-product,CES,8,Treecko,"0,18€",361254,Treecko [Sleep Poison],361255,Treecko [Smack | Tail Whap],Smack Tail Whap,https://pokepricelab.com/de/catalog/celestial-storm-treecko-8
wrong-product,EPO,71,Ferroseed,"0,18€",280035,Ferroseed [Pin Missile],280036,Ferroseed [Pierce],Pierce,https://pokepricelab.com/de/catalog/emerging-powers-ferroseed-71
wrong-product,EPO,70,Ferroseed,"0,17€",280036,Ferroseed [Pierce],280035,Ferroseed [Pin Missile],Pin Missile,https://pokepricelab.com/de/catalog/emerging-powers-ferroseed-70
wrong-product,PLF,72,Pawniard,"0,17€",280949,Pawniard [Slash],280950,Pawniard [Cut],Cut,https://pokepricelab.com/de/catalog/plasma-freeze-pawniard-72
wrong-product,BLW,2,Snivy,"0,16€",279739,Snivy [Tackle | Vine Whip],279740,Snivy [Leaf Blade],Leaf Blade,https://pokepricelab.com/de/catalog/black-white-snivy-2
wrong-product,CEC,100,Cosmog,"0,16€",408139,Cosmog [Ascension],408144,Cosmog [Unaware | Surprise Attack],Unaware Surprise Attack,https://pokepricelab.com/de/catalog/cosmic-eclipse-cosmog-100
wrong-product,CES,7,Treecko,"0,16€",361255,Treecko [Smack | Tail Whap],361254,Treecko [Sleep Poison],Sleep Poison,https://pokepricelab.com/de/catalog/celestial-storm-treecko-7
wrong-product,EPO,9,Cottonee,"0,16€",279975,Cottonee [Cotton Guard],279974,Cottonee [Absorb],Absorb,https://pokepricelab.com/de/catalog/emerging-powers-cottonee-9
wrong-product,LOT,115,Larvitar,"0,16€",365751,Larvitar [Submerge | Bite],365752,Larvitar [Second Strike],Second Strike,https://pokepricelab.com/de/catalog/lost-thunder-larvitar-115
wrong-product,NVI,54,Elgyem,"0,16€",280178,Elgyem [First Contact | Headbutt],280177,Elgyem [Headbutt | Calm Mind],Headbutt Calm Mind,https://pokepricelab.com/de/catalog/noble-victories-elgyem-54
wrong-product,TEU,2,Weedle,"0,16€",368936,Weedle [Reckless Charge],368935,Weedle [Tangle Drag | Bug Bite],Tangle Drag Bug Bite,https://pokepricelab.com/de/catalog/team-up-weedle-2
wrong-product,DEX,80,Chansey,"0,15€",280409,Chansey [Continuous Tumble],280408,Chansey [Sing | Double-Edge],Sing Double-Edge,https://pokepricelab.com/de/catalog/dark-explorers-chansey-80
wrong-product,UNM,7,Sewaddle,"0,15€",387862,Sewaddle [Multiply | Gnaw],387867,Sewaddle [Swaddling Leaves | Surprise Attack],Swaddling Leaves Surprise Attack,https://pokepricelab.com/de/catalog/unified-minds-sewaddle-7
wrong-product,CEC,107,Trapinch,"0,14€",408189,Trapinch [Dig],408179,Trapinch [Nest Building | Sand Spray],Nest Building Sand Spray,https://pokepricelab.com/de/catalog/cosmic-eclipse-trapinch-107
wrong-product,GRI,14,Oricorio,"0,14€",297517,Oricorio [Vital Dance | Casual Slap],371618,Oricorio [Passionate Dance | Kindle],Passionate Dance Kindle,https://pokepricelab.com/de/catalog/guardians-rising-oricorio-14
wrong-product,UNM,129,Murkrow,"0,14€",388432,Murkrow [Astonish],388442,Murkrow [Peck],Peck,https://pokepricelab.com/de/catalog/unified-minds-murkrow-129
wrong-product,BKT,32,Remoraid,"0,13€",286277,Remoraid [Wild River | Water Gun],286278,Remoraid [Ion Pool | Water Gun],Ion Pool Water Gun,https://pokepricelab.com/de/catalog/breakthrough-remoraid-32
wrong-product,LOT,5,Chikorita,"0,13€",365574,Chikorita [Mini Drain],365573,Chikorita [Synthesis | Razor Leaf],Synthesis Razor Leaf,https://pokepricelab.com/de/catalog/lost-thunder-chikorita-5
wrong-product,PLF,71,Pawniard,"0,13€",280950,Pawniard [Cut],280949,Pawniard [Slash],Slash,https://pokepricelab.com/de/catalog/plasma-freeze-pawniard-71
wrong-product,LOT,24,Wurmple,"0,12€",365663,Wurmple [Ram],365616,Wurmple [Poison Sting],Poison Sting,https://pokepricelab.com/de/catalog/lost-thunder-wurmple-24
wrong-product,BKT,31,Remoraid,"0,11€",286278,Remoraid [Ion Pool | Water Gun],286277,Remoraid [Wild River | Water Gun],Wild River Water Gun,https://pokepricelab.com/de/catalog/breakthrough-remoraid-31
wrong-product,BRS,77,Wormadam,"0,10€",608644,Wormadam [Matron's Anger | Scrap Drop],608527,Wormadam [Matron's Anger | Bind Down],Matron's Anger Bind Down,https://pokepricelab.com/de/catalog/brilliant-stars-wormadam-077
wrong-product,CES,26,Torchic,"0,10€",361273,Torchic [Ember | CES],361272,Torchic [Peck | Live Coal],Peck Live Coal,https://pokepricelab.com/de/catalog/celestial-storm-torchic-26
wrong-product,CES,93,Beldum,"0,10€",361336,Beldum [Conductive Body | Ram],361337,Beldum [Single Smash],Single Smash,https://pokepricelab.com/de/catalog/celestial-storm-beldum-93
wrong-product,FST,29,Vulpix,"0,10€",582162,Vulpix [Live Coal],582163,Vulpix [Smash Kick],Smash Kick,https://pokepricelab.com/de/catalog/fusion-strike-vulpix-029
wrong-product,LOT,114,Larvitar,"0,10€",365752,Larvitar [Second Strike],365751,Larvitar [Submerge | Bite],Submerge Bite,https://pokepricelab.com/de/catalog/lost-thunder-larvitar-114
wrong-product,LOT,23,Wurmple,"0,10€",365616,Wurmple [Poison Sting],365663,Wurmple [Ram],Ram,https://pokepricelab.com/de/catalog/lost-thunder-wurmple-23
wrong-product,RS,75,Treecko,"0,10€",275724,Treecko [Tail Slap | Razor Leaf],275723,Treecko [Poison Breath],Poison Breath,https://pokepricelab.com/de/catalog/ex-ruby-sapphire-treecko-75
wrong-product,SSH,97,Rhyhorn,"0,10€",436599,Rhyhorn [Horn Attack | Hammer In],436604,Rhyhorn [Stomp Off | Land Crush],Stomp Off Land Crush,https://pokepricelab.com/de/catalog/sword-shield-rhyhorn-97
wrong-product,SSP,33,Charcadet,"0,10€",794292,Charcadet [Will-O-Wisp],794295,Charcadet [Light Punch | Flamethrower],Light Punch Flamethrower,https://pokepricelab.com/de/catalog/surging-sparks-charcadet-033
wrong-product,UNM,6,Sewaddle,"0,10€",387867,Sewaddle [Swaddling Leaves | Surprise Attack],387862,Sewaddle [Multiply | Gnaw],Multiply Gnaw,https://pokepricelab.com/de/catalog/unified-minds-sewaddle-6
wrong-product,ASR,91,Hisuian Overqwil,"0,09€",658714,Hisuian Overqwil [Tormenting Poison | Pinning],658718,Hisuian Overqwil [Dirty Press | Pierce],Dirty Press Pierce,https://pokepricelab.com/de/catalog/astral-radiance-hisuian-overqwil-091
wrong-product,CEC,99,Cosmog,"0,08€",408144,Cosmog [Unaware | Surprise Attack],449363,Cosmog [Ascension],Ascension,https://pokepricelab.com/de/catalog/cosmic-eclipse-cosmog-99
wrong-product,FST,28,Vulpix,"0,08€",582163,Vulpix [Smash Kick],582162,Vulpix [Live Coal],Live Coal,https://pokepricelab.com/de/catalog/fusion-strike-vulpix-028
wrong-product,SSH,67,Chinchou,"0,08€",436474,Chinchou [Luring Glow | Lightning Ball],436469,Chinchou [Gentle Slap],Gentle Slap,https://pokepricelab.com/de/catalog/sword-shield-chinchou-67
wrong-product,SVI,18,Tarountula,"0,08€",702312,Tarountula [String Haul | Bug Bite],702314,Tarountula [Surprise Attack],Surprise Attack,https://pokepricelab.com/de/catalog/scarlet-violet-tarountula-018
wrong-product,ASR,90,Hisuian Overqwil,"0,07€",658718,Hisuian Overqwil [Dirty Press | Pierce],658714,Hisuian Overqwil [Tormenting Poison | Pinning],Tormenting Poison Pinning,https://pokepricelab.com/de/catalog/astral-radiance-hisuian-overqwil-090
wrong-product,FLI,92,Goomy,"0,07€",355605,Goomy [Sticky Membrane | Ram],355606,Goomy [Rain Splash | Flail],Rain Splash Flail,https://pokepricelab.com/de/catalog/forbidden-light-goomy-92
wrong-product,OBF,181,Lechonk,"0,07€",725260,Lechonk [Tackle],725261,Lechonk [Disarming Voice],Disarming Voice,https://pokepricelab.com/de/catalog/obsidian-flames-lechonk-181
wrong-product,OBF,182,Lechonk,"0,07€",725261,Lechonk [Disarming Voice],725262,Lechonk [Headbutt Bounce | Mud Shot],Headbutt Bounce Mud Shot,https://pokepricelab.com/de/catalog/obsidian-flames-lechonk-182
wrong-product,OBF,76,Tadbulb,"0,07€",725154,Tadbulb [Energize | Lightning Ball],725156,Tadbulb [Shake and Discharge],Shake and Discharge,https://pokepricelab.com/de/catalog/obsidian-flames-tadbulb-076
wrong-product,OBF,78,Bellibolt,"0,07€",725157,Bellibolt [Electrobullet],725158,Bellibolt [Insulator | Thunderous Edge],Insulator Thunderous Edge,https://pokepricelab.com/de/catalog/obsidian-flames-bellibolt-078
wrong-product,PAL,108,Paldean Tauros,"0,07€",715501,Paldean Tauros [Raging Horns | Blaze Dash],715583,Paldean Tauros [Raging Horns | Combat Tackle],Raging Horns Combat Tackle,https://pokepricelab.com/de/catalog/paldea-evolved-paldean-tauros-108
wrong-product,SVI,160,Tandemaus,"0,07€",702455,Tandemaus [Gnaw],702456,Tandemaus [Double Hit],Double Hit,https://pokepricelab.com/de/catalog/scarlet-violet-tandemaus-160
wrong-product,SVI,56,Wiglett,"0,07€",702350,Wiglett [Twisting Strike],702351,Wiglett [Dig a Little | Ram],Dig a Little Ram,https://pokepricelab.com/de/catalog/scarlet-violet-wiglett-056
wrong-product,CES,92,Beldum,"0,06€",361337,Beldum [Single Smash],361336,Beldum [Conductive Body | Ram],Conductive Body Ram,https://pokepricelab.com/de/catalog/celestial-storm-beldum-92
wrong-product,OBF,77,Bellibolt,"0,06€",725158,Bellibolt [Insulator | Thunderous Edge],725157,Bellibolt [Electrobullet],Electrobullet,https://pokepricelab.com/de/catalog/obsidian-flames-bellibolt-077
wrong-product,SVI,102,Flittle,"0,06€",702397,Flittle [Spinning Attack],702398,Flittle [Dash Off],Dash Off,https://pokepricelab.com/de/catalog/scarlet-violet-flittle-102
wrong-product,SVI,156,Lechonk,"0,06€",702451,Lechonk [Collect | Tackle],702452,Lechonk [Whimsy Tackle],Whimsy Tackle,https://pokepricelab.com/de/catalog/scarlet-violet-lechonk-156
wrong-product,SVI,78,Wattrel,"0,06€",702374,Wattrel [Collect | Glide],702375,Wattrel [Static Shock],Static Shock,https://pokepricelab.com/de/catalog/scarlet-violet-wattrel-078
wrong-product,OBF,154,Varoom,"0,05€",725235,Varoom [Suffocating Gas],725234,Varoom [Spinning Draw],Spinning Draw,https://pokepricelab.com/de/catalog/obsidian-flames-varoom-154
wrong-product,PAL,125,Glimmet,"0,05€",715599,Glimmet [Ascension],715600,Glimmet [Rock Throw],Rock Throw,https://pokepricelab.com/de/catalog/paldea-evolved-glimmet-125
wrong-product,PAL,28,Paldean Tauros,"0,05€",715515,Paldean Tauros [Raging Horns | Aqua Dive],715501,Paldean Tauros [Raging Horns | Blaze Dash],Raging Horns Blaze Dash,https://pokepricelab.com/de/catalog/paldea-evolved-paldean-tauros-028
wrong-product,PAL,53,Cetoddle,"0,05€",715529,Cetoddle [Rest | Double-Edge],715528,Cetoddle [Avalanche],Avalanche,https://pokepricelab.com/de/catalog/paldea-evolved-cetoddle-053
wrong-product,PAL,69,Shinx,"0,05€",715543,Shinx [Big Roar | Ram],715544,Shinx [Wild Kick],Wild Kick,https://pokepricelab.com/de/catalog/paldea-evolved-shinx-069
wrong-product,SSP,2,Exeggcute,"0,05€",794256,Exeggcute [Precocious Evolution],794257,Exeggcute [Absorb],Absorb,https://pokepricelab.com/de/catalog/surging-sparks-exeggcute-002
wrong-product,SVI,135,Maschiff,"0,05€",702431,Maschiff [Crunch],702430,Maschiff [Rear Kick | Darkness Fang],Rear Kick Darkness Fang,https://pokepricelab.com/de/catalog/scarlet-violet-maschiff-135
wrong-product,SVI,17,Tarountula,"0,05€",702314,Tarountula [Surprise Attack],702313,Tarountula [String Shot],String Shot,https://pokepricelab.com/de/catalog/scarlet-violet-tarountula-017
wrong-product,SVI,55,Wiglett,"0,05€",702351,Wiglett [Dig a Little | Ram],702350,Wiglett [Twisting Strike],Twisting Strike,https://pokepricelab.com/de/catalog/scarlet-violet-wiglett-055
wrong-product,SVI,59,Cetoddle,"0,05€",702353,Cetoddle [Tackle],702354,Cetoddle [Icicle | Sharp Fin],Icicle Sharp Fin,https://pokepricelab.com/de/catalog/scarlet-violet-cetoddle-059
wrong-product,SVI,77,Wattrel,"0,05€",702375,Wattrel [Static Shock],702374,Wattrel [Collect | Glide],Collect Glide,https://pokepricelab.com/de/catalog/scarlet-violet-wattrel-077
wrong-product,PAL,121,Nacli,"0,04€",715595,Nacli [Headbutt],715596,Nacli [Salt Coating | Tackle],Salt Coating Tackle,https://pokepricelab.com/de/catalog/paldea-evolved-nacli-121
wrong-product,PAL,20,Nymble,"0,04€",715492,Nymble [Slight Splash | Bug Bite],715493,Nymble [Wild Kick],Wild Kick,https://pokepricelab.com/de/catalog/paldea-evolved-nymble-020
wrong-product,PAL,39,Charcadet,"0,04€",715512,Charcadet [Kick],715513,Charcadet [Live Coal | Magnum Punch],Live Coal Magnum Punch,https://pokepricelab.com/de/catalog/paldea-evolved-charcadet-039
wrong-product,PAL,68,Shinx,"0,04€",715544,Shinx [Wild Kick],715543,Shinx [Big Roar | Ram],Big Roar Ram,https://pokepricelab.com/de/catalog/paldea-evolved-shinx-068
wrong-product,SSP,1,Exeggcute,"0,04€",794257,Exeggcute [Absorb],794256,Exeggcute [Precocious Evolution],Precocious Evolution,https://pokepricelab.com/de/catalog/surging-sparks-exeggcute-001
wrong-product,SSP,32,Charcadet,"0,04€",794295,Charcadet [Light Punch | Flamethrower],794292,Charcadet [Will-O-Wisp],Will-O-Wisp,https://pokepricelab.com/de/catalog/surging-sparks-charcadet-032
wrong-product,TEF,97,Great Tusk,"0,04€",760726,Great Tusk [Lunge Out | Wrathful Charge],760727,Great Tusk [Land Collapse | Giant Tusk],Land Collapse Giant Tusk,https://pokepricelab.com/de/catalog/temporal-forces-great-tusk-097
wrong-product,OBF,74,Tadbulb,"0,03€",725156,Tadbulb [Shake and Discharge],725154,Tadbulb [Energize | Lightning Ball],Energize Lightning Ball,https://pokepricelab.com/de/catalog/obsidian-flames-tadbulb-074
wrong-product,PAL,120,Nacli,"0,03€",715596,Nacli [Salt Coating | Tackle],715595,Nacli [Headbutt],Headbutt,https://pokepricelab.com/de/catalog/paldea-evolved-nacli-120
wrong-product,PAL,124,Glimmet,"0,03€",715600,Glimmet [Rock Throw],715599,Glimmet [Ascension],Ascension,https://pokepricelab.com/de/catalog/paldea-evolved-glimmet-124
wrong-product,PAL,19,Nymble,"0,03€",715493,Nymble [Wild Kick],715492,Nymble [Slight Splash | Bug Bite],Slight Splash Bug Bite,https://pokepricelab.com/de/catalog/paldea-evolved-nymble-019
wrong-product,SSH,152,Wooloo,"0,03€",436859,Wooloo [Tackle | Headbutt],436854,Wooloo [Expand],Expand,https://pokepricelab.com/de/catalog/sword-shield-wooloo-152
wrong-product,TEF,96,Great Tusk,"0,03€",760727,Great Tusk [Land Collapse | Giant Tusk],760726,Great Tusk [Lunge Out | Wrathful Charge],Lunge Out Wrathful Charge,https://pokepricelab.com/de/catalog/temporal-forces-great-tusk-096
