series,gallery_number,set_code,set_number,name_de,name_en,image_url_de,image_url_en
7,1,SCR,107,Briduradon,Archaludon,https://d1wx537rtdixyy.cloudfront.net/expansions/series7/de-de/OP_Prize_SE7_DE_1-2x.png,https://d1wx537rtdixyy.cloudfront.net/expansions/series7/en-us/OP_Prize_SE7_EN_1-2x.png
7,2,SSP,130,Briduradon-ex,Archaludon ex,https://d1wx537rtdixyy.cloudfront.net/expansions/series7/de-de/OP_Prize_SE7_DE_2-2x.png,https://d1wx537rtdixyy.cloudfront.net/expansions/series7/en-us/OP_Prize_SE7_EN_2-2x.png
7,3,SSP,74,Azumarill,Azumarill,https://d1wx537rtdixyy.cloudfront.net/expansions/series7/de-de/OP_Prize_SE7_DE_3-2x.png,https://d1wx537rtdixyy.cloudfront.net/expansions/series7/en-us/OP_Prize_SE7_EN_3-2x.png
7,4,TWM,134,Heiteira-ex,Blissey ex,https://d1wx537rtdixyy.cloudfront.net/expansions/series7/de-de/OP_Prize_SE7_DE_4-2x.png,https://d1wx537rtdixyy.cloudfront.net/expansions/series7/en-us/OP_Prize_SE7_EN_4-2x.png
7,5,TWM,141,Blutmond-Ursaluna-ex,Bloodmoon Ursaluna ex,https://d1wx537rtdixyy.cloudfront.net/expansions/series7/de-de/OP_Prize_SE7_DE_5-2x.png,https://d1wx537rtdixyy.cloudfront.net/expansions/series7/en-us/OP_Prize_SE7_EN_5-2x.png
7,6,SCR,119,Bisofank,Bouffalant,https://d1wx537rtdixyy.cloudfront.net/expansions/series7/de-de/OP_Prize_SE7_DE_6-2x.png,https://d1wx537rtdixyy.cloudfront.net/expansions/series7/en-us/OP_Prize_SE7_EN_6-2x.png
7,7,PRE,4,Knospi,Budew,https://d1wx537rtdixyy.cloudfront.net/expansions/series7/de-de/OP_Prize_SE7_DE_7-2x.png,https://d1wx537rtdixyy.cloudfront.net/expansions/series7/en-us/OP_Prize_SE7_EN_7-2x.png
7,8,SSP,36,Azugladis-ex,Ceruledge ex,https://d1wx537rtdixyy.cloudfront.net/expansions/series7/de-de/OP_Prize_SE7_DE_8-2x.png,https://d1wx537rtdixyy.cloudfront.net/expansions/series7/en-us/OP_Prize_SE7_EN_8-2x.png
7,9,TWM,105,Meistagrif,Conkeldurr,https://d1wx537rtdixyy.cloudfront.net/expansions/series7/de-de/OP_Prize_SE7_DE_9-2x.png,https://d1wx537rtdixyy.cloudfront.net/expansions/series7/en-us/OP_Prize_SE7_EN_9-2x.png
7,10,TEF,85,Rotomurf,Drilbur,https://d1wx537rtdixyy.cloudfront.net/expansions/series7/de-de/OP_Prize_SE7_DE_10-2x.png,https://d1wx537rtdixyy.cloudfront.net/expansions/series7/en-us/OP_Prize_SE7_EN_10-2x.png
7,11,TEF,129,Dummimisel,Dudunsparce,https://d1wx537rtdixyy.cloudfront.net/expansions/series7/de-de/OP_Prize_SE7_DE_11-2x.png,https://d1wx537rtdixyy.cloudfront.net/expansions/series7/en-us/OP_Prize_SE7_EN_11-2x.png
7,12,SHF,19,Zwirrklop,Dusclops,https://d1wx537rtdixyy.cloudfront.net/expansions/series7/de-de/OP_Prize_SE7_DE_12-2x.png,https://d1wx537rtdixyy.cloudfront.net/expansions/series7/en-us/OP_Prize_SE7_EN_12-2x.png
7,13,SHF,20,Zwirrfinst,Dusknoir,https://d1wx537rtdixyy.cloudfront.net/expansions/series7/de-de/OP_Prize_SE7_DE_13-2x.png,https://d1wx537rtdixyy.cloudfront.net/expansions/series7/en-us/OP_Prize_SE7_EN_13-2x.png
7,14,SSP,143,Evoli,Eevee,https://d1wx537rtdixyy.cloudfront.net/expansions/series7/de-de/OP_Prize_SE7_DE_14-2x.png,https://d1wx537rtdixyy.cloudfront.net/expansions/series7/en-us/OP_Prize_SE7_EN_14-2x.png
7,15,PRE,75,Evoli-ex,Eevee ex,https://d1wx537rtdixyy.cloudfront.net/expansions/series7/de-de/OP_Prize_SE7_DE_15-2x.png,https://d1wx537rtdixyy.cloudfront.net/expansions/series7/en-us/OP_Prize_SE7_EN_15-2x.png
7,16,PRE,34,Psiana-ex,Espeon ex,https://d1wx537rtdixyy.cloudfront.net/expansions/series7/de-de/OP_Prize_SE7_DE_16-2x.png,https://d1wx537rtdixyy.cloudfront.net/expansions/series7/en-us/OP_Prize_SE7_EN_16-2x.png
7,17,SCR,118,Wirbel-Rotom,Fan Rotom,https://d1wx537rtdixyy.cloudfront.net/expansions/series7/de-de/OP_Prize_SE7_DE_17-2x.png,https://d1wx537rtdixyy.cloudfront.net/expansions/series7/en-us/OP_Prize_SE7_EN_17-2x.png
7,18,SHF,38,Beatori-ex,Fezandipiti ex,https://d1wx537rtdixyy.cloudfront.net/expansions/series7/de-de/OP_Prize_SE7_DE_18-2x.png,https://d1wx537rtdixyy.cloudfront.net/expansions/series7/en-us/OP_Prize_SE7_EN_18-2x.png
7,19,PRE,14,Flamara-ex,Flareon ex,https://d1wx537rtdixyy.cloudfront.net/expansions/series7/de-de/OP_Prize_SE7_DE_19-2x.png,https://d1wx537rtdixyy.cloudfront.net/expansions/series7/en-us/OP_Prize_SE7_EN_19-2x.png
7,20,TWM,53,Frosdedje,Froslass,https://d1wx537rtdixyy.cloudfront.net/expansions/series7/de-de/OP_Prize_SE7_DE_20-2x.png,https://d1wx537rtdixyy.cloudfront.net/expansions/series7/en-us/OP_Prize_SE7_EN_20-2x.png
7,21,SHF,2,Voltula,Galvantula,https://d1wx537rtdixyy.cloudfront.net/expansions/series7/de-de/OP_Prize_SE7_DE_21-2x.png,https://d1wx537rtdixyy.cloudfront.net/expansions/series7/en-us/OP_Prize_SE7_EN_21-2x.png
7,22,SSP,107,Gastrodon,Gastrodon,https://d1wx537rtdixyy.cloudfront.net/expansions/series7/de-de/OP_Prize_SE7_DE_22-2x.png,https://d1wx537rtdixyy.cloudfront.net/expansions/series7/en-us/OP_Prize_SE7_EN_22-2x.png
7,23,PRE,26,Glaziola-ex,Glaceon ex,https://d1wx537rtdixyy.cloudfront.net/expansions/series7/de-de/OP_Prize_SE7_DE_23-2x.png,https://d1wx537rtdixyy.cloudfront.net/expansions/series7/en-us/OP_Prize_SE7_EN_23-2x.png
7,24,TWM,106,Quajutsu-ex,Greninja ex,https://d1wx537rtdixyy.cloudfront.net/expansions/series7/de-de/OP_Prize_SE7_DE_24-2x.png,https://d1wx537rtdixyy.cloudfront.net/expansions/series7/en-us/OP_Prize_SE7_EN_24-2x.png
7,25,SSP,19,Ho-Oh,Ho-Oh,https://d1wx537rtdixyy.cloudfront.net/expansions/series7/de-de/OP_Prize_SE7_DE_25-2x.png,https://d1wx537rtdixyy.cloudfront.net/expansions/series7/en-us/OP_Prize_SE7_EN_25-2x.png
7,26,JTG,136,Hops Zwollock,Hop’s Dubwool,https://d1wx537rtdixyy.cloudfront.net/expansions/series7/de-de/OP_Prize_SE7_DE_26-2x.png,https://d1wx537rtdixyy.cloudfront.net/expansions/series7/en-us/OP_Prize_SE7_EN_26-2x.png
7,27,JTG,117,Hops Relaxo,Hop’s Snorlax,https://d1wx537rtdixyy.cloudfront.net/expansions/series7/de-de/OP_Prize_SE7_DE_27-2x.png,https://d1wx537rtdixyy.cloudfront.net/expansions/series7/en-us/OP_Prize_SE7_EN_27-2x.png
7,28,JTG,111,Hops Zacian-ex,Hop’s Zacian ex,https://d1wx537rtdixyy.cloudfront.net/expansions/series7/de-de/OP_Prize_SE7_DE_28-2x.png,https://d1wx537rtdixyy.cloudfront.net/expansions/series7/en-us/OP_Prize_SE7_EN_28-2x.png
7,29,JTG,53,Enigmaras Wampitz-ex,Iono’s Bellibolt ex,https://d1wx537rtdixyy.cloudfront.net/expansions/series7/de-de/OP_Prize_SE7_DE_29-2x.png,https://d1wx537rtdixyy.cloudfront.net/expansions/series7/en-us/OP_Prize_SE7_EN_29-2x.png
7,30,JTG,55,Enigmaras Voltrean,Iono’s Kilowattrel,https://d1wx537rtdixyy.cloudfront.net/expansions/series7/de-de/OP_Prize_SE7_DE_30-2x.png,https://d1wx537rtdixyy.cloudfront.net/expansions/series7/en-us/OP_Prize_SE7_EN_30-2x.png
7,31,JTG,47,Enigmaras Voltobal,Iono’s Voltorb,https://d1wx537rtdixyy.cloudfront.net/expansions/series7/de-de/OP_Prize_SE7_DE_31-2x.png,https://d1wx537rtdixyy.cloudfront.net/expansions/series7/en-us/OP_Prize_SE7_EN_31-2x.png
7,32,TWM,77,Eisendorn-ex,Iron Thorns ex,https://d1wx537rtdixyy.cloudfront.net/expansions/series7/de-de/OP_Prize_SE7_DE_32-2x.png,https://d1wx537rtdixyy.cloudfront.net/expansions/series7/en-us/OP_Prize_SE7_EN_32-2x.png
7,33,PRE,30,Blitza-ex,Jolteon ex,https://d1wx537rtdixyy.cloudfront.net/expansions/series7/de-de/OP_Prize_SE7_DE_33-2x.png,https://d1wx537rtdixyy.cloudfront.net/expansions/series7/en-us/OP_Prize_SE7_EN_33-2x.png
7,34,SCR,50,Wattzapf,Joltik,https://d1wx537rtdixyy.cloudfront.net/expansions/series7/de-de/OP_Prize_SE7_DE_34-2x.png,https://d1wx537rtdixyy.cloudfront.net/expansions/series7/en-us/OP_Prize_SE7_EN_34-2x.png
7,35,SSP,76,Latias-ex,Latias ex,https://d1wx537rtdixyy.cloudfront.net/expansions/series7/de-de/OP_Prize_SE7_DE_35-2x.png,https://d1wx537rtdixyy.cloudfront.net/expansions/series7/en-us/OP_Prize_SE7_EN_35-2x.png
7,36,PRE,6,Folipurba-ex,Leafeon ex,https://d1wx537rtdixyy.cloudfront.net/expansions/series7/de-de/OP_Prize_SE7_DE_36-2x.png,https://d1wx537rtdixyy.cloudfront.net/expansions/series7/en-us/OP_Prize_SE7_EN_36-2x.png
7,37,JTG,56,Lillys Piepi-ex,Lillie’s Clefairy ex,https://d1wx537rtdixyy.cloudfront.net/expansions/series7/de-de/OP_Prize_SE7_DE_37-2x.png,https://d1wx537rtdixyy.cloudfront.net/expansions/series7/en-us/OP_Prize_SE7_EN_37-2x.png
7,38,JTG,67,Lillys Bandelby,Lillie’s Ribombee,https://d1wx537rtdixyy.cloudfront.net/expansions/series7/de-de/OP_Prize_SE7_DE_38-2x.png,https://d1wx537rtdixyy.cloudfront.net/expansions/series7/en-us/OP_Prize_SE7_EN_38-2x.png
7,39,SSP,59,Magneton,Magneton,https://d1wx537rtdixyy.cloudfront.net/expansions/series7/de-de/OP_Prize_SE7_DE_39-2x.png,https://d1wx537rtdixyy.cloudfront.net/expansions/series7/en-us/OP_Prize_SE7_EN_39-2x.png
7,40,JTG,79,Mamutel-ex,Mamoswine ex,https://d1wx537rtdixyy.cloudfront.net/expansions/series7/de-de/OP_Prize_SE7_DE_40-2x.png,https://d1wx537rtdixyy.cloudfront.net/expansions/series7/en-us/OP_Prize_SE7_EN_40-2x.png
7,41,TEF,114,Metang,Metang,https://d1wx537rtdixyy.cloudfront.net/expansions/series7/de-de/OP_Prize_SE7_DE_41-2x.png,https://d1wx537rtdixyy.cloudfront.net/expansions/series7/en-us/OP_Prize_SE7_EN_41-2x.png
7,42,TWM,95,Benesaru,Munkidori,https://d1wx537rtdixyy.cloudfront.net/expansions/series7/de-de/OP_Prize_SE7_DE_42-2x.png,https://d1wx537rtdixyy.cloudfront.net/expansions/series7/en-us/OP_Prize_SE7_EN_42-2x.png
7,43,SCR,115,Noctuh,Noctowl,https://d1wx537rtdixyy.cloudfront.net/expansions/series7/de-de/OP_Prize_SE7_DE_43-2x.png,https://d1wx537rtdixyy.cloudfront.net/expansions/series7/en-us/OP_Prize_SE7_EN_43-2x.png
7,44,JTG,27,Ns Flampivian,N’s Darmanitan,https://d1wx537rtdixyy.cloudfront.net/expansions/series7/de-de/OP_Prize_SE7_DE_44-2x.png,https://d1wx537rtdixyy.cloudfront.net/expansions/series7/en-us/OP_Prize_SE7_EN_44-2x.png
7,45,JTG,116,Ns Reshiram,N’s Reshiram,https://d1wx537rtdixyy.cloudfront.net/expansions/series7/de-de/OP_Prize_SE7_DE_45-2x.png,https://d1wx537rtdixyy.cloudfront.net/expansions/series7/en-us/OP_Prize_SE7_EN_45-2x.png
7,46,JTG,98,Ns Zoroark-ex,N’s Zoroark ex,https://d1wx537rtdixyy.cloudfront.net/expansions/series7/de-de/OP_Prize_SE7_DE_46-2x.png,https://d1wx537rtdixyy.cloudfront.net/expansions/series7/en-us/OP_Prize_SE7_EN_46-2x.png
7,47,SSP,57,Pikachu-ex,Pikachu ex,https://d1wx537rtdixyy.cloudfront.net/expansions/series7/de-de/OP_Prize_SE7_DE_47-2x.png,https://d1wx537rtdixyy.cloudfront.net/expansions/series7/en-us/OP_Prize_SE7_EN_47-2x.png
7,48,TEF,24,Skarabaks,Rabsca,https://d1wx537rtdixyy.cloudfront.net/expansions/series7/de-de/OP_Prize_SE7_DE_48-2x.png,https://d1wx537rtdixyy.cloudfront.net/expansions/series7/en-us/OP_Prize_SE7_EN_48-2x.png
7,49,PRE,86,Regigigas,Regigigas,https://d1wx537rtdixyy.cloudfront.net/expansions/series7/de-de/OP_Prize_SE7_DE_49-2x.png,https://d1wx537rtdixyy.cloudfront.net/expansions/series7/en-us/OP_Prize_SE7_EN_49-2x.png
7,50,SSP,86,Feelinara-ex,Sylveon ex,https://d1wx537rtdixyy.cloudfront.net/expansions/series7/de-de/OP_Prize_SE7_DE_50-2x.png,https://d1wx537rtdixyy.cloudfront.net/expansions/series7/en-us/OP_Prize_SE7_EN_50-2x.png
7,51,SSP,65,Kapu-Riki,Tapu Koko,https://d1wx537rtdixyy.cloudfront.net/expansions/series7/de-de/OP_Prize_SE7_DE_51-2x.png,https://d1wx537rtdixyy.cloudfront.net/expansions/series7/en-us/OP_Prize_SE7_EN_51-2x.png
7,52,TWM,131,Nigiragi,Tatsugiri,https://d1wx537rtdixyy.cloudfront.net/expansions/series7/de-de/OP_Prize_SE7_DE_52-2x.png,https://d1wx537rtdixyy.cloudfront.net/expansions/series7/en-us/OP_Prize_SE7_EN_52-2x.png
7,53,TWM,25,Türkisgrüne-Maske-Ogerpon-ex,Teal Mask Ogerpon ex,https://d1wx537rtdixyy.cloudfront.net/expansions/series7/de-de/OP_Prize_SE7_DE_53-2x.png,https://d1wx537rtdixyy.cloudfront.net/expansions/series7/en-us/OP_Prize_SE7_EN_53-2x.png
7,54,SSP,161,Terapagos,Terapagos,https://d1wx537rtdixyy.cloudfront.net/expansions/series7/de-de/OP_Prize_SE7_DE_54-2x.png,https://d1wx537rtdixyy.cloudfront.net/expansions/series7/en-us/OP_Prize_SE7_EN_54-2x.png
7,55,SCR,128,Terapagos-ex,Terapagos ex,https://d1wx537rtdixyy.cloudfront.net/expansions/series7/de-de/OP_Prize_SE7_DE_55-2x.png,https://d1wx537rtdixyy.cloudfront.net/expansions/series7/en-us/OP_Prize_SE7_EN_55-2x.png
7,56,JTG,95,Despotar,Tyranitar,https://d1wx537rtdixyy.cloudfront.net/expansions/series7/de-de/OP_Prize_SE7_DE_56-2x.png,https://d1wx537rtdixyy.cloudfront.net/expansions/series7/en-us/OP_Prize_SE7_EN_56-2x.png
7,57,PRE,60,Nachtara-ex,Umbreon ex,https://d1wx537rtdixyy.cloudfront.net/expansions/series7/de-de/OP_Prize_SE7_DE_57-2x.png,https://d1wx537rtdixyy.cloudfront.net/expansions/series7/en-us/OP_Prize_SE7_EN_57-2x.png
7,58,PRE,23,Aquana-ex,Vaporeon ex,https://d1wx537rtdixyy.cloudfront.net/expansions/series7/de-de/OP_Prize_SE7_DE_58-2x.png,https://d1wx537rtdixyy.cloudfront.net/expansions/series7/en-us/OP_Prize_SE7_EN_58-2x.png
7,59,SCR,131,Höhlensystem Null,Area Zero Underdepths,https://d1wx537rtdixyy.cloudfront.net/expansions/series7/de-de/OP_Prize_SE7_DE_59-2x.png,https://d1wx537rtdixyy.cloudfront.net/expansions/series7/en-us/OP_Prize_SE7_EN_59-2x.png
7,60,TEF,142,Bells Hingabe,Bianca’s Devotion,https://d1wx537rtdixyy.cloudfront.net/expansions/series7/de-de/OP_Prize_SE7_DE_60-2x.png,https://d1wx537rtdixyy.cloudfront.net/expansions/series7/en-us/OP_Prize_SE7_EN_60-2x.png
7,61,SCR,132,Brianna,Briar,https://d1wx537rtdixyy.cloudfront.net/expansions/series7/de-de/OP_Prize_SE7_DE_61-2x.png,https://d1wx537rtdixyy.cloudfront.net/expansions/series7/en-us/OP_Prize_SE7_EN_61-2x.png
7,62,SSP,164,Prächtiger Mixer,Brilliant Blender,https://d1wx537rtdixyy.cloudfront.net/expansions/series7/de-de/OP_Prize_SE7_DE_62-2x.png,https://d1wx537rtdixyy.cloudfront.net/expansions/series7/en-us/OP_Prize_SE7_EN_62-2x.png
7,63,JTG,146,Rockos Erkundung,Brock’s Scouting,https://d1wx537rtdixyy.cloudfront.net/expansions/series7/de-de/OP_Prize_SE7_DE_63-2x.png,https://d1wx537rtdixyy.cloudfront.net/expansions/series7/en-us/OP_Prize_SE7_EN_63-2x.png
7,64,TEF,144,Dicke-Freunde-Knursp,Buddy-Buddy Poffin,https://d1wx537rtdixyy.cloudfront.net/expansions/series7/de-de/OP_Prize_SE7_DE_64-2x.png,https://d1wx537rtdixyy.cloudfront.net/expansions/series7/en-us/OP_Prize_SE7_EN_64-2x.png
7,65,TWM,143,Käfersammlerset,Bug Catching Set,https://d1wx537rtdixyy.cloudfront.net/expansions/series7/de-de/OP_Prize_SE7_DE_65-2x.png,https://d1wx537rtdixyy.cloudfront.net/expansions/series7/en-us/OP_Prize_SE7_EN_65-2x.png
7,66,TWM,145,Hana,Carmine,https://d1wx537rtdixyy.cloudfront.net/expansions/series7/de-de/OP_Prize_SE7_DE_66-2x.png,https://d1wx537rtdixyy.cloudfront.net/expansions/series7/en-us/OP_Prize_SE7_EN_66-2x.png
7,67,SHF,57,Achromas’ Beharrlichkeit,Colress’s Tenacity,https://d1wx537rtdixyy.cloudfront.net/expansions/series7/de-de/OP_Prize_SE7_DE_67-2x.png,https://d1wx537rtdixyy.cloudfront.net/expansions/series7/en-us/OP_Prize_SE7_EN_67-2x.png
7,68,SSP,169,Kontergewinn,Counter Gain,https://d1wx537rtdixyy.cloudfront.net/expansions/series7/de-de/OP_Prize_SE7_DE_68-2x.png,https://d1wx537rtdixyy.cloudfront.net/expansions/series7/en-us/OP_Prize_SE7_EN_68-2x.png
7,69,SCR,133,Matt,Crispin,https://d1wx537rtdixyy.cloudfront.net/expansions/series7/de-de/OP_Prize_SE7_DE_69-2x.png,https://d1wx537rtdixyy.cloudfront.net/expansions/series7/en-us/OP_Prize_SE7_EN_69-2x.png
7,70,TWM,148,Spezial-Hammer,Enhanced Hammer,https://d1wx537rtdixyy.cloudfront.net/expansions/series7/de-de/OP_Prize_SE7_DE_70-2x.png,https://d1wx537rtdixyy.cloudfront.net/expansions/series7/en-us/OP_Prize_SE7_EN_70-2x.png
7,71,SCR,135,Glastrompete,Glass Trumpet,https://d1wx537rtdixyy.cloudfront.net/expansions/series7/de-de/OP_Prize_SE7_DE_71-2x.png,https://d1wx537rtdixyy.cloudfront.net/expansions/series7/en-us/OP_Prize_SE7_EN_71-2x.png
7,72,SSP,177,Erdanziehungsberg,Gravity Mountain,https://d1wx537rtdixyy.cloudfront.net/expansions/series7/de-de/OP_Prize_SE7_DE_72-2x.png,https://d1wx537rtdixyy.cloudfront.net/expansions/series7/en-us/OP_Prize_SE7_EN_72-2x.png
7,73,JTG,147,Hops Tasche,Hop’s Bag,https://d1wx537rtdixyy.cloudfront.net/expansions/series7/de-de/OP_Prize_SE7_DE_73-2x.png,https://d1wx537rtdixyy.cloudfront.net/expansions/series7/en-us/OP_Prize_SE7_EN_73-2x.png
7,74,JTG,148,Hops Wahlband,Hop’s Choice Band,https://d1wx537rtdixyy.cloudfront.net/expansions/series7/de-de/OP_Prize_SE7_DE_74-2x.png,https://d1wx537rtdixyy.cloudfront.net/expansions/series7/en-us/OP_Prize_SE7_EN_74-2x.png
7,75,JTG,149,Lilias Kampfgeist,Iris’s Fighting Spirit,https://d1wx537rtdixyy.cloudfront.net/expansions/series7/de-de/OP_Prize_SE7_DE_75-2x.png,https://d1wx537rtdixyy.cloudfront.net/expansions/series7/en-us/OP_Prize_SE7_EN_75-2x.png
7,76,TWM,153,Störturm,Jamming Tower,https://d1wx537rtdixyy.cloudfront.net/expansions/series7/de-de/OP_Prize_SE7_DE_76-2x.png,https://d1wx537rtdixyy.cloudfront.net/expansions/series7/en-us/OP_Prize_SE7_EN_76-2x.png
7,77,JTG,150,Fermanca City,Levincia,https://d1wx537rtdixyy.cloudfront.net/expansions/series7/de-de/OP_Prize_SE7_DE_77-2x.png,https://d1wx537rtdixyy.cloudfront.net/expansions/series7/en-us/OP_Prize_SE7_EN_77-2x.png
7,78,JTG,151,Lillys Perle,Lillie’s Pearl,https://d1wx537rtdixyy.cloudfront.net/expansions/series7/de-de/OP_Prize_SE7_DE_78-2x.png,https://d1wx537rtdixyy.cloudfront.net/expansions/series7/en-us/OP_Prize_SE7_EN_78-2x.png
7,79,PRE,116,Maximale Angel,Max Rod,https://d1wx537rtdixyy.cloudfront.net/expansions/series7/de-de/OP_Prize_SE7_DE_79-2x.png,https://d1wx537rtdixyy.cloudfront.net/expansions/series7/en-us/OP_Prize_SE7_EN_79-2x.png
7,80,SHF,61,Nachttrage,Night Stretcher,https://d1wx537rtdixyy.cloudfront.net/expansions/series7/de-de/OP_Prize_SE7_DE_80-2x.png,https://d1wx537rtdixyy.cloudfront.net/expansions/series7/en-us/OP_Prize_SE7_EN_80-2x.png
7,81,JTG,152,Schloss von N,N’s Castle,https://d1wx537rtdixyy.cloudfront.net/expansions/series7/de-de/OP_Prize_SE7_DE_81-2x.png,https://d1wx537rtdixyy.cloudfront.net/expansions/series7/en-us/OP_Prize_SE7_EN_81-2x.png
7,82,JTG,153,Ns AP-Plus,N’s PP Up,https://d1wx537rtdixyy.cloudfront.net/expansions/series7/de-de/OP_Prize_SE7_DE_82-2x.png,https://d1wx537rtdixyy.cloudfront.net/expansions/series7/en-us/OP_Prize_SE7_EN_82-2x.png
7,83,JTG,154,Furlongham,Postwick,https://d1wx537rtdixyy.cloudfront.net/expansions/series7/de-de/OP_Prize_SE7_DE_83-2x.png,https://d1wx537rtdixyy.cloudfront.net/expansions/series7/en-us/OP_Prize_SE7_EN_83-2x.png
7,84,SHF,63,Power-Sanduhr,Powerglass,https://d1wx537rtdixyy.cloudfront.net/expansions/series7/de-de/OP_Prize_SE7_DE_84-2x.png,https://d1wx537rtdixyy.cloudfront.net/expansions/series7/en-us/OP_Prize_SE7_EN_84-2x.png
7,85,TEF,157,Erstklassiger Fänger,Prime Catcher,https://d1wx537rtdixyy.cloudfront.net/expansions/series7/de-de/OP_Prize_SE7_DE_85-2x.png,https://d1wx537rtdixyy.cloudfront.net/expansions/series7/en-us/OP_Prize_SE7_EN_85-2x.png
7,86,SSP,186,Wechselschalter,Scramble Switch,https://d1wx537rtdixyy.cloudfront.net/expansions/series7/de-de/OP_Prize_SE7_DE_86-2x.png,https://d1wx537rtdixyy.cloudfront.net/expansions/series7/en-us/OP_Prize_SE7_EN_86-2x.png
7,87,SCR,142,Funkelnder Kristall,Sparkling Crystal,https://d1wx537rtdixyy.cloudfront.net/expansions/series7/de-de/OP_Prize_SE7_DE_87-2x.png,https://d1wx537rtdixyy.cloudfront.net/expansions/series7/en-us/OP_Prize_SE7_EN_87-2x.png
7,88,SSP,189,Terakristall-Orb,Tera Orb,https://d1wx537rtdixyy.cloudfront.net/expansions/series7/de-de/OP_Prize_SE7_DE_88-2x.png,https://d1wx537rtdixyy.cloudfront.net/expansions/series7/en-us/OP_Prize_SE7_EN_88-2x.png
7,89,SVE,9,Basis-Pflanzen-Energie,Basic Grass Energy,https://d1wx537rtdixyy.cloudfront.net/expansions/series7/de-de/OP_Prize_SE7_DE_89-2x.png,https://d1wx537rtdixyy.cloudfront.net/expansions/series7/en-us/OP_Prize_SE7_EN_89-2x.png
7,90,SVE,10,Basis-Feuer-Energie,Basic Fire Energy,https://d1wx537rtdixyy.cloudfront.net/expansions/series7/de-de/OP_Prize_SE7_DE_90-2x.png,https://d1wx537rtdixyy.cloudfront.net/expansions/series7/en-us/OP_Prize_SE7_EN_90-2x.png
7,91,SVE,11,Basis-Wasser-Energie,Basic Water Energy,https://d1wx537rtdixyy.cloudfront.net/expansions/series7/de-de/OP_Prize_SE7_DE_91-2x.png,https://d1wx537rtdixyy.cloudfront.net/expansions/series7/en-us/OP_Prize_SE7_EN_91-2x.png
7,92,SVE,12,Basis-Elektro-Energie,Basic Lightning Energy,https://d1wx537rtdixyy.cloudfront.net/expansions/series7/de-de/OP_Prize_SE7_DE_92-2x.png,https://d1wx537rtdixyy.cloudfront.net/expansions/series7/en-us/OP_Prize_SE7_EN_92-2x.png
7,93,SVE,13,Basis-Psycho-Energie,Basic Psychic Energy,https://d1wx537rtdixyy.cloudfront.net/expansions/series7/de-de/OP_Prize_SE7_DE_93-2x.png,https://d1wx537rtdixyy.cloudfront.net/expansions/series7/en-us/OP_Prize_SE7_EN_93-2x.png
7,94,SVE,14,Basis-Kampf-Energie,Basic Fighting Energy,https://d1wx537rtdixyy.cloudfront.net/expansions/series7/de-de/OP_Prize_SE7_DE_94-2x.png,https://d1wx537rtdixyy.cloudfront.net/expansions/series7/en-us/OP_Prize_SE7_EN_94-2x.png
7,95,SVE,15,Basis-Finsternis-Energie,Basic Darkness Energy,https://d1wx537rtdixyy.cloudfront.net/expansions/series7/de-de/OP_Prize_SE7_DE_95-2x.png,https://d1wx537rtdixyy.cloudfront.net/expansions/series7/en-us/OP_Prize_SE7_EN_95-2x.png
7,96,SVE,16,Basis-Metall-Energie,Basic Metal Energy,https://d1wx537rtdixyy.cloudfront.net/expansions/series7/de-de/OP_Prize_SE7_DE_96-2x.png,https://d1wx537rtdixyy.cloudfront.net/expansions/series7/en-us/OP_Prize_SE7_EN_96-2x.png
8,1,SCR,107,Briduradon,Archaludon,https://d1wx537rtdixyy.cloudfront.net/expansions/series8/de-de/OP_Prize_SE8_DE_1-2x.png,https://d1wx537rtdixyy.cloudfront.net/expansions/series8/en-us/OP_Prize_SE8_EN_1-2x.png
8,2,DRI,139,Peppers Mastifioso-ex,Arven’s Mabosstiff ex,https://d1wx537rtdixyy.cloudfront.net/expansions/series8/de-de/OP_Prize_SE8_DE_2-2x.png,https://d1wx537rtdixyy.cloudfront.net/expansions/series8/en-us/OP_Prize_SE8_EN_2-2x.png
8,3,PRE,4,Knospi,Budew,https://d1wx537rtdixyy.cloudfront.net/expansions/series8/de-de/OP_Prize_SE8_DE_3-2x.png,https://d1wx537rtdixyy.cloudfront.net/expansions/series8/en-us/OP_Prize_SE8_EN_3-2x.png
8,4,MEG,28,Liberlo,Cinderace,https://d1wx537rtdixyy.cloudfront.net/expansions/series8/de-de/OP_Prize_SE8_DE_4-2x.png,https://d1wx537rtdixyy.cloudfront.net/expansions/series8/en-us/OP_Prize_SE8_EN_4-2x.png
8,5,BLK,49,Meistagrif,Conkeldurr,https://d1wx537rtdixyy.cloudfront.net/expansions/series8/de-de/OP_Prize_SE8_DE_5-2x.png,https://d1wx537rtdixyy.cloudfront.net/expansions/series8/en-us/OP_Prize_SE8_EN_5-2x.png
8,6,DRI,103,Cynthias Knarksel,Cynthia’s Gabite,https://d1wx537rtdixyy.cloudfront.net/expansions/series8/de-de/OP_Prize_SE8_DE_6-2x.png,https://d1wx537rtdixyy.cloudfront.net/expansions/series8/en-us/OP_Prize_SE8_EN_6-2x.png
8,7,DRI,104,Cynthias Knakrack-ex,Cynthia’s Garchomp ex,https://d1wx537rtdixyy.cloudfront.net/expansions/series8/de-de/OP_Prize_SE8_DE_7-2x.png,https://d1wx537rtdixyy.cloudfront.net/expansions/series8/en-us/OP_Prize_SE8_EN_7-2x.png
8,8,DRI,8,Cynthias Roserade,Cynthia’s Roserade,https://d1wx537rtdixyy.cloudfront.net/expansions/series8/de-de/OP_Prize_SE8_DE_8-2x.png,https://d1wx537rtdixyy.cloudfront.net/expansions/series8/en-us/OP_Prize_SE8_EN_8-2x.png
8,9,BLK,31,Zapplalek,Eelektrik,https://d1wx537rtdixyy.cloudfront.net/expansions/series8/de-de/OP_Prize_SE8_DE_9-2x.png,https://d1wx537rtdixyy.cloudfront.net/expansions/series8/en-us/OP_Prize_SE8_EN_9-2x.png
8,10,WHT,13,Flambirex,Emboar,https://d1wx537rtdixyy.cloudfront.net/expansions/series8/de-de/OP_Prize_SE8_DE_10-2x.png,https://d1wx537rtdixyy.cloudfront.net/expansions/series8/en-us/OP_Prize_SE8_EN_10-2x.png
8,11,DRI,39,Klarins Ho-Oh-ex,Ethan’s Ho-Oh ex,https://d1wx537rtdixyy.cloudfront.net/expansions/series8/de-de/OP_Prize_SE8_DE_11-2x.png,https://d1wx537rtdixyy.cloudfront.net/expansions/series8/en-us/OP_Prize_SE8_EN_11-2x.png
8,12,DRI,36,Klarins Magcargo,Ethan’s Magcargo,https://d1wx537rtdixyy.cloudfront.net/expansions/series8/de-de/OP_Prize_SE8_DE_12-2x.png,https://d1wx537rtdixyy.cloudfront.net/expansions/series8/en-us/OP_Prize_SE8_EN_12-2x.png
8,13,DRI,33,Klarins Igelavar,Ethan’s Quilava,https://d1wx537rtdixyy.cloudfront.net/expansions/series8/de-de/OP_Prize_SE8_DE_13-2x.png,https://d1wx537rtdixyy.cloudfront.net/expansions/series8/en-us/OP_Prize_SE8_EN_13-2x.png
8,14,DRI,34,Klarins Tornupto,Ethan’s Typhlosion,https://d1wx537rtdixyy.cloudfront.net/expansions/series8/de-de/OP_Prize_SE8_DE_14-2x.png,https://d1wx537rtdixyy.cloudfront.net/expansions/series8/en-us/OP_Prize_SE8_EN_14-2x.png
8,15,BLK,67,Genesect-ex,Genesect ex,https://d1wx537rtdixyy.cloudfront.net/expansions/series8/de-de/OP_Prize_SE8_DE_15-2x.png,https://d1wx537rtdixyy.cloudfront.net/expansions/series8/en-us/OP_Prize_SE8_EN_15-2x.png
8,16,MEG,73,Hariyama,Hariyama,https://d1wx537rtdixyy.cloudfront.net/expansions/series8/de-de/OP_Prize_SE8_DE_16-2x.png,https://d1wx537rtdixyy.cloudfront.net/expansions/series8/en-us/OP_Prize_SE8_EN_16-2x.png
8,17,JTG,136,Hops Zwollock,Hop’s Dubwool,https://d1wx537rtdixyy.cloudfront.net/expansions/series8/de-de/OP_Prize_SE8_DE_17-2x.png,https://d1wx537rtdixyy.cloudfront.net/expansions/series8/en-us/OP_Prize_SE8_EN_17-2x.png
8,18,JTG,117,Hops Relaxo,Hop’s Snorlax,https://d1wx537rtdixyy.cloudfront.net/expansions/series8/de-de/OP_Prize_SE8_DE_18-2x.png,https://d1wx537rtdixyy.cloudfront.net/expansions/series8/en-us/OP_Prize_SE8_EN_18-2x.png
8,19,JTG,111,Hops Zacian-ex,Hop’s Zacian ex,https://d1wx537rtdixyy.cloudfront.net/expansions/series8/de-de/OP_Prize_SE8_DE_19-2x.png,https://d1wx537rtdixyy.cloudfront.net/expansions/series8/en-us/OP_Prize_SE8_EN_19-2x.png
8,20,JTG,53,Enigmaras Wampitz-ex,Iono’s Bellibolt ex,https://d1wx537rtdixyy.cloudfront.net/expansions/series8/de-de/OP_Prize_SE8_DE_20-2x.png,https://d1wx537rtdixyy.cloudfront.net/expansions/series8/en-us/OP_Prize_SE8_EN_20-2x.png
8,21,JTG,55,Enigmaras Voltrean,Iono’s Kilowattrel,https://d1wx537rtdixyy.cloudfront.net/expansions/series8/de-de/OP_Prize_SE8_DE_21-2x.png,https://d1wx537rtdixyy.cloudfront.net/expansions/series8/en-us/OP_Prize_SE8_EN_21-2x.png
8,22,JTG,47,Enigmaras Voltobal,Iono’s Voltorb,https://d1wx537rtdixyy.cloudfront.net/expansions/series8/de-de/OP_Prize_SE8_DE_22-2x.png,https://d1wx537rtdixyy.cloudfront.net/expansions/series8/en-us/OP_Prize_SE8_EN_22-2x.png
8,23,BLK,28,Kyurem-ex,Kyurem ex,https://d1wx537rtdixyy.cloudfront.net/expansions/series8/de-de/OP_Prize_SE8_DE_23-2x.png,https://d1wx537rtdixyy.cloudfront.net/expansions/series8/en-us/OP_Prize_SE8_EN_23-2x.png
8,24,MEG,101,Latios,Latios,https://d1wx537rtdixyy.cloudfront.net/expansions/series8/de-de/OP_Prize_SE8_DE_24-2x.png,https://d1wx537rtdixyy.cloudfront.net/expansions/series8/en-us/OP_Prize_SE8_EN_24-2x.png
8,25,JTG,56,Lillys Piepi-ex,Lillie’s Clefairy ex,https://d1wx537rtdixyy.cloudfront.net/expansions/series8/de-de/OP_Prize_SE8_DE_25-2x.png,https://d1wx537rtdixyy.cloudfront.net/expansions/series8/en-us/OP_Prize_SE8_EN_25-2x.png
8,26,JTG,67,Lillys Bandelby,Lillie’s Ribombee,https://d1wx537rtdixyy.cloudfront.net/expansions/series8/de-de/OP_Prize_SE8_DE_26-2x.png,https://d1wx537rtdixyy.cloudfront.net/expansions/series8/en-us/OP_Prize_SE8_EN_26-2x.png
8,27,MEG,74,Lunastein,Lunatone,https://d1wx537rtdixyy.cloudfront.net/expansions/series8/de-de/OP_Prize_SE8_DE_27-2x.png,https://d1wx537rtdixyy.cloudfront.net/expansions/series8/en-us/OP_Prize_SE8_EN_27-2x.png
8,28,MEG,36,Mega-Rexblisar-ex,Mega Abomasnow ex,https://d1wx537rtdixyy.cloudfront.net/expansions/series8/de-de/OP_Prize_SE8_DE_28-2x.png,https://d1wx537rtdixyy.cloudfront.net/expansions/series8/en-us/OP_Prize_SE8_EN_28-2x.png
8,29,MEG,86,Mega-Absol-ex,Mega Absol ex,https://d1wx537rtdixyy.cloudfront.net/expansions/series8/de-de/OP_Prize_SE8_DE_29-2x.png,https://d1wx537rtdixyy.cloudfront.net/expansions/series8/en-us/OP_Prize_SE8_EN_29-2x.png
8,30,MEG,22,Mega-Camerupt-ex,Mega Camerupt ex,https://d1wx537rtdixyy.cloudfront.net/expansions/series8/de-de/OP_Prize_SE8_DE_30-2x.png,https://d1wx537rtdixyy.cloudfront.net/expansions/series8/en-us/OP_Prize_SE8_EN_30-2x.png
8,31,MEG,60,Mega-Guardevoir-ex,Mega Gardevoir ex,https://d1wx537rtdixyy.cloudfront.net/expansions/series8/de-de/OP_Prize_SE8_DE_31-2x.png,https://d1wx537rtdixyy.cloudfront.net/expansions/series8/en-us/OP_Prize_SE8_EN_31-2x.png
8,32,MEG,104,Mega-Kangama-ex,Mega Kangaskhan ex,https://d1wx537rtdixyy.cloudfront.net/expansions/series8/de-de/OP_Prize_SE8_DE_32-2x.png,https://d1wx537rtdixyy.cloudfront.net/expansions/series8/en-us/OP_Prize_SE8_EN_32-2x.png
8,33,MEG,100,Mega-Latias-ex,Mega Latias ex,https://d1wx537rtdixyy.cloudfront.net/expansions/series8/de-de/OP_Prize_SE8_DE_33-2x.png,https://d1wx537rtdixyy.cloudfront.net/expansions/series8/en-us/OP_Prize_SE8_EN_33-2x.png
8,34,MEG,77,Mega-Lucario-ex,Mega Lucario ex,https://d1wx537rtdixyy.cloudfront.net/expansions/series8/de-de/OP_Prize_SE8_DE_34-2x.png,https://d1wx537rtdixyy.cloudfront.net/expansions/series8/en-us/OP_Prize_SE8_EN_34-2x.png
8,35,MEG,50,Mega-Voltenso-ex,Mega Manectric ex,https://d1wx537rtdixyy.cloudfront.net/expansions/series8/de-de/OP_Prize_SE8_DE_35-2x.png,https://d1wx537rtdixyy.cloudfront.net/expansions/series8/en-us/OP_Prize_SE8_EN_35-2x.png
8,36,MEG,94,Mega-Flunkifer-ex,Mega Mawile ex,https://d1wx537rtdixyy.cloudfront.net/expansions/series8/de-de/OP_Prize_SE8_DE_36-2x.png,https://d1wx537rtdixyy.cloudfront.net/expansions/series8/en-us/OP_Prize_SE8_EN_36-2x.png
8,37,MEG,3,Mega-Bisaflor-ex,Mega Venusaur ex,https://d1wx537rtdixyy.cloudfront.net/expansions/series8/de-de/OP_Prize_SE8_DE_37-2x.png,https://d1wx537rtdixyy.cloudfront.net/expansions/series8/en-us/OP_Prize_SE8_EN_37-2x.png
8,38,JTG,27,Ns Flampivian,N’s Darmanitan,https://d1wx537rtdixyy.cloudfront.net/expansions/series8/de-de/OP_Prize_SE8_DE_38-2x.png,https://d1wx537rtdixyy.cloudfront.net/expansions/series8/en-us/OP_Prize_SE8_EN_38-2x.png
8,39,JTG,116,Ns Reshiram,N’s Reshiram,https://d1wx537rtdixyy.cloudfront.net/expansions/series8/de-de/OP_Prize_SE8_DE_39-2x.png,https://d1wx537rtdixyy.cloudfront.net/expansions/series8/en-us/OP_Prize_SE8_EN_39-2x.png
8,40,JTG,98,Ns Zoroark-ex,N’s Zoroark ex,https://d1wx537rtdixyy.cloudfront.net/expansions/series8/de-de/OP_Prize_SE8_DE_40-2x.png,https://d1wx537rtdixyy.cloudfront.net/expansions/series8/en-us/OP_Prize_SE8_EN_40-2x.png
8,41,WHT,20,Reshiram-ex,Reshiram ex,https://d1wx537rtdixyy.cloudfront.net/expansions/series8/de-de/OP_Prize_SE8_DE_41-2x.png,https://d1wx537rtdixyy.cloudfront.net/expansions/series8/en-us/OP_Prize_SE8_EN_41-2x.png
8,42,DRI,10,Shaymin,Shaymin,https://d1wx537rtdixyy.cloudfront.net/expansions/series8/de-de/OP_Prize_SE8_DE_42-2x.png,https://d1wx537rtdixyy.cloudfront.net/expansions/series8/en-us/OP_Prize_SE8_EN_42-2x.png
8,43,MEG,75,Sonnfel,Solrock,https://d1wx537rtdixyy.cloudfront.net/expansions/series8/de-de/OP_Prize_SE8_DE_43-2x.png,https://d1wx537rtdixyy.cloudfront.net/expansions/series8/en-us/OP_Prize_SE8_EN_43-2x.png
8,44,DRI,122,Team Rockets Iksbat-ex,Team Rocket’s Crobat ex,https://d1wx537rtdixyy.cloudfront.net/expansions/series8/de-de/OP_Prize_SE8_DE_44-2x.png,https://d1wx537rtdixyy.cloudfront.net/expansions/series8/en-us/OP_Prize_SE8_EN_44-2x.png
8,45,DRI,81,Team Rockets Mewtu-ex,Team Rocket’s Mewtwo ex,https://d1wx537rtdixyy.cloudfront.net/expansions/series8/de-de/OP_Prize_SE8_DE_45-2x.png,https://d1wx537rtdixyy.cloudfront.net/expansions/series8/en-us/OP_Prize_SE8_EN_45-2x.png
8,46,DRI,119,Team Rockets Nidoking-ex,Team Rocket’s Nidoking ex,https://d1wx537rtdixyy.cloudfront.net/expansions/series8/de-de/OP_Prize_SE8_DE_46-2x.png,https://d1wx537rtdixyy.cloudfront.net/expansions/series8/en-us/OP_Prize_SE8_EN_46-2x.png
8,47,DRI,20,Team Rockets Spinsidias,Team Rocket’s Spidops,https://d1wx537rtdixyy.cloudfront.net/expansions/series8/de-de/OP_Prize_SE8_DE_47-2x.png,https://d1wx537rtdixyy.cloudfront.net/expansions/series8/en-us/OP_Prize_SE8_EN_47-2x.png
8,48,DRI,3,Yanmega-ex,Yanmega ex,https://d1wx537rtdixyy.cloudfront.net/expansions/series8/de-de/OP_Prize_SE8_DE_48-2x.png,https://d1wx537rtdixyy.cloudfront.net/expansions/series8/en-us/OP_Prize_SE8_EN_48-2x.png
8,49,BLK,34,Zekrom-ex,Zekrom ex,https://d1wx537rtdixyy.cloudfront.net/expansions/series8/de-de/OP_Prize_SE8_DE_49-2x.png,https://d1wx537rtdixyy.cloudfront.net/expansions/series8/en-us/OP_Prize_SE8_EN_49-2x.png
8,50,BLK,79,Luftballon,Air Balloon,https://d1wx537rtdixyy.cloudfront.net/expansions/series8/de-de/OP_Prize_SE8_DE_50-2x.png,https://d1wx537rtdixyy.cloudfront.net/expansions/series8/en-us/OP_Prize_SE8_EN_50-2x.png
8,51,MEG,114,Befehl vom Boss (G-Cis),Boss’s Orders,https://d1wx537rtdixyy.cloudfront.net/expansions/series8/de-de/OP_Prize_SE8_DE_51-2x.png,https://d1wx537rtdixyy.cloudfront.net/expansions/series8/en-us/OP_Prize_SE8_EN_51-2x.png
8,52,SSP,164,Prächtiger Mixer,Brilliant Blender,https://d1wx537rtdixyy.cloudfront.net/expansions/series8/de-de/OP_Prize_SE8_DE_52-2x.png,https://d1wx537rtdixyy.cloudfront.net/expansions/series8/en-us/OP_Prize_SE8_EN_52-2x.png
8,53,DRI,162,Cynthias Machtgewicht,Cynthia’s Power Weight,https://d1wx537rtdixyy.cloudfront.net/expansions/series8/de-de/OP_Prize_SE8_DE_53-2x.png,https://d1wx537rtdixyy.cloudfront.net/expansions/series8/en-us/OP_Prize_SE8_EN_53-2x.png
8,54,SSP,176,Profi-Energiesuche,Energy Search Pro,https://d1wx537rtdixyy.cloudfront.net/expansions/series8/de-de/OP_Prize_SE8_DE_54-2x.png,https://d1wx537rtdixyy.cloudfront.net/expansions/series8/en-us/OP_Prize_SE8_EN_54-2x.png
8,55,DRI,165,Klarins Abenteuer,Ethan’s Adventure,https://d1wx537rtdixyy.cloudfront.net/expansions/series8/de-de/OP_Prize_SE8_DE_55-2x.png,https://d1wx537rtdixyy.cloudfront.net/expansions/series8/en-us/OP_Prize_SE8_EN_55-2x.png
8,56,MEG,116,Kampfgong,Fighting Gong,https://d1wx537rtdixyy.cloudfront.net/expansions/series8/de-de/OP_Prize_SE8_DE_56-2x.png,https://d1wx537rtdixyy.cloudfront.net/expansions/series8/en-us/OP_Prize_SE8_EN_56-2x.png
8,57,MEG,117,Wald der Vitalität,Forest of Vitality,https://d1wx537rtdixyy.cloudfront.net/expansions/series8/de-de/OP_Prize_SE8_DE_57-2x.png,https://d1wx537rtdixyy.cloudfront.net/expansions/series8/en-us/OP_Prize_SE8_EN_57-2x.png
8,58,JTG,148,Hops Wahlband,Hop’s Choice Band,https://d1wx537rtdixyy.cloudfront.net/expansions/series8/de-de/OP_Prize_SE8_DE_58-2x.png,https://d1wx537rtdixyy.cloudfront.net/expansions/series8/en-us/OP_Prize_SE8_EN_58-2x.png
8,59,MEG,118,Eisendefensive,Iron Defender,https://d1wx537rtdixyy.cloudfront.net/expansions/series8/de-de/OP_Prize_SE8_DE_59-2x.png,https://d1wx537rtdixyy.cloudfront.net/expansions/series8/en-us/OP_Prize_SE8_EN_59-2x.png
8,60,JTG,150,Fermanca City,Levincia,https://d1wx537rtdixyy.cloudfront.net/expansions/series8/de-de/OP_Prize_SE8_DE_60-2x.png,https://d1wx537rtdixyy.cloudfront.net/expansions/series8/en-us/OP_Prize_SE8_EN_60-2x.png
8,61,MEG,119,Lillys Entschlossenheit,Lillie’s Determination,https://d1wx537rtdixyy.cloudfront.net/expansions/series8/de-de/OP_Prize_SE8_DE_61-2x.png,https://d1wx537rtdixyy.cloudfront.net/expansions/series8/en-us/OP_Prize_SE8_EN_61-2x.png
8,62,JTG,151,Lillys Perle,Lillie’s Pearl,https://d1wx537rtdixyy.cloudfront.net/expansions/series8/de-de/OP_Prize_SE8_DE_62-2x.png,https://d1wx537rtdixyy.cloudfront.net/expansions/series8/en-us/OP_Prize_SE8_EN_62-2x.png
8,63,PRE,116,Maximale Angel,Max Rod,https://d1wx537rtdixyy.cloudfront.net/expansions/series8/de-de/OP_Prize_SE8_DE_63-2x.png,https://d1wx537rtdixyy.cloudfront.net/expansions/series8/en-us/OP_Prize_SE8_EN_63-2x.png
8,64,MEG,121,Mega-Signal,Mega Signal,https://d1wx537rtdixyy.cloudfront.net/expansions/series8/de-de/OP_Prize_SE8_DE_64-2x.png,https://d1wx537rtdixyy.cloudfront.net/expansions/series8/en-us/OP_Prize_SE8_EN_64-2x.png
8,65,MEG,122,Geheimnisvoller Garten,Mystery Garden,https://d1wx537rtdixyy.cloudfront.net/expansions/series8/de-de/OP_Prize_SE8_DE_65-2x.png,https://d1wx537rtdixyy.cloudfront.net/expansions/series8/en-us/OP_Prize_SE8_EN_65-2x.png
8,66,JTG,153,Ns AP-Plus,N’s PP Up,https://d1wx537rtdixyy.cloudfront.net/expansions/series8/de-de/OP_Prize_SE8_DE_66-2x.png,https://d1wx537rtdixyy.cloudfront.net/expansions/series8/en-us/OP_Prize_SE8_EN_66-2x.png
8,67,JTG,154,Furlongham,Postwick,https://d1wx537rtdixyy.cloudfront.net/expansions/series8/de-de/OP_Prize_SE8_DE_67-2x.png,https://d1wx537rtdixyy.cloudfront.net/expansions/series8/en-us/OP_Prize_SE8_EN_67-2x.png
8,68,SSP,185,Edler Rollwagen,Precious Trolley,https://d1wx537rtdixyy.cloudfront.net/expansions/series8/de-de/OP_Prize_SE8_DE_68-2x.png,https://d1wx537rtdixyy.cloudfront.net/expansions/series8/en-us/OP_Prize_SE8_EN_68-2x.png
8,69,MEG,124,Premium Power Pro,Premium Power Pro,https://d1wx537rtdixyy.cloudfront.net/expansions/series8/de-de/OP_Prize_SE8_DE_69-2x.png,https://d1wx537rtdixyy.cloudfront.net/expansions/series8/en-us/OP_Prize_SE8_EN_69-2x.png
8,70,MEG,127,Riskante Ruinen,Risky Ruins,https://d1wx537rtdixyy.cloudfront.net/expansions/series8/de-de/OP_Prize_SE8_DE_70-2x.png,https://d1wx537rtdixyy.cloudfront.net/expansions/series8/en-us/OP_Prize_SE8_EN_70-2x.png
8,71,PRE,129,Funkelnder Kristall,Sparkling Crystal,https://d1wx537rtdixyy.cloudfront.net/expansions/series8/de-de/OP_Prize_SE8_DE_71-2x.png,https://d1wx537rtdixyy.cloudfront.net/expansions/series8/en-us/OP_Prize_SE8_EN_71-2x.png
8,72,MEG,128,Seltsamer Zeitmesser,Strange Timepiece,https://d1wx537rtdixyy.cloudfront.net/expansions/series8/de-de/OP_Prize_SE8_DE_72-2x.png,https://d1wx537rtdixyy.cloudfront.net/expansions/series8/en-us/OP_Prize_SE8_EN_72-2x.png
8,73,MEG,129,Surfstrand,Surfing Beach,https://d1wx537rtdixyy.cloudfront.net/expansions/series8/de-de/OP_Prize_SE8_DE_73-2x.png,https://d1wx537rtdixyy.cloudfront.net/expansions/series8/en-us/OP_Prize_SE8_EN_73-2x.png
8,74,DRI,170,Team Rockets Atlas,Team Rocket’s Archer,https://d1wx537rtdixyy.cloudfront.net/expansions/series8/de-de/OP_Prize_SE8_DE_74-2x.png,https://d1wx537rtdixyy.cloudfront.net/expansions/series8/en-us/OP_Prize_SE8_EN_74-2x.png
8,75,DRI,171,Team Rockets Athena,Team Rocket’s Ariana,https://d1wx537rtdixyy.cloudfront.net/expansions/series8/de-de/OP_Prize_SE8_DE_75-2x.png,https://d1wx537rtdixyy.cloudfront.net/expansions/series8/en-us/OP_Prize_SE8_EN_75-2x.png
8,76,DRI,182,Team Rockets Energie,Team Rocket’s Energy,https://d1wx537rtdixyy.cloudfront.net/expansions/series8/de-de/OP_Prize_SE8_DE_76-2x.png,https://d1wx537rtdixyy.cloudfront.net/expansions/series8/en-us/OP_Prize_SE8_EN_76-2x.png
8,77,DRI,173,Team Rockets Fabrik,Team Rocket’s Factory,https://d1wx537rtdixyy.cloudfront.net/expansions/series8/de-de/OP_Prize_SE8_DE_77-2x.png,https://d1wx537rtdixyy.cloudfront.net/expansions/series8/en-us/OP_Prize_SE8_EN_77-2x.png
8,78,DRI,174,Team Rockets Giovanni,Team Rocket’s Giovanni,https://d1wx537rtdixyy.cloudfront.net/expansions/series8/de-de/OP_Prize_SE8_DE_78-2x.png,https://d1wx537rtdixyy.cloudfront.net/expansions/series8/en-us/OP_Prize_SE8_EN_78-2x.png
8,79,DRI,176,Team Rockets Lambda,Team Rocket’s Petrel,https://d1wx537rtdixyy.cloudfront.net/expansions/series8/de-de/OP_Prize_SE8_DE_79-2x.png,https://d1wx537rtdixyy.cloudfront.net/expansions/series8/en-us/OP_Prize_SE8_EN_79-2x.png
8,80,DRI,177,Team Rockets Lance,Team Rocket’s Proton,https://d1wx537rtdixyy.cloudfront.net/expansions/series8/de-de/OP_Prize_SE8_DE_80-2x.png,https://d1wx537rtdixyy.cloudfront.net/expansions/series8/en-us/OP_Prize_SE8_EN_80-2x.png
8,81,DRI,178,Team Rockets Transceiver,Team Rocket’s Transceiver,https://d1wx537rtdixyy.cloudfront.net/expansions/series8/de-de/OP_Prize_SE8_DE_81-2x.png,https://d1wx537rtdixyy.cloudfront.net/expansions/series8/en-us/OP_Prize_SE8_EN_81-2x.png
8,82,MEG,132,Heikos Mitgefühl,Wally’s Compassion,https://d1wx537rtdixyy.cloudfront.net/expansions/series8/de-de/OP_Prize_SE8_DE_82-2x.png,https://d1wx537rtdixyy.cloudfront.net/expansions/series8/en-us/OP_Prize_SE8_EN_82-2x.png
8,83,MEE,7,Basis-Finsternis-Energie,Basic Darkness Energy,https://d1wx537rtdixyy.cloudfront.net/expansions/series8/de-de/OP_Prize_SE8_DE_83-2x.png,https://d1wx537rtdixyy.cloudfront.net/expansions/series8/en-us/OP_Prize_SE8_EN_83-2x.png
8,84,MEE,6,Basis-Kampf-Energie,Basic Fighting Energy,https://d1wx537rtdixyy.cloudfront.net/expansions/series8/de-de/OP_Prize_SE8_DE_84-2x.png,https://d1wx537rtdixyy.cloudfront.net/expansions/series8/en-us/OP_Prize_SE8_EN_84-2x.png
8,85,MEE,2,Basis-Feuer-Energie,Basic Fire Energy,https://d1wx537rtdixyy.cloudfront.net/expansions/series8/de-de/OP_Prize_SE8_DE_85-2x.png,https://d1wx537rtdixyy.cloudfront.net/expansions/series8/en-us/OP_Prize_SE8_EN_85-2x.png
8,86,MEE,1,Basis-Pflanzen-Energie,Basic Grass Energy,https://d1wx537rtdixyy.cloudfront.net/expansions/series8/de-de/OP_Prize_SE8_DE_86-2x.png,https://d1wx537rtdixyy.cloudfront.net/expansions/series8/en-us/OP_Prize_SE8_EN_86-2x.png
8,87,MEE,4,Basis-Elektro-Energie,Basic Lightning Energy,https://d1wx537rtdixyy.cloudfront.net/expansions/series8/de-de/OP_Prize_SE8_DE_87-2x.png,https://d1wx537rtdixyy.cloudfront.net/expansions/series8/en-us/OP_Prize_SE8_EN_87-2x.png
8,88,MEE,8,Basis-Metall-Energie,Basic Metal Energy,https://d1wx537rtdixyy.cloudfront.net/expansions/series8/de-de/OP_Prize_SE8_DE_88-2x.png,https://d1wx537rtdixyy.cloudfront.net/expansions/series8/en-us/OP_Prize_SE8_EN_88-2x.png
8,89,MEE,5,Basis-Psycho-Energie,Basic Psychic Energy,https://d1wx537rtdixyy.cloudfront.net/expansions/series8/de-de/OP_Prize_SE8_DE_89-2x.png,https://d1wx537rtdixyy.cloudfront.net/expansions/series8/en-us/OP_Prize_SE8_EN_89-2x.png
8,90,MEE,3,Basis-Wasser-Energie,Basic Water Energy,https://d1wx537rtdixyy.cloudfront.net/expansions/series8/de-de/OP_Prize_SE8_DE_90-2x.png,https://d1wx537rtdixyy.cloudfront.net/expansions/series8/en-us/OP_Prize_SE8_EN_90-2x.png
9,1,PFL,11,Glumanda,Charmander,https://d1wx537rtdixyy.cloudfront.net/expansions/series9/de-de/OP_Prize_SE9_DE_1-2x.png,https://d1wx537rtdixyy.cloudfront.net/expansions/series9/en-us/OP_Prize_SE9_EN_1-2x.png
9,2,PFL,12,Glutexo,Charmeleon,https://d1wx537rtdixyy.cloudfront.net/expansions/series9/de-de/OP_Prize_SE9_DE_2-2x.png,https://d1wx537rtdixyy.cloudfront.net/expansions/series9/en-us/OP_Prize_SE9_EN_2-2x.png
9,3,DRI,12,Castellith,Crustle,https://d1wx537rtdixyy.cloudfront.net/expansions/series9/de-de/OP_Prize_SE9_DE_3-2x.png,https://d1wx537rtdixyy.cloudfront.net/expansions/series9/en-us/OP_Prize_SE9_EN_3-2x.png
9,4,POR,12,Silvarro-ex,Decidueye ex,https://d1wx537rtdixyy.cloudfront.net/expansions/series9/de-de/OP_Prize_SE9_DE_4-2x.png,https://d1wx537rtdixyy.cloudfront.net/expansions/series9/en-us/OP_Prize_SE9_EN_4-2x.png
9,5,POR,19,Jugong,Dewgong,https://d1wx537rtdixyy.cloudfront.net/expansions/series9/de-de/OP_Prize_SE9_DE_5-2x.png,https://d1wx537rtdixyy.cloudfront.net/expansions/series9/en-us/OP_Prize_SE9_EN_5-2x.png
9,6,ASC,151,Dragonir,Dragonair,https://d1wx537rtdixyy.cloudfront.net/expansions/series9/de-de/OP_Prize_SE9_DE_6-2x.png,https://d1wx537rtdixyy.cloudfront.net/expansions/series9/en-us/OP_Prize_SE9_EN_6-2x.png
9,7,ASC,150,Dratini,Dratini,https://d1wx537rtdixyy.cloudfront.net/expansions/series9/de-de/OP_Prize_SE9_DE_7-2x.png,https://d1wx537rtdixyy.cloudfront.net/expansions/series9/en-us/OP_Prize_SE9_EN_7-2x.png
9,8,DRI,33,Klarins Igelavar,Ethan’s Quilava,https://d1wx537rtdixyy.cloudfront.net/expansions/series9/de-de/OP_Prize_SE9_DE_8-2x.png,https://d1wx537rtdixyy.cloudfront.net/expansions/series9/en-us/OP_Prize_SE9_EN_8-2x.png
9,9,DRI,34,Klarins Tornupto,Ethan’s Typhlosion,https://d1wx537rtdixyy.cloudfront.net/expansions/series9/de-de/OP_Prize_SE9_DE_9-2x.png,https://d1wx537rtdixyy.cloudfront.net/expansions/series9/en-us/OP_Prize_SE9_EN_9-2x.png
9,10,POR,48,Nebulak,Gastly,https://d1wx537rtdixyy.cloudfront.net/expansions/series9/de-de/OP_Prize_SE9_DE_10-2x.png,https://d1wx537rtdixyy.cloudfront.net/expansions/series9/en-us/OP_Prize_SE9_EN_10-2x.png
9,11,POR,50,Gengar,Gengar,https://d1wx537rtdixyy.cloudfront.net/expansions/series9/de-de/OP_Prize_SE9_DE_11-2x.png,https://d1wx537rtdixyy.cloudfront.net/expansions/series9/en-us/OP_Prize_SE9_EN_11-2x.png
9,12,POR,49,Alpollo,Haunter,https://d1wx537rtdixyy.cloudfront.net/expansions/series9/de-de/OP_Prize_SE9_DE_12-2x.png,https://d1wx537rtdixyy.cloudfront.net/expansions/series9/en-us/OP_Prize_SE9_EN_12-2x.png
9,13,JTG,55,Enigmaras Voltrean,Iono’s Kilowattrel,https://d1wx537rtdixyy.cloudfront.net/expansions/series9/de-de/OP_Prize_SE9_DE_13-2x.png,https://d1wx537rtdixyy.cloudfront.net/expansions/series9/en-us/OP_Prize_SE9_EN_13-2x.png
9,14,WHT,45,Apoquallyp-ex,Jellicent ex,https://d1wx537rtdixyy.cloudfront.net/expansions/series9/de-de/OP_Prize_SE9_DE_14-2x.png,https://d1wx537rtdixyy.cloudfront.net/expansions/series9/en-us/OP_Prize_SE9_EN_14-2x.png
9,15,MEG,59,Kirlia,Kirlia,https://d1wx537rtdixyy.cloudfront.net/expansions/series9/de-de/OP_Prize_SE9_DE_15-2x.png,https://d1wx537rtdixyy.cloudfront.net/expansions/series9/en-us/OP_Prize_SE9_EN_15-2x.png
9,16,DRI,136,Marys Olangaar-ex,Marnie’s Grimmsnarl ex,https://d1wx537rtdixyy.cloudfront.net/expansions/series9/de-de/OP_Prize_SE9_DE_16-2x.png,https://d1wx537rtdixyy.cloudfront.net/expansions/series9/en-us/OP_Prize_SE9_EN_16-2x.png
9,17,PFL,13,Mega-Glurak X-ex,Mega Charizard X ex,https://d1wx537rtdixyy.cloudfront.net/expansions/series9/de-de/OP_Prize_SE9_DE_17-2x.png,https://d1wx537rtdixyy.cloudfront.net/expansions/series9/en-us/OP_Prize_SE9_EN_17-2x.png
9,18,ASC,22,Mega-Glurak Y-ex,Mega Charizard Y ex,https://d1wx537rtdixyy.cloudfront.net/expansions/series9/de-de/OP_Prize_SE9_DE_18-2x.png,https://d1wx537rtdixyy.cloudfront.net/expansions/series9/en-us/OP_Prize_SE9_EN_18-2x.png
9,19,ASC,152,Mega-Dragoran-ex,Mega Dragonite ex,https://d1wx537rtdixyy.cloudfront.net/expansions/series9/de-de/OP_Prize_SE9_DE_19-2x.png,https://d1wx537rtdixyy.cloudfront.net/expansions/series9/en-us/OP_Prize_SE9_EN_19-2x.png
9,20,ASC,61,Mega-Zapplarang-ex,Mega Eelektross ex,https://d1wx537rtdixyy.cloudfront.net/expansions/series9/de-de/OP_Prize_SE9_DE_20-2x.png,https://d1wx537rtdixyy.cloudfront.net/expansions/series9/en-us/OP_Prize_SE9_EN_20-2x.png
9,21,PFL,56,Mega-Gengar-ex,Mega Gengar ex,https://d1wx537rtdixyy.cloudfront.net/expansions/series9/de-de/OP_Prize_SE9_DE_21-2x.png,https://d1wx537rtdixyy.cloudfront.net/expansions/series9/en-us/OP_Prize_SE9_EN_21-2x.png
9,22,MEG,77,Mega-Lucario-ex,Mega Lucario ex,https://d1wx537rtdixyy.cloudfront.net/expansions/series9/de-de/OP_Prize_SE9_DE_22-2x.png,https://d1wx537rtdixyy.cloudfront.net/expansions/series9/en-us/OP_Prize_SE9_EN_22-2x.png
9,23,PFL,61,Mega-Tohaido-ex,Mega Sharpedo ex,https://d1wx537rtdixyy.cloudfront.net/expansions/series9/de-de/OP_Prize_SE9_DE_23-2x.png,https://d1wx537rtdixyy.cloudfront.net/expansions/series9/en-us/OP_Prize_SE9_EN_23-2x.png
9,24,POR,55,Mega-Panzaeron-ex,Mega Skarmory ex,https://d1wx537rtdixyy.cloudfront.net/expansions/series9/de-de/OP_Prize_SE9_DE_24-2x.png,https://d1wx537rtdixyy.cloudfront.net/expansions/series9/en-us/OP_Prize_SE9_EN_24-2x.png
9,25,POR,21,Mega-Starmie-ex,Mega Starmie ex,https://d1wx537rtdixyy.cloudfront.net/expansions/series9/de-de/OP_Prize_SE9_DE_25-2x.png,https://d1wx537rtdixyy.cloudfront.net/expansions/series9/en-us/OP_Prize_SE9_EN_25-2x.png
9,26,POR,47,Mega-Zygarde-ex,Mega Zygarde ex,https://d1wx537rtdixyy.cloudfront.net/expansions/series9/de-de/OP_Prize_SE9_DE_26-2x.png,https://d1wx537rtdixyy.cloudfront.net/expansions/series9/en-us/OP_Prize_SE9_EN_26-2x.png
9,27,MEG,10,Meganie,Meganium,https://d1wx537rtdixyy.cloudfront.net/expansions/series9/de-de/OP_Prize_SE9_DE_27-2x.png,https://d1wx537rtdixyy.cloudfront.net/expansions/series9/en-us/OP_Prize_SE9_EN_27-2x.png
9,28,POR,62,Mauzi-ex,Meowth ex,https://d1wx537rtdixyy.cloudfront.net/expansions/series9/de-de/OP_Prize_SE9_DE_28-2x.png,https://d1wx537rtdixyy.cloudfront.net/expansions/series9/en-us/OP_Prize_SE9_EN_28-2x.png
9,29,ASC,86,Traunmagil,Mismagius,https://d1wx537rtdixyy.cloudfront.net/expansions/series9/de-de/OP_Prize_SE9_DE_29-2x.png,https://d1wx537rtdixyy.cloudfront.net/expansions/series9/en-us/OP_Prize_SE9_EN_29-2x.png
9,30,PFL,36,Traunmagil-ex,Mismagius ex,https://d1wx537rtdixyy.cloudfront.net/expansions/series9/de-de/OP_Prize_SE9_DE_30-2x.png,https://d1wx537rtdixyy.cloudfront.net/expansions/series9/en-us/OP_Prize_SE9_EN_30-2x.png
9,31,PFL,14,Lavados,Moltres,https://d1wx537rtdixyy.cloudfront.net/expansions/series9/de-de/OP_Prize_SE9_DE_31-2x.png,https://d1wx537rtdixyy.cloudfront.net/expansions/series9/en-us/OP_Prize_SE9_EN_31-2x.png
9,32,ASC,155,Ns Zekrom,N’s Zekrom,https://d1wx537rtdixyy.cloudfront.net/expansions/series9/de-de/OP_Prize_SE9_DE_32-2x.png,https://d1wx537rtdixyy.cloudfront.net/expansions/series9/en-us/OP_Prize_SE9_EN_32-2x.png
9,33,JTG,98,Ns Zoroark-ex,N’s Zoroark ex,https://d1wx537rtdixyy.cloudfront.net/expansions/series9/de-de/OP_Prize_SE9_DE_33-2x.png,https://d1wx537rtdixyy.cloudfront.net/expansions/series9/en-us/OP_Prize_SE9_EN_33-2x.png
9,34,JTG,97,Ns Zorua,N’s Zorua,https://d1wx537rtdixyy.cloudfront.net/expansions/series9/de-de/OP_Prize_SE9_DE_34-2x.png,https://d1wx537rtdixyy.cloudfront.net/expansions/series9/en-us/OP_Prize_SE9_EN_34-2x.png
9,35,PFL,18,Choreogel-ex,Oricorio ex,https://d1wx537rtdixyy.cloudfront.net/expansions/series9/de-de/OP_Prize_SE9_DE_35-2x.png,https://d1wx537rtdixyy.cloudfront.net/expansions/series9/en-us/OP_Prize_SE9_EN_35-2x.png
9,36,ASC,39,Enton,Psyduck,https://d1wx537rtdixyy.cloudfront.net/expansions/series9/de-de/OP_Prize_SE9_DE_36-2x.png,https://d1wx537rtdixyy.cloudfront.net/expansions/series9/en-us/OP_Prize_SE9_EN_36-2x.png
9,37,MEG,58,Trasla,Ralts,https://d1wx537rtdixyy.cloudfront.net/expansions/series9/de-de/OP_Prize_SE9_DE_37-2x.png,https://d1wx537rtdixyy.cloudfront.net/expansions/series9/en-us/OP_Prize_SE9_EN_37-2x.png
9,38,PFL,17,Reshiram,Reshiram,https://d1wx537rtdixyy.cloudfront.net/expansions/series9/de-de/OP_Prize_SE9_DE_38-2x.png,https://d1wx537rtdixyy.cloudfront.net/expansions/series9/en-us/OP_Prize_SE9_EN_38-2x.png
9,39,WHT,20,Reshiram-ex,Reshiram ex,https://d1wx537rtdixyy.cloudfront.net/expansions/series9/de-de/OP_Prize_SE9_DE_39-2x.png,https://d1wx537rtdixyy.cloudfront.net/expansions/series9/en-us/OP_Prize_SE9_EN_39-2x.png
9,40,MEG,76,Riolu,Riolu,https://d1wx537rtdixyy.cloudfront.net/expansions/series9/de-de/OP_Prize_SE9_DE_40-2x.png,https://d1wx537rtdixyy.cloudfront.net/expansions/series9/en-us/OP_Prize_SE9_EN_40-2x.png
9,41,PFL,68,Riffex,Toxtricity,https://d1wx537rtdixyy.cloudfront.net/expansions/series9/de-de/OP_Prize_SE9_DE_41-2x.png,https://d1wx537rtdixyy.cloudfront.net/expansions/series9/en-us/OP_Prize_SE9_EN_41-2x.png
9,42,BLK,30,Zapplardin,Tynamo,https://d1wx537rtdixyy.cloudfront.net/expansions/series9/de-de/OP_Prize_SE9_DE_42-2x.png,https://d1wx537rtdixyy.cloudfront.net/expansions/series9/en-us/OP_Prize_SE9_EN_42-2x.png
9,43,POR,53,Yveltal-ex,Yveltal ex,https://d1wx537rtdixyy.cloudfront.net/expansions/series9/de-de/OP_Prize_SE9_DE_43-2x.png,https://d1wx537rtdixyy.cloudfront.net/expansions/series9/en-us/OP_Prize_SE9_EN_43-2x.png
9,44,BLK,34,Zekrom-ex,Zekrom ex,https://d1wx537rtdixyy.cloudfront.net/expansions/series9/de-de/OP_Prize_SE9_DE_44-2x.png,https://d1wx537rtdixyy.cloudfront.net/expansions/series9/en-us/OP_Prize_SE9_EN_44-2x.png
9,45,DRI,78,Zeraora,Zeraora,https://d1wx537rtdixyy.cloudfront.net/expansions/series9/de-de/OP_Prize_SE9_DE_45-2x.png,https://d1wx537rtdixyy.cloudfront.net/expansions/series9/en-us/OP_Prize_SE9_EN_45-2x.png
9,46,MEG,113,Lolas Schabernack,Acerola’s Mischief,https://d1wx537rtdixyy.cloudfront.net/expansions/series9/de-de/OP_Prize_SE9_DE_46-2x.png,https://d1wx537rtdixyy.cloudfront.net/expansions/series9/en-us/OP_Prize_SE9_EN_46-2x.png
9,47,PLF,85,Kampfkäfig,Battle Cage,https://d1wx537rtdixyy.cloudfront.net/expansions/series9/de-de/OP_Prize_SE9_DE_47-2x.png,https://d1wx537rtdixyy.cloudfront.net/expansions/series9/en-us/OP_Prize_SE9_EN_47-2x.png
9,48,PFL,86,Schweißbrenner,Blowtorch,https://d1wx537rtdixyy.cloudfront.net/expansions/series9/de-de/OP_Prize_SE9_DE_48-2x.png,https://d1wx537rtdixyy.cloudfront.net/expansions/series9/en-us/OP_Prize_SE9_EN_48-2x.png
9,49,ASC,183,Befehl vom Boss (Ravan),Boss’s Orders,https://d1wx537rtdixyy.cloudfront.net/expansions/series9/de-de/OP_Prize_SE9_DE_49-2x.png,https://d1wx537rtdixyy.cloudfront.net/expansions/series9/en-us/OP_Prize_SE9_EN_49-2x.png
9,50,WHT,80,Reif der Tapferkeit,Brave Bangle,https://d1wx537rtdixyy.cloudfront.net/expansions/series9/de-de/OP_Prize_SE9_DE_50-2x.png,https://d1wx537rtdixyy.cloudfront.net/expansions/series9/en-us/OP_Prize_SE9_EN_50-2x.png
9,51,JTG,146,Rockos Erkundung,Brock’s Scouting,https://d1wx537rtdixyy.cloudfront.net/expansions/series9/de-de/OP_Prize_SE9_DE_51-2x.png,https://d1wx537rtdixyy.cloudfront.net/expansions/series9/en-us/OP_Prize_SE9_EN_51-2x.png
9,52,ASC,185,Canary,Canari,https://d1wx537rtdixyy.cloudfront.net/expansions/series9/de-de/OP_Prize_SE9_DE_52-2x.png,https://d1wx537rtdixyy.cloudfront.net/expansions/series9/en-us/OP_Prize_SE9_EN_52-2x.png
9,53,POR,70,Datenkern,Core Memory,https://d1wx537rtdixyy.cloudfront.net/expansions/series9/de-de/OP_Prize_SE9_DE_53-2x.png,https://d1wx537rtdixyy.cloudfront.net/expansions/series9/en-us/OP_Prize_SE9_EN_53-2x.png
9,54,PLF,87,Lucia,Dawn,https://d1wx537rtdixyy.cloudfront.net/expansions/series9/de-de/OP_Prize_SE9_DE_54-2x.png,https://d1wx537rtdixyy.cloudfront.net/expansions/series9/en-us/OP_Prize_SE9_EN_54-2x.png
9,55,DRI,165,Klarins Abenteuer,Ethan’s Adventure,https://d1wx537rtdixyy.cloudfront.net/expansions/series9/de-de/OP_Prize_SE9_DE_55-2x.png,https://d1wx537rtdixyy.cloudfront.net/expansions/series9/en-us/OP_Prize_SE9_EN_55-2x.png
9,56,PFL,89,Feuerspucker,Firebreather,https://d1wx537rtdixyy.cloudfront.net/expansions/series9/de-de/OP_Prize_SE9_DE_56-2x.png,https://d1wx537rtdixyy.cloudfront.net/expansions/series9/en-us/OP_Prize_SE9_EN_56-2x.png
9,57,PFL,90,Astors Zug,Grimsley’s Move,https://d1wx537rtdixyy.cloudfront.net/expansions/series9/de-de/OP_Prize_SE9_DE_57-2x.png,https://d1wx537rtdixyy.cloudfront.net/expansions/series9/en-us/OP_Prize_SE9_EN_57-2x.png
9,58,WHT,84,Lotta,Hilda,https://d1wx537rtdixyy.cloudfront.net/expansions/series9/de-de/OP_Prize_SE9_DE_58-2x.png,https://d1wx537rtdixyy.cloudfront.net/expansions/series9/en-us/OP_Prize_SE9_EN_58-2x.png
9,59,MEG,119,Lillys Entschlossenheit,Lillie’s Determination,https://d1wx537rtdixyy.cloudfront.net/expansions/series9/de-de/OP_Prize_SE9_DE_59-2x.png,https://d1wx537rtdixyy.cloudfront.net/expansions/series9/en-us/OP_Prize_SE9_EN_59-2x.png
9,60,JTG,150,Fermanca City,Levincia,https://d1wx537rtdixyy.cloudfront.net/expansions/series9/de-de/OP_Prize_SE9_DE_60-2x.png,https://d1wx537rtdixyy.cloudfront.net/expansions/series9/en-us/OP_Prize_SE9_EN_60-2x.png
9,61,MEG,122,Geheimnisvoller Garten,Mystery Garden,https://d1wx537rtdixyy.cloudfront.net/expansions/series9/de-de/OP_Prize_SE9_DE_61-2x.png,https://d1wx537rtdixyy.cloudfront.net/expansions/series9/en-us/OP_Prize_SE9_EN_61-2x.png
9,62,POR,81,Poképad,Poké Pad,https://d1wx537rtdixyy.cloudfront.net/expansions/series9/de-de/OP_Prize_SE9_DE_62-2x.png,https://d1wx537rtdixyy.cloudfront.net/expansions/series9/en-us/OP_Prize_SE9_EN_62-2x.png
9,63,MEG,124,Premium Power Pro,Premium Power Pro,https://d1wx537rtdixyy.cloudfront.net/expansions/series9/de-de/OP_Prize_SE9_DE_63-2x.png,https://d1wx537rtdixyy.cloudfront.net/expansions/series9/en-us/OP_Prize_SE9_EN_63-2x.png
9,64,PFL,92,Punk-Helm,Punk Helmet,https://d1wx537rtdixyy.cloudfront.net/expansions/series9/de-de/OP_Prize_SE9_DE_64-2x.png,https://d1wx537rtdixyy.cloudfront.net/expansions/series9/en-us/OP_Prize_SE9_EN_64-2x.png
9,65,POR,84,Rosys Ermutigung,Rosa’s Encouragement,https://d1wx537rtdixyy.cloudfront.net/expansions/series9/de-de/OP_Prize_SE9_DE_65-2x.png,https://d1wx537rtdixyy.cloudfront.net/expansions/series9/en-us/OP_Prize_SE9_EN_65-2x.png
9,66,WHT,85,Ausrüstungsentsorger,Tool Scrapper,https://d1wx537rtdixyy.cloudfront.net/expansions/series9/de-de/OP_Prize_SE9_DE_66-2x.png,https://d1wx537rtdixyy.cloudfront.net/expansions/series9/en-us/OP_Prize_SE9_EN_66-2x.png
9,67,MEG,131,Hyperball,Ultra Ball,https://d1wx537rtdixyy.cloudfront.net/expansions/series9/de-de/OP_Prize_SE9_DE_67-2x.png,https://d1wx537rtdixyy.cloudfront.net/expansions/series9/en-us/OP_Prize_SE9_EN_67-2x.png
9,68,PFL,94,Wunderpflaster,Wondrous Patch,https://d1wx537rtdixyy.cloudfront.net/expansions/series9/de-de/OP_Prize_SE9_DE_68-2x.png,https://d1wx537rtdixyy.cloudfront.net/expansions/series9/en-us/OP_Prize_SE9_EN_68-2x.png
9,69,POR,86,Wachsende Pflanzen-Energie,Growing Grass Energy,https://d1wx537rtdixyy.cloudfront.net/expansions/series9/de-de/OP_Prize_SE9_DE_69-2x.png,https://d1wx537rtdixyy.cloudfront.net/expansions/series9/en-us/OP_Prize_SE9_EN_69-2x.png
9,70,WHT,86,Zünd-Energie,Ignition Energy,https://d1wx537rtdixyy.cloudfront.net/expansions/series9/de-de/OP_Prize_SE9_DE_70-2x.png,https://d1wx537rtdixyy.cloudfront.net/expansions/series9/en-us/OP_Prize_SE9_EN_70-2x.png
9,71,POR,87,Steinharte Kampf-Energie,Rocky Fighting Energy,https://d1wx537rtdixyy.cloudfront.net/expansions/series9/de-de/OP_Prize_SE9_DE_71-2x.png,https://d1wx537rtdixyy.cloudfront.net/expansions/series9/en-us/OP_Prize_SE9_EN_71-2x.png
9,72,POR,88,Telepathische Psycho-Energie,Telepathic Psychic Energy,https://d1wx537rtdixyy.cloudfront.net/expansions/series9/de-de/OP_Prize_SE9_DE_72-2x.png,https://d1wx537rtdixyy.cloudfront.net/expansions/series9/en-us/OP_Prize_SE9_EN_72-2x.png
9,73,MEE,1,Basis-Pflanzen-Energie,Basic Grass Energy,https://d1wx537rtdixyy.cloudfront.net/expansions/series9/de-de/OP_Prize_SE9_DE_73-2x.png,https://d1wx537rtdixyy.cloudfront.net/expansions/series9/en-us/OP_Prize_SE9_EN_73-2x.png
9,74,MEE,2,Basis-Feuer-Energie,Basic Fire Energy,https://d1wx537rtdixyy.cloudfront.net/expansions/series9/de-de/OP_Prize_SE9_DE_74-2x.png,https://d1wx537rtdixyy.cloudfront.net/expansions/series9/en-us/OP_Prize_SE9_EN_74-2x.png
9,75,MEE,3,Basis-Wasser-Energie,Basic Water Energy,https://d1wx537rtdixyy.cloudfront.net/expansions/series9/de-de/OP_Prize_SE9_DE_75-2x.png,https://d1wx537rtdixyy.cloudfront.net/expansions/series9/en-us/OP_Prize_SE9_EN_75-2x.png
9,76,MEE,4,Basis-Elektro-Energie,Basic Lightning Energy,https://d1wx537rtdixyy.cloudfront.net/expansions/series9/de-de/OP_Prize_SE9_DE_76-2x.png,https://d1wx537rtdixyy.cloudfront.net/expansions/series9/en-us/OP_Prize_SE9_EN_76-2x.png
9,77,MEE,5,Basis-Psycho-Energie,Basic Psychic Energy,https://d1wx537rtdixyy.cloudfront.net/expansions/series9/de-de/OP_Prize_SE9_DE_77-2x.png,https://d1wx537rtdixyy.cloudfront.net/expansions/series9/en-us/OP_Prize_SE9_EN_77-2x.png
9,78,MEE,6,Basis-Kampf-Energie,Basic Fighting Energy,https://d1wx537rtdixyy.cloudfront.net/expansions/series9/de-de/OP_Prize_SE9_DE_78-2x.png,https://d1wx537rtdixyy.cloudfront.net/expansions/series9/en-us/OP_Prize_SE9_EN_78-2x.png
9,79,MEE,7,Basis-Finsternis-Energie,Basic Darkness Energy,https://d1wx537rtdixyy.cloudfront.net/expansions/series9/de-de/OP_Prize_SE9_DE_79-2x.png,https://d1wx537rtdixyy.cloudfront.net/expansions/series9/en-us/OP_Prize_SE9_EN_79-2x.png
9,80,MEE,8,Basis-Metall-Energie,Basic Metal Energy,https://d1wx537rtdixyy.cloudfront.net/expansions/series9/de-de/OP_Prize_SE9_DE_80-2x.png,https://d1wx537rtdixyy.cloudfront.net/expansions/series9/en-us/OP_Prize_SE9_EN_80-2x.png
